nohup: ignoring input
5378741781.822159
100000.0
-13.815510557964274
/home/ggs24/pyvenvs/spline_ipp/lib/python3.10/site-packages/pyoptsparse/pyOpt_MPI.py:68: UserWarning: mpi4py could not be imported. mpi4py is required to use the parallel gradient analysis and parallel objective analysis for non-gradient based optimizers. Continuing using a dummy MPI module from pyOptSparse.
  warnings.warn(warn)
Directory already exists
initialHeading [-0.54311374]
initialHeading [0.95672776]
initialHeading [1.7103101]
initialHeading [0.64709579]
initialHeading [-2.99188958]
initialHeading [-2.03067989]
initialHeading [-1.32850019]
initialHeading [2.92516105]
initialHeading [0.]
adding measurement: 0 from agent 0
measurement: 0
truth group lists [[], [], [], [], [0], [], [], [], [], [], [], [], []]
ransac prediction []
covariance []
group lists []
outliers [0]

adding measurement: 1 from agent 0
measurement: 1
truth group lists [[], [], [], [], [0, 1], [], [], [], [], [], [], [], []]
ransac prediction []
covariance []
group lists []
outliers [0 1]

adding measurement: 2 from agent 0
measurement: 2
truth group lists [[], [], [], [], [0, 1, 2], [], [], [], [], [], [], [], []]
ransac prediction []
covariance []
group lists []
outliers [0 1 2]

adding measurement: 3 from agent 0
measurement: 3
truth group lists [[], [], [], [], [0, 1, 2, 3], [], [], [], [], [], [], [], []]
ransac prediction []
covariance []
group lists []
outliers [0 1 2 3]

adding measurement: 4 from agent 0
measurement: 4
truth group lists [[], [], [], [], [0, 1, 2, 3, 4], [], [], [], [], [], [], [], []]
ransac prediction []
covariance []
group lists []
outliers [0 1 2 3 4]

adding measurement: 5 from agent 0
measurement: 5
truth group lists [[], [], [], [], [0, 1, 2, 3, 4, 5], [], [], [], [], [], [], [], []]
ransac prediction []
covariance []
group lists []
outliers [0 1 2 3 4 5]

adding measurement: 6 from agent 0
measurement: 6
truth group lists [[], [], [], [], [0, 1, 2, 3, 4, 5, 6], [], [], [], [], [], [], [], []]
ransac prediction []
covariance []
group lists []
outliers [0 1 2 3 4 5 6]

adding measurement: 7 from agent 0
measurement: 7
truth group lists [[], [], [], [], [0, 1, 2, 3, 4, 5, 6, 7], [], [], [], [], [], [], [], []]
ransac prediction []
covariance []
group lists []
outliers [0 1 2 3 4 5 6 7]

adding measurement: 8 from agent 0
measurement: 8
truth group lists [[], [], [], [], [0, 1, 2, 3, 4, 5, 6, 7, 8], [], [], [], [], [], [], [], []]
ransac prediction [array([ 5274.16756261,  3249.20528391, 82874.74918166])]
covariance [array([[2.26365954e+06, 1.10591964e+06, 9.78280106e+07],
       [1.10591964e+06, 5.48152596e+05, 4.79231072e+07],
       [9.78280106e+07, 4.79231072e+07, 6.99033202e+15]])]
group lists [array([0, 1, 2, 3, 4, 5, 6, 7, 8])]
outliers []

agentOrder [0]
agentOrder [0]
initialWaypoints [8697.2939528  2598.28865862]

List of user-set options:

                                    Name   Value                used
                        file_print_level = 5                     yes
                   hessian_approximation = limited-memory        yes
                                  hsllib = /home/ggs24/packages/ThirdParty-HSL/.libs/libcoinhsl.so  yes
                           linear_solver = ma97                  yes
                                max_iter = 200                   yes
                             output_file = IPOPT.out             yes
                             print_level = 5                     yes
                      print_user_options = yes                   yes
                                      sb = yes                   yes
                                     tol = 1e-05                 yes
This is Ipopt version 3.14.7, running with linear solver ma97.

Number of nonzeros in equality constraint Jacobian...:        0
Number of nonzeros in inequality constraint Jacobian.:        2
Number of nonzeros in Lagrangian Hessian.............:        0

Total number of variables............................:        2
                     variables with only lower bounds:        0
                variables with lower and upper bounds:        2
                     variables with only upper bounds:        0
Total number of equality constraints.................:        0
Total number of inequality constraints...............:        1
        inequality constraints with only lower bounds:        0
   inequality constraints with lower and upper bounds:        1
        inequality constraints with only upper bounds:        0

iter    objective    inf_pr   inf_du lg(mu)  ||d||  lg(rg) alpha_du alpha_pr  ls
   0  1.0000000e+00 1.47e+02 5.18e-04   0.0 0.00e+00    -  0.00e+00 0.00e+00   0
   1  9.9766236e-01 1.45e+02 5.01e+00   2.5 2.07e+02    -  1.00e+00 3.20e-01h  1
   2  8.5991782e-01 0.00e+00 8.39e-02   0.4 1.46e+02    -  9.89e-01 1.00e+00h  1
   3  7.9740775e-01 1.87e+00 1.69e-03  -5.3 1.96e+02    -  9.80e-01 1.00e+00f  1
   4  7.2468377e-01 9.77e+00 6.26e-04  -6.8 3.92e+02    -  5.87e-01 1.00e+00h  1
   5  1.0380264e-02 0.00e+00 3.44e-05  -1.5 3.96e+03    -  4.54e-01 1.00e+00f  1
   6  1.8569275e-03 0.00e+00 9.21e-06  -2.2 1.07e+03    -  9.99e-01 1.00e+00h  1
   7  9.5399400e-04 0.00e+00 5.43e-06  -4.0 1.03e+02    -  9.99e-01 1.00e+00h  1
   8  3.6176729e-04 0.00e+00 2.52e-06  -6.0 1.35e+02    -  1.00e+00 1.00e+00h  1

Number of Iterations....: 8

                                   (scaled)                 (unscaled)
Objective...............:   3.6176729159463747e-04    3.6176729159463747e-04
Dual infeasibility......:   2.5212596383372782e-06    2.5212596383372782e-06
Constraint violation....:   0.0000000000000000e+00    0.0000000000000000e+00
Variable bound violation:   0.0000000000000000e+00    0.0000000000000000e+00
Complementarity.........:   8.8595049774704237e-06    8.8595049774704237e-06
Overall NLP error.......:   8.8595049774704237e-06    8.8595049774704237e-06


Number of objective function evaluations             = 9
Number of objective gradient evaluations             = 9
Number of equality constraint evaluations            = 0
Number of inequality constraint evaluations          = 9
Number of equality constraint Jacobian evaluations   = 0
Number of inequality constraint Jacobian evaluations = 9
Number of Lagrangian Hessian evaluations             = 0
Total seconds in IPOPT                               = 0.717

EXIT: Optimal Solution Found.
OPTIMIZATION SUCCESSFUL
fStar [0.00036177]
new best [0.00036177]

List of user-set options:

                                    Name   Value                used
                        file_print_level = 5                     yes
                   hessian_approximation = limited-memory        yes
                                  hsllib = /home/ggs24/packages/ThirdParty-HSL/.libs/libcoinhsl.so  yes
                           linear_solver = ma97                  yes
                                max_iter = 200                   yes
                             output_file = IPOPT.out             yes
                             print_level = 5                     yes
                      print_user_options = yes                   yes
                                      sb = yes                   yes
                                     tol = 1e-05                 yes
This is Ipopt version 3.14.7, running with linear solver ma97.

Number of nonzeros in equality constraint Jacobian...:        0
Number of nonzeros in inequality constraint Jacobian.:        2
Number of nonzeros in Lagrangian Hessian.............:        0

Total number of variables............................:        2
                     variables with only lower bounds:        0
                variables with lower and upper bounds:        2
                     variables with only upper bounds:        0
Total number of equality constraints.................:        0
Total number of inequality constraints...............:        1
        inequality constraints with only lower bounds:        0
   inequality constraints with lower and upper bounds:        1
        inequality constraints with only upper bounds:        0

iter    objective    inf_pr   inf_du lg(mu)  ||d||  lg(rg) alpha_du alpha_pr  ls
   0  2.0910434e+01 7.92e+03 5.08e-03   0.0 0.00e+00    -  0.00e+00 0.00e+00   0
   1  2.0908237e+01 7.91e+03 5.27e+01  -2.1 7.86e+03    -  4.53e-01 8.44e-03h  1
   2  2.0791061e+01 7.86e+03 3.28e+03  -2.4 7.69e+03    -  4.23e-01 6.80e-03h  1
   3  1.1813364e+00 0.00e+00 3.76e+03   1.7 7.73e+03    -  9.24e-01 1.00e+00h  1
   4  1.1813354e+00 0.00e+00 3.76e+01  -3.4 9.58e-04    -  9.90e-01 1.00e+00h  1
   5  1.1812550e+00 0.00e+00 3.76e-01   0.5 4.50e-02    -  9.90e-01 1.00e+00f  1
   6  1.1729643e+00 0.00e+00 9.09e-03  -5.5 8.45e+00    -  9.88e-01 1.00e+00f  1
   7  8.7342382e-01 1.97e+01 8.43e-04  -7.5 5.07e+02    -  8.98e-01 1.00e+00f  1
   8  7.7243073e-01 5.94e+00 6.35e-04  -8.4 2.95e+02    -  1.05e-01 1.00e+00h  1
   9  5.4431813e-01 0.00e+00 4.14e-04  -8.4 2.91e+02    -  1.79e-03 1.00e+00h  1
iter    objective    inf_pr   inf_du lg(mu)  ||d||  lg(rg) alpha_du alpha_pr  ls
  10  1.7740930e-02 0.00e+00 6.30e-05  -4.5 1.63e+03    -  8.27e-01 1.00e+00h  1
  11  4.3183290e-03 0.00e+00 2.31e-05  -5.0 3.70e+02    -  1.00e+00 1.00e+00h  1
  12  2.3084337e-03 0.00e+00 1.43e-05  -6.8 1.17e+02    -  1.00e+00 1.00e+00h  1
  13  9.4154354e-04 0.00e+00 7.06e-06  -8.0 1.53e+02    -  1.00e+00 1.00e+00h  1

Number of Iterations....: 13

                                   (scaled)                 (unscaled)
Objective...............:   9.4154354209338633e-04    9.4154354209338633e-04
Dual infeasibility......:   7.0584769619838085e-06    7.0584769619838085e-06
Constraint violation....:   0.0000000000000000e+00    0.0000000000000000e+00
Variable bound violation:   0.0000000000000000e+00    0.0000000000000000e+00
Complementarity.........:   3.5149175039593905e-08    3.5149175039593905e-08
Overall NLP error.......:   7.0584769619838085e-06    7.0584769619838085e-06


Number of objective function evaluations             = 14
Number of objective gradient evaluations             = 14
Number of equality constraint evaluations            = 0
Number of inequality constraint evaluations          = 14
Number of equality constraint Jacobian evaluations   = 0
Number of inequality constraint Jacobian evaluations = 14
Number of Lagrangian Hessian evaluations             = 0
Total seconds in IPOPT                               = 0.852

EXIT: Optimal Solution Found.
OPTIMIZATION SUCCESSFUL
fStar [0.00094154]

List of user-set options:

                                    Name   Value                used
                        file_print_level = 5                     yes
                   hessian_approximation = limited-memory        yes
                                  hsllib = /home/ggs24/packages/ThirdParty-HSL/.libs/libcoinhsl.so  yes
                           linear_solver = ma97                  yes
                                max_iter = 200                   yes
                             output_file = IPOPT.out             yes
                             print_level = 5                     yes
                      print_user_options = yes                   yes
                                      sb = yes                   yes
                                     tol = 1e-05                 yes
This is Ipopt version 3.14.7, running with linear solver ma97.

Number of nonzeros in equality constraint Jacobian...:        0
Number of nonzeros in inequality constraint Jacobian.:        2
Number of nonzeros in Lagrangian Hessian.............:        0

Total number of variables............................:        2
                     variables with only lower bounds:        0
                variables with lower and upper bounds:        2
                     variables with only upper bounds:        0
Total number of equality constraints.................:        0
Total number of inequality constraints...............:        1
        inequality constraints with only lower bounds:        0
   inequality constraints with lower and upper bounds:        1
        inequality constraints with only upper bounds:        0

iter    objective    inf_pr   inf_du lg(mu)  ||d||  lg(rg) alpha_du alpha_pr  ls
   0  2.5091231e+01 9.44e+03 3.53e-03   0.0 0.00e+00    -  0.00e+00 0.00e+00   0
   1  2.5089308e+01 9.43e+03 5.69e+01  -2.1 9.36e+03    -  4.11e-01 7.09e-03h  1
   2  2.4978550e+01 9.38e+03 4.72e+03  -2.4 7.22e+03    -  5.09e-01 6.15e-03h  1
   3  1.1808437e+00 0.00e+00 4.46e+03   2.7 7.26e+03    -  9.01e-01 1.00e+00f  1
   4  1.1808433e+00 0.00e+00 4.46e+01  -3.0 5.26e-04    -  9.90e-01 1.00e+00h  1
   5  1.1806310e+00 0.00e+00 8.91e-01   0.9 1.58e-01    -  9.90e-01 1.00e+00f  1
   6  1.0397255e+00 5.22e+00 3.80e-02  -5.2 2.09e+02    -  9.57e-01 1.00e+00f  1
   7  9.0940245e-01 1.53e+01 1.03e-03  -2.4 3.38e+02    -  9.72e-01 1.00e+00h  1
   8  8.5290235e-01 7.42e+00 6.25e-04  -7.9 2.48e+02    -  3.67e-01 1.00e+00h  1
   9  1.9012059e-01 0.00e+00 3.29e-04  -2.3 1.56e+03    -  1.00e+00 1.00e+00f  1
iter    objective    inf_pr   inf_du lg(mu)  ||d||  lg(rg) alpha_du alpha_pr  ls
  10  1.3317161e-03 0.00e+00 1.43e-05  -8.3 1.96e+03    -  4.79e-01 1.00e+00h  1
  11  3.9454178e-04 0.00e+00 3.56e-06  -8.7 1.77e+02    -  9.56e-01 1.00e+00h  1
  12  3.4243126e-04 0.00e+00 3.14e-06 -10.1 1.91e+01    -  9.97e-01 1.00e+00h  1

Number of Iterations....: 12

                                   (scaled)                 (unscaled)
Objective...............:   3.4243126145406876e-04    3.4243126145406876e-04
Dual infeasibility......:   3.1428650792038127e-06    3.1428650792038127e-06
Constraint violation....:   0.0000000000000000e+00    0.0000000000000000e+00
Variable bound violation:   0.0000000000000000e+00    0.0000000000000000e+00
Complementarity.........:   1.2660922400586950e-06    1.2660922400586950e-06
Overall NLP error.......:   3.1428650792038127e-06    3.1428650792038127e-06


Number of objective function evaluations             = 13
Number of objective gradient evaluations             = 13
Number of equality constraint evaluations            = 0
Number of inequality constraint evaluations          = 13
Number of equality constraint Jacobian evaluations   = 0
Number of inequality constraint Jacobian evaluations = 13
Number of Lagrangian Hessian evaluations             = 0
Total seconds in IPOPT                               = 0.852

EXIT: Optimal Solution Found.
OPTIMIZATION SUCCESSFUL
fStar [0.00034243]
new best [0.00034243]

List of user-set options:

                                    Name   Value                used
                        file_print_level = 5                     yes
                   hessian_approximation = limited-memory        yes
                                  hsllib = /home/ggs24/packages/ThirdParty-HSL/.libs/libcoinhsl.so  yes
                           linear_solver = ma97                  yes
                                max_iter = 200                   yes
                             output_file = IPOPT.out             yes
                             print_level = 5                     yes
                      print_user_options = yes                   yes
                                      sb = yes                   yes
                                     tol = 1e-05                 yes
This is Ipopt version 3.14.7, running with linear solver ma97.

Number of nonzeros in equality constraint Jacobian...:        0
Number of nonzeros in inequality constraint Jacobian.:        2
Number of nonzeros in Lagrangian Hessian.............:        0

Total number of variables............................:        2
                     variables with only lower bounds:        0
                variables with lower and upper bounds:        2
                     variables with only upper bounds:        0
Total number of equality constraints.................:        0
Total number of inequality constraints...............:        1
        inequality constraints with only lower bounds:        0
   inequality constraints with lower and upper bounds:        1
        inequality constraints with only upper bounds:        0

iter    objective    inf_pr   inf_du lg(mu)  ||d||  lg(rg) alpha_du alpha_pr  ls
   0  3.8288472e+01 1.34e+04 1.97e-03   0.0 0.00e+00    -  0.00e+00 0.00e+00   0
   1  3.8288151e+01 1.34e+04 6.51e+01  -2.1 1.33e+04    -  3.29e-01 4.98e-03h  1
   2  3.4223115e+01 7.19e+03 7.19e+03   3.9 1.27e+04    -  1.00e+00 4.65e-01h  1
   3  6.2868215e+00 0.00e+00 6.78e+03   2.4 6.78e+03    -  5.13e-01 1.00e+00f  1
   4  6.2865368e+00 0.00e+00 5.12e+01  -2.5 1.59e-02    -  9.90e-01 1.00e+00h  1
   5  6.2497265e+00 0.00e+00 1.04e+00  -4.5 2.07e+00    -  9.90e-01 1.00e+00f  1
   6  3.3520564e+00 5.46e+00 1.40e-02  -2.4 2.56e+02    -  9.86e-01 1.00e+00f  1
   7  2.4424649e+00 2.22e+00 4.05e-03  -8.0 1.68e+02    -  8.15e-01 1.00e+00h  1
   8  1.7067925e+00 4.28e+00 2.12e-03  -8.7 2.46e+02    -  5.55e-02 1.00e+00h  1
   9  1.0980720e+00 0.00e+00 1.35e-03  -3.8 2.35e+02    -  6.67e-01 1.00e+00h  1
iter    objective    inf_pr   inf_du lg(mu)  ||d||  lg(rg) alpha_du alpha_pr  ls
  10  4.5001640e-01 0.00e+00 7.35e-04  -4.8 4.73e+02    -  1.00e+00 1.00e+00h  1
  11  1.0768630e-01 0.00e+00 2.85e-04  -4.4 6.38e+02    -  1.00e+00 1.00e+00h  1
  12  3.0118810e-02 0.00e+00 1.09e-04  -6.0 4.09e+02    -  1.00e+00 1.00e+00h  1
  13  1.0832564e-02 0.00e+00 4.77e-05  -6.7 2.57e+02    -  9.99e-01 1.00e+00h  1
  14  4.0718674e-03 0.00e+00 2.12e-05  -8.6 2.04e+02    -  1.00e+00 1.00e+00h  1
  15  1.5991703e-03 0.00e+00 9.60e-06  -9.6 1.65e+02    -  1.00e+00 1.00e+00h  1

Number of Iterations....: 15

                                   (scaled)                 (unscaled)
Objective...............:   1.5991702782101312e-03    1.5991702782101312e-03
Dual infeasibility......:   9.6013047712863805e-06    9.6013047712863805e-06
Constraint violation....:   0.0000000000000000e+00    0.0000000000000000e+00
Variable bound violation:   0.0000000000000000e+00    0.0000000000000000e+00
Complementarity.........:   8.1236500083633411e-10    8.1236500083633411e-10
Overall NLP error.......:   9.6013047712863805e-06    9.6013047712863805e-06


Number of objective function evaluations             = 16
Number of objective gradient evaluations             = 16
Number of equality constraint evaluations            = 0
Number of inequality constraint evaluations          = 16
Number of equality constraint Jacobian evaluations   = 0
Number of inequality constraint Jacobian evaluations = 16
Number of Lagrangian Hessian evaluations             = 0
Total seconds in IPOPT                               = 0.942

EXIT: Optimal Solution Found.
OPTIMIZATION SUCCESSFUL
fStar [0.00159917]

List of user-set options:

                                    Name   Value                used
                        file_print_level = 5                     yes
                   hessian_approximation = limited-memory        yes
                                  hsllib = /home/ggs24/packages/ThirdParty-HSL/.libs/libcoinhsl.so  yes
                           linear_solver = ma97                  yes
                                max_iter = 200                   yes
                             output_file = IPOPT.out             yes
                             print_level = 5                     yes
                      print_user_options = yes                   yes
                                      sb = yes                   yes
                                     tol = 1e-05                 yes
This is Ipopt version 3.14.7, running with linear solver ma97.

Number of nonzeros in equality constraint Jacobian...:        0
Number of nonzeros in inequality constraint Jacobian.:        2
Number of nonzeros in Lagrangian Hessian.............:        0

Total number of variables............................:        2
                     variables with only lower bounds:        0
                variables with lower and upper bounds:        2
                     variables with only upper bounds:        0
Total number of equality constraints.................:        0
Total number of inequality constraints...............:        1
        inequality constraints with only lower bounds:        0
   inequality constraints with lower and upper bounds:        1
        inequality constraints with only upper bounds:        0

iter    objective    inf_pr   inf_du lg(mu)  ||d||  lg(rg) alpha_du alpha_pr  ls
   0  8.4571936e+00 1.02e+04 4.38e-04   0.0 0.00e+00    -  0.00e+00 0.00e+00   0
   1  8.4561381e+00 1.02e+04 8.08e+01   3.3 1.00e+04    -  4.50e-01 6.60e-03h  1
   2  1.2832172e+00 4.21e+01 5.84e+01   3.0 1.02e+04    -  2.64e-01 1.00e+00f  1
   3  1.2608355e+00 0.00e+00 8.56e-01  -2.6 5.50e+01    -  9.86e-01 1.00e+00h  1
   4  1.2483653e+00 0.00e+00 2.41e-02  -4.4 5.20e+01    -  9.72e-01 1.00e+00h  1
   5  1.1924847e+00 6.34e+02 6.72e-04  -0.5 3.01e+03    -  9.72e-01 1.00e+00f  1
   6  8.0126758e-01 0.00e+00 4.56e-04  -6.5 5.48e+02    -  3.24e-01 1.00e+00h  1
   7  3.6011591e-01 0.00e+00 3.23e-04  -1.8 7.51e+03    -  6.79e-01 9.95e-01f  1
   8  8.7935980e-02 0.00e+00 1.93e-04  -1.7 2.94e+03    -  1.42e-01 1.00e+00h  1
   9  2.8354132e-03 0.00e+00 1.76e-05  -2.4 1.08e+03    -  9.90e-01 1.00e+00h  1
iter    objective    inf_pr   inf_du lg(mu)  ||d||  lg(rg) alpha_du alpha_pr  ls
  10  1.7603133e-03 0.00e+00 9.49e-06  -8.3 1.29e+02    -  9.47e-01 1.00e+00h  1
  11  5.4866426e-04 0.00e+00 3.65e-06  -5.1 1.97e+02    -  1.00e+00 1.00e+00h  1

Number of Iterations....: 11

                                   (scaled)                 (unscaled)
Objective...............:   5.4866426159057421e-04    5.4866426159057421e-04
Dual infeasibility......:   3.6468089456967004e-06    3.6468089456967004e-06
Constraint violation....:   0.0000000000000000e+00    0.0000000000000000e+00
Variable bound violation:   0.0000000000000000e+00    0.0000000000000000e+00
Complementarity.........:   9.8095587881853470e-06    9.8095587881853470e-06
Overall NLP error.......:   9.8095587881853470e-06    9.8095587881853470e-06


Number of objective function evaluations             = 12
Number of objective gradient evaluations             = 12
Number of equality constraint evaluations            = 0
Number of inequality constraint evaluations          = 12
Number of equality constraint Jacobian evaluations   = 0
Number of inequality constraint Jacobian evaluations = 12
Number of Lagrangian Hessian evaluations             = 0
Total seconds in IPOPT                               = 0.789

EXIT: Optimal Solution Found.
OPTIMIZATION SUCCESSFUL
fStar [0.00054866]

List of user-set options:

                                    Name   Value                used
                        file_print_level = 5                     yes
                   hessian_approximation = limited-memory        yes
                                  hsllib = /home/ggs24/packages/ThirdParty-HSL/.libs/libcoinhsl.so  yes
                           linear_solver = ma97                  yes
                                max_iter = 200                   yes
                             output_file = IPOPT.out             yes
                             print_level = 5                     yes
                      print_user_options = yes                   yes
                                      sb = yes                   yes
                                     tol = 1e-05                 yes
This is Ipopt version 3.14.7, running with linear solver ma97.

Number of nonzeros in equality constraint Jacobian...:        0
Number of nonzeros in inequality constraint Jacobian.:        2
Number of nonzeros in Lagrangian Hessian.............:        0

Total number of variables............................:        2
                     variables with only lower bounds:        0
                variables with lower and upper bounds:        2
                     variables with only upper bounds:        0
Total number of equality constraints.................:        0
Total number of inequality constraints...............:        1
        inequality constraints with only lower bounds:        0
   inequality constraints with lower and upper bounds:        1
        inequality constraints with only upper bounds:        0

iter    objective    inf_pr   inf_du lg(mu)  ||d||  lg(rg) alpha_du alpha_pr  ls
   0  1.6594313e+01 1.06e+04 2.11e-03   0.0 0.00e+00    -  0.00e+00 0.00e+00   0
   1  1.6592379e+01 1.06e+04 8.08e+01   3.3 1.05e+04    -  4.36e-01 6.33e-03h  1
   2  1.6188075e+01 1.03e+04 3.59e+03   3.7 1.06e+04    -  3.58e-01 2.33e-02h  1
   3  7.0371379e-01 0.00e+00 5.17e+03   2.0 1.03e+04    -  1.00e+00 1.00e+00f  1
   4  7.0371378e-01 0.00e+00 5.17e+01  -3.3 1.02e-04    -  9.90e-01 1.00e+00h  1
   5  7.0371346e-01 0.00e+00 1.03e+00   0.6 2.60e-01    -  9.90e-01 1.00e+00f  1
   6  7.3181025e-01 2.27e+00 1.09e-02  -0.1 2.06e+02    -  9.89e-01 1.00e+00f  1
   7  6.9429889e-01 0.00e+00 6.92e-04  -0.8 2.08e+02    -  9.36e-01 1.00e+00f  1
   8  4.6486052e-02 0.00e+00 7.22e-05  -0.7 1.79e+03    -  5.91e-01 1.00e+00f  1
   9  7.5091265e-03 0.00e+00 3.57e-05  -2.9 3.25e+02    -  9.75e-01 1.00e+00h  1
iter    objective    inf_pr   inf_du lg(mu)  ||d||  lg(rg) alpha_du alpha_pr  ls
  10  3.4720830e-03 0.00e+00 2.06e-05  -4.2 1.57e+02    -  9.75e-01 1.00e+00h  1
  11  1.2715117e-03 0.00e+00 9.20e-06  -5.4 1.72e+02    -  1.00e+00 1.00e+00h  1
  12  5.2104671e-04 0.00e+00 4.43e-06  -6.7 1.29e+02    -  1.00e+00 1.00e+00h  1

Number of Iterations....: 12

                                   (scaled)                 (unscaled)
Objective...............:   5.2104671418964649e-04    5.2104671418964649e-04
Dual infeasibility......:   4.4303854975454945e-06    4.4303854975454945e-06
Constraint violation....:   0.0000000000000000e+00    0.0000000000000000e+00
Variable bound violation:   0.0000000000000000e+00    0.0000000000000000e+00
Complementarity.........:   7.9627225521828838e-07    7.9627225521828838e-07
Overall NLP error.......:   4.4303854975454945e-06    4.4303854975454945e-06


Number of objective function evaluations             = 13
Number of objective gradient evaluations             = 13
Number of equality constraint evaluations            = 0
Number of inequality constraint evaluations          = 13
Number of equality constraint Jacobian evaluations   = 0
Number of inequality constraint Jacobian evaluations = 13
Number of Lagrangian Hessian evaluations             = 0
Total seconds in IPOPT                               = 0.680

EXIT: Optimal Solution Found.
OPTIMIZATION SUCCESSFUL
fStar [0.00052105]

List of user-set options:

                                    Name   Value                used
                        file_print_level = 5                     yes
                   hessian_approximation = limited-memory        yes
                                  hsllib = /home/ggs24/packages/ThirdParty-HSL/.libs/libcoinhsl.so  yes
                           linear_solver = ma97                  yes
                                max_iter = 200                   yes
                             output_file = IPOPT.out             yes
                             print_level = 5                     yes
                      print_user_options = yes                   yes
                                      sb = yes                   yes
                                     tol = 1e-05                 yes
This is Ipopt version 3.14.7, running with linear solver ma97.

Number of nonzeros in equality constraint Jacobian...:        0
Number of nonzeros in inequality constraint Jacobian.:        2
Number of nonzeros in Lagrangian Hessian.............:        0

Total number of variables............................:        2
                     variables with only lower bounds:        0
                variables with lower and upper bounds:        2
                     variables with only upper bounds:        0
Total number of equality constraints.................:        0
Total number of inequality constraints...............:        1
        inequality constraints with only lower bounds:        0
   inequality constraints with lower and upper bounds:        1
        inequality constraints with only upper bounds:        0

iter    objective    inf_pr   inf_du lg(mu)  ||d||  lg(rg) alpha_du alpha_pr  ls
   0  1.1518255e+01 8.66e+03 1.62e-03   0.0 0.00e+00    -  0.00e+00 0.00e+00   0
   1  1.1516673e+01 8.66e+03 5.49e+01  -2.1 8.60e+03    -  4.31e-01 7.71e-03h  1
   2  1.1429077e+01 8.61e+03 4.34e+03  -2.4 7.03e+03    -  5.11e-01 6.47e-03h  1
   3  8.2156085e-01 0.00e+00 3.94e+03   2.6 7.07e+03    -  8.28e-01 1.00e+00f  1
   4  8.2156085e-01 0.00e+00 3.94e+01  -3.1 1.88e-05    -  9.90e-01 1.00e+00h  1
   5  8.2151213e-01 0.00e+00 3.94e-01   0.8 1.12e-01    -  9.90e-01 1.00e+00f  1
   6  8.2150616e-01 0.00e+00 8.42e-03  -5.2 2.06e-01    -  9.89e-01 1.00e+00h  1
   7  8.2103844e-01 3.15e+00 6.51e-04  -7.2 1.74e+02    -  9.23e-01 1.00e+00f  1
   8  8.1834448e-01 0.00e+00 5.72e-04  -8.3 1.37e+01    -  1.20e-01 1.00e+00h  1
   9  6.6064405e-02 0.00e+00 9.31e-04  -2.7 3.68e+03    -  1.00e+00 1.00e+00f  1
iter    objective    inf_pr   inf_du lg(mu)  ||d||  lg(rg) alpha_du alpha_pr  ls
  10  7.5439021e-03 0.00e+00 4.08e-05  -0.6 9.59e+03    -  1.00e+00 4.66e-02h  4
  11  2.4652731e-03 0.00e+00 3.75e-05  -6.6 5.28e+02    -  8.74e-01 1.00e+00h  1
  12  1.1138081e-03 0.00e+00 6.51e-06  -7.5 1.16e+02    -  9.42e-01 1.00e+00h  1
  13  4.1343217e-04 0.00e+00 3.59e-06  -4.4 1.24e+02    -  1.00e+00 1.00e+00h  1
  14  1.6711341e-04 0.00e+00 1.69e-06  -6.5 9.71e+01    -  1.00e+00 1.00e+00h  1

Number of Iterations....: 14

                                   (scaled)                 (unscaled)
Objective...............:   1.6711341422653175e-04    1.6711341422653175e-04
Dual infeasibility......:   1.6937098993493841e-06    1.6937098993493841e-06
Constraint violation....:   0.0000000000000000e+00    0.0000000000000000e+00
Variable bound violation:   0.0000000000000000e+00    0.0000000000000000e+00
Complementarity.........:   1.8221736978235152e-06    1.8221736978235152e-06
Overall NLP error.......:   1.8221736978235152e-06    1.8221736978235152e-06


Number of objective function evaluations             = 20
Number of objective gradient evaluations             = 15
Number of equality constraint evaluations            = 0
Number of inequality constraint evaluations          = 20
Number of equality constraint Jacobian evaluations   = 0
Number of inequality constraint Jacobian evaluations = 15
Number of Lagrangian Hessian evaluations             = 0
Total seconds in IPOPT                               = 0.702

EXIT: Optimal Solution Found.
OPTIMIZATION SUCCESSFUL
fStar [0.00016711]
new best [0.00016711]

List of user-set options:

                                    Name   Value                used
                        file_print_level = 5                     yes
                   hessian_approximation = limited-memory        yes
                                  hsllib = /home/ggs24/packages/ThirdParty-HSL/.libs/libcoinhsl.so  yes
                           linear_solver = ma97                  yes
                                max_iter = 200                   yes
                             output_file = IPOPT.out             yes
                             print_level = 5                     yes
                      print_user_options = yes                   yes
                                      sb = yes                   yes
                                     tol = 1e-05                 yes
This is Ipopt version 3.14.7, running with linear solver ma97.

Number of nonzeros in equality constraint Jacobian...:        0
Number of nonzeros in inequality constraint Jacobian.:        2
Number of nonzeros in Lagrangian Hessian.............:        0

Total number of variables............................:        2
                     variables with only lower bounds:        0
                variables with lower and upper bounds:        2
                     variables with only upper bounds:        0
Total number of equality constraints.................:        0
Total number of inequality constraints...............:        1
        inequality constraints with only lower bounds:        0
   inequality constraints with lower and upper bounds:        1
        inequality constraints with only upper bounds:        0

iter    objective    inf_pr   inf_du lg(mu)  ||d||  lg(rg) alpha_du alpha_pr  ls
   0  1.6751768e+01 1.22e+04 1.63e-03   0.0 0.00e+00    -  0.00e+00 0.00e+00   0
   1  1.6750329e+01 1.22e+04 6.29e+01  -2.1 1.21e+04    -  3.51e-01 5.50e-03h  1
   2  1.6659134e+01 1.21e+04 3.72e+03  -2.3 9.94e+03    -  3.10e-01 5.25e-03h  1
   3  8.2254336e-01 0.00e+00 9.99e+03   2.2 9.99e+03    -  5.93e-01 1.00e+00f  1
   4  8.2254335e-01 0.00e+00 4.36e+01  -3.0 2.01e-05    -  9.90e-01 1.00e+00h  1
   5  8.2249057e-01 0.00e+00 4.36e-01   0.9 1.27e-01    -  9.90e-01 1.00e+00f  1
   6  8.2248283e-01 0.00e+00 9.26e-03  -5.2 2.31e-01    -  9.89e-01 1.00e+00h  1
   7  8.2192554e-01 4.67e+00 6.59e-04  -7.1 2.09e+02    -  9.29e-01 1.00e+00f  1
   8  8.1868280e-01 0.00e+00 5.72e-04  -8.3 2.00e+01    -  1.31e-01 1.00e+00h  1
   9  1.4400770e-02 0.00e+00 6.95e-05  -2.6 3.95e+03    -  1.00e+00 1.00e+00f  1
iter    objective    inf_pr   inf_du lg(mu)  ||d||  lg(rg) alpha_du alpha_pr  ls
  10  4.5894492e-03 0.00e+00 2.43e-05  -3.3 7.20e+02    -  9.72e-01 1.00e+00h  1
  11  2.0591125e-03 0.00e+00 1.25e-05  -9.2 1.41e+02    -  9.54e-01 1.00e+00h  1
  12  7.6488011e-04 0.00e+00 5.64e-06  -6.5 1.51e+02    -  9.97e-01 1.00e+00h  1

Number of Iterations....: 12

                                   (scaled)                 (unscaled)
Objective...............:   7.6488011338503130e-04    7.6488011338503130e-04
Dual infeasibility......:   5.6443250469082852e-06    5.6443250469082852e-06
Constraint violation....:   0.0000000000000000e+00    0.0000000000000000e+00
Variable bound violation:   0.0000000000000000e+00    0.0000000000000000e+00
Complementarity.........:   1.2179969152345542e-06    1.2179969152345542e-06
Overall NLP error.......:   5.6443250469082852e-06    5.6443250469082852e-06


Number of objective function evaluations             = 13
Number of objective gradient evaluations             = 13
Number of equality constraint evaluations            = 0
Number of inequality constraint evaluations          = 13
Number of equality constraint Jacobian evaluations   = 0
Number of inequality constraint Jacobian evaluations = 13
Number of Lagrangian Hessian evaluations             = 0
Total seconds in IPOPT                               = 0.598

EXIT: Optimal Solution Found.
OPTIMIZATION SUCCESSFUL
fStar [0.00076488]

List of user-set options:

                                    Name   Value                used
                        file_print_level = 5                     yes
                   hessian_approximation = limited-memory        yes
                                  hsllib = /home/ggs24/packages/ThirdParty-HSL/.libs/libcoinhsl.so  yes
                           linear_solver = ma97                  yes
                                max_iter = 200                   yes
                             output_file = IPOPT.out             yes
                             print_level = 5                     yes
                      print_user_options = yes                   yes
                                      sb = yes                   yes
                                     tol = 1e-05                 yes
This is Ipopt version 3.14.7, running with linear solver ma97.

Number of nonzeros in equality constraint Jacobian...:        0
Number of nonzeros in inequality constraint Jacobian.:        2
Number of nonzeros in Lagrangian Hessian.............:        0

Total number of variables............................:        2
                     variables with only lower bounds:        0
                variables with lower and upper bounds:        2
                     variables with only upper bounds:        0
Total number of equality constraints.................:        0
Total number of inequality constraints...............:        1
        inequality constraints with only lower bounds:        0
   inequality constraints with lower and upper bounds:        1
        inequality constraints with only upper bounds:        0

iter    objective    inf_pr   inf_du lg(mu)  ||d||  lg(rg) alpha_du alpha_pr  ls
   0  1.0390041e+01 1.23e+04 4.49e-04   0.0 0.00e+00    -  0.00e+00 0.00e+00   0
   1  1.0389099e+01 1.23e+04 6.82e+01   2.8 1.22e+04    -  3.60e-01 5.44e-03h  1
   2  1.3850134e+00 9.52e+02 5.55e+01   3.5 1.24e+04    -  1.22e-01 1.00e+00f  1
   3  8.0399010e-01 0.00e+00 1.47e+00   1.5 1.00e+03    -  9.76e-01 1.00e+00h  1
   4  8.0113162e-01 0.00e+00 1.62e-02  -3.7 5.50e+00    -  9.90e-01 1.00e+00h  1
   5  8.0019450e-01 0.00e+00 6.79e-04  -5.6 2.10e+00    -  9.58e-01 1.00e+00h  1
   6  7.0020814e-01 0.00e+00 5.33e-04  -7.0 2.58e+02    -  2.27e-01 1.00e+00f  1
   7  5.2267276e-01 0.00e+00 3.66e-04  -7.2 1.91e+04    -  1.82e-02 3.73e-01f  1
   8  2.4694580e-01 0.00e+00 2.04e-04  -2.5 3.51e+03    -  1.02e-01 1.00e+00h  1
   9  6.0784449e-07 0.00e+00 4.71e-06  -2.7 2.72e+03    -  9.53e-01 1.00e+00h  1
iter    objective    inf_pr   inf_du lg(mu)  ||d||  lg(rg) alpha_du alpha_pr  ls
  10  6.0863592e-07 0.00e+00 3.41e-07  -3.0 7.75e+02    -  1.00e+00 1.00e+00h  1
  11  6.0518936e-07 0.00e+00 1.20e-08  -9.1 1.40e+00    -  9.98e-01 1.00e+00h  1

Number of Iterations....: 11

                                   (scaled)                 (unscaled)
Objective...............:   6.0518935574078852e-07    6.0518935574078852e-07
Dual infeasibility......:   1.1976205529422864e-08    1.1976205529422864e-08
Constraint violation....:   0.0000000000000000e+00    0.0000000000000000e+00
Variable bound violation:   0.0000000000000000e+00    0.0000000000000000e+00
Complementarity.........:   3.1147748824355507e-06    3.1147748824355507e-06
Overall NLP error.......:   3.1147748824355507e-06    3.1147748824355507e-06


Number of objective function evaluations             = 12
Number of objective gradient evaluations             = 12
Number of equality constraint evaluations            = 0
Number of inequality constraint evaluations          = 12
Number of equality constraint Jacobian evaluations   = 0
Number of inequality constraint Jacobian evaluations = 12
Number of Lagrangian Hessian evaluations             = 0
Total seconds in IPOPT                               = 0.645

EXIT: Optimal Solution Found.
OPTIMIZATION SUCCESSFUL
fStar [6.05189356e-07]
new best [6.05189356e-07]

List of user-set options:

                                    Name   Value                used
                        file_print_level = 5                     yes
                   hessian_approximation = limited-memory        yes
                                  hsllib = /home/ggs24/packages/ThirdParty-HSL/.libs/libcoinhsl.so  yes
                           linear_solver = ma97                  yes
                                max_iter = 200                   yes
                             output_file = IPOPT.out             yes
                             print_level = 5                     yes
                      print_user_options = yes                   yes
                                      sb = yes                   yes
                                     tol = 1e-05                 yes
This is Ipopt version 3.14.7, running with linear solver ma97.

Number of nonzeros in equality constraint Jacobian...:        0
Number of nonzeros in inequality constraint Jacobian.:        2
Number of nonzeros in Lagrangian Hessian.............:        0

Total number of variables............................:        2
                     variables with only lower bounds:        0
                variables with lower and upper bounds:        2
                     variables with only upper bounds:        0
Total number of equality constraints.................:        0
Total number of inequality constraints...............:        1
        inequality constraints with only lower bounds:        0
   inequality constraints with lower and upper bounds:        1
        inequality constraints with only upper bounds:        0

iter    objective    inf_pr   inf_du lg(mu)  ||d||  lg(rg) alpha_du alpha_pr  ls
   0  2.2879800e+00 2.39e+03 3.34e-04   0.0 0.00e+00    -  0.00e+00 0.00e+00   0
   1  2.2866464e+00 2.39e+03 6.99e+01   3.4 2.38e+03    -  9.99e-01 2.78e-02h  1
   2  9.4035185e-01 1.43e+01 1.30e+01  -2.8 2.40e+03    -  8.19e-01 1.00e+00h  1
   3  9.3314523e-01 0.00e+00 1.46e-01  -3.5 1.62e+01    -  9.89e-01 1.00e+00h  1
   4  8.8931998e-01 1.28e+01 1.30e-02  -5.5 3.91e+02    -  9.11e-01 1.00e+00h  1
   5  9.1084903e-01 6.08e+01 7.77e-04  -1.7 1.47e+03    -  9.40e-01 1.00e+00H  1
   6  8.0264321e-01 0.00e+00 5.31e-04  -1.4 1.06e+03    -  2.99e-01 1.00e+00h  1
   7  4.0235793e-01 0.00e+00 2.33e-04  -7.4 9.27e+03    -  2.53e-02 8.02e-01h  1
   8  9.3869257e-02 0.00e+00 1.56e-04  -7.7 3.26e+03    -  6.79e-02 1.00e+00h  1
   9  8.3157398e-04 0.00e+00 4.70e-06  -3.6 1.22e+03    -  9.53e-01 1.00e+00h  1
iter    objective    inf_pr   inf_du lg(mu)  ||d||  lg(rg) alpha_du alpha_pr  ls
  10  6.4859751e-04 0.00e+00 3.90e-06  -8.9 1.46e+02    -  9.58e-01 1.00e+00h  1
  11  1.8840953e-04 0.00e+00 1.43e-06  -6.2 1.63e+02    -  1.00e+00 1.00e+00h  1

Number of Iterations....: 11

                                   (scaled)                 (unscaled)
Objective...............:   1.8840952789059198e-04    1.8840952789059198e-04
Dual infeasibility......:   1.4252435995860119e-06    1.4252435995860119e-06
Constraint violation....:   0.0000000000000000e+00    0.0000000000000000e+00
Variable bound violation:   0.0000000000000000e+00    0.0000000000000000e+00
Complementarity.........:   1.7207952536577701e-06    1.7207952536577701e-06
Overall NLP error.......:   1.7207952536577701e-06    1.7207952536577701e-06


Number of objective function evaluations             = 13
Number of objective gradient evaluations             = 12
Number of equality constraint evaluations            = 0
Number of inequality constraint evaluations          = 13
Number of equality constraint Jacobian evaluations   = 0
Number of inequality constraint Jacobian evaluations = 12
Number of Lagrangian Hessian evaluations             = 0
Total seconds in IPOPT                               = 0.565

EXIT: Optimal Solution Found.
OPTIMIZATION SUCCESSFUL
fStar [0.00018841]
totalTime 7.4386210441589355
averageTime 0.7438621044158935
number of optimizations 10
adding measurement: 9 from agent 0
measurement: 9
truth group lists [[], [], [], [], [0, 1, 2, 3, 4, 5, 6, 7, 8, 9], [], [], [], [], [], [], [], []]
dist_from_measurement_to_model 3375.179933776867
measurement_mahalonobis_distance 0.055140519551430234
measurement_mahalonobis_distance_in_x_y 0.7766793973567004
ransac prediction [array([ 4752.90188424,  2971.29482722, 61149.99757517])]
covariance [array([[1.72959995e+06, 8.21188168e+05, 7.93283901e+07],
       [8.21188168e+05, 3.96349288e+05, 3.77736724e+07],
       [7.93283901e+07, 3.77736724e+07, 5.21120744e+15]])]
group lists [array([0, 1, 2, 3, 4, 5, 6, 7, 8, 9])]
outliers []

adding measurement: 10 from agent 0
measurement: 10
truth group lists [[], [], [], [], [0, 1, 2, 3, 4, 5, 6, 7, 8, 9, 10], [], [], [], [], [], [], [], []]
dist_from_measurement_to_model 2491.0313728141587
measurement_mahalonobis_distance 0.20579845278492098
measurement_mahalonobis_distance_in_x_y 2.4353270469606123
ransac prediction [array([  5543.21111765,   3396.08035783, 103055.7415794 ])]
covariance [array([[1.40336372e+06, 6.45838546e+05, 6.94542488e+07],
       [6.45838546e+05, 3.02100127e+05, 3.20504084e+07],
       [6.94542488e+07, 3.20504084e+07, 2.80506290e+15]])]
group lists [array([ 0,  1,  2,  3,  4,  5,  6,  7,  8,  9, 10])]
outliers []

adding measurement: 11 from agent 0
measurement: 11
truth group lists [[], [], [], [], [0, 1, 2, 3, 4, 5, 6, 7, 8, 9, 10, 11], [], [], [], [], [], [], [], []]
dist_from_measurement_to_model 3103.051680054503
measurement_mahalonobis_distance 0.3140952748115056
measurement_mahalonobis_distance_in_x_y 2.274590157567229
ransac prediction [array([  5703.81580461,   3433.74195959, 115340.5231863 ])]
covariance [array([[1.39092386e+06, 6.42921397e+05, 7.41799625e+07],
       [6.42921397e+05, 3.01416053e+05, 3.43708536e+07],
       [7.41799625e+07, 3.43708536e+07, 2.35372756e+15]])]
group lists [array([ 0,  1,  2,  3,  4,  5,  6,  7,  8,  9, 10, 11])]
outliers []

adding measurement: 12 from agent 0
measurement: 12
truth group lists [[], [], [], [], [0, 1, 2, 3, 4, 5, 6, 7, 8, 9, 10, 11, 12], [], [], [], [], [], [], [], []]
dist_from_measurement_to_model 2972.475041176206
measurement_mahalonobis_distance 0.04701909667812567
measurement_mahalonobis_distance_in_x_y 1.0049569728227978
ransac prediction [array([  5560.36108334,   3380.2889911 , 114909.21126425])]
covariance [array([[1.32878053e+06, 6.19766034e+05, 7.78377286e+07],
       [6.19766034e+05, 2.92788080e+05, 3.63864847e+07],
       [7.78377286e+07, 3.63864847e+07, 1.97611134e+15]])]
group lists [array([ 0,  1,  2,  3,  4,  5,  6,  7,  8,  9, 10, 11, 12])]
outliers []

adding measurement: 13 from agent 0
measurement: 13
truth group lists [[], [], [], [], [0, 1, 2, 3, 4, 5, 6, 7, 8, 9, 10, 11, 12, 13], [], [], [], [], [], [], [], []]
dist_from_measurement_to_model 2542.6872014160235
measurement_mahalonobis_distance 0.07921692999957007
measurement_mahalonobis_distance_in_x_y 0.8751193245382212
ransac prediction [array([ 5075.64685569,  3170.99089146, 94631.55330292])]
covariance [array([[1.00319152e+06, 4.79177703e+05, 6.85392169e+07],
       [4.79177703e+05, 2.32082473e+05, 3.28240908e+07],
       [6.85392169e+07, 3.28240908e+07, 1.52051014e+15]])]
group lists [array([ 0,  1,  2,  3,  4,  5,  6,  7,  8,  9, 10, 11, 12, 13])]
outliers []

adding measurement: 14 from agent 0
measurement: 14
truth group lists [[], [], [], [], [0, 1, 2, 3, 4, 5, 6, 7, 8, 9, 10, 11, 12, 13, 14], [], [], [], [], [], [], [], []]
dist_from_measurement_to_model 1736.5730297587415
measurement_mahalonobis_distance 0.05013587950972579
measurement_mahalonobis_distance_in_x_y 0.5051137716826332
ransac prediction [array([ 4541.04044977,  2924.7107961 , 56602.5223315 ])]
covariance [array([[3.00121230e+05, 1.55290412e+05, 2.89447768e+07],
       [1.55290412e+05, 8.28755160e+04, 1.50881600e+07],
       [2.89447768e+07, 1.50881600e+07, 7.38227463e+14]])]
group lists [array([ 0,  1,  2,  3,  4,  5,  6,  7,  8,  9, 10, 11, 12, 13, 14])]
outliers []

adding measurement: 15 from agent 0
measurement: 15
truth group lists [[], [], [], [], [0, 1, 2, 3, 4, 5, 6, 7, 8, 9, 10, 11, 12, 13, 14, 15], [], [], [], [], [], [], [], []]
dist_from_measurement_to_model 904.2954250586312
measurement_mahalonobis_distance 0.010261496859985586
measurement_mahalonobis_distance_in_x_y 0.18383383914278048
ransac prediction [array([ 4433.89464322,  2870.83985737, 38681.5085928 ])]
covariance [array([[2.09730816e+04, 1.49398550e+04, 3.03381492e+06],
       [1.49398550e+04, 1.23098362e+04, 2.30499280e+06],
       [3.03381492e+06, 2.30499280e+06, 9.23143272e+13]])]
group lists [array([ 0,  1,  2,  3,  4,  5,  6,  7,  8,  9, 10, 11, 12, 13, 14, 15])]
outliers []

adding measurement: 16 from agent 0
measurement: 16
truth group lists [[], [], [], [], [0, 1, 2, 3, 4, 5, 6, 7, 8, 9, 10, 11, 12, 13, 14, 15, 16], [], [], [], [], [], [], [], []]
dist_from_measurement_to_model 593.8301976053536
measurement_mahalonobis_distance 0.08616503433740445
measurement_mahalonobis_distance_in_x_y 0.8382364030861318
ransac prediction [array([ 4526.23013471,  2933.30093257, 49645.54840537])]
covariance [array([[2.01110705e+03, 2.11287718e+03, 3.45938354e+05],
       [2.11287718e+03, 3.63292551e+03, 5.28502735e+05],
       [3.45938354e+05, 5.28502735e+05, 1.61807921e+13]])]
group lists [array([ 0,  1,  2,  3,  4,  5,  6,  7,  8,  9, 10, 11, 12, 13, 14, 15, 16])]
outliers []

adding measurement: 17 from agent 0
measurement: 17
truth group lists [[], [], [], [], [0, 1, 2, 3, 4, 5, 6, 7, 8, 9, 10, 11, 12, 13, 14, 15, 16, 17], [], [], [], [], [], [], [], []]
dist_from_measurement_to_model 574.0894466364925
measurement_mahalonobis_distance 0.07236840478816087
measurement_mahalonobis_distance_in_x_y 1.0164619982662513
ransac prediction [array([ 4556.13606126,  2965.6806834 , 55358.68842523])]
covariance [array([[5.84362943e+02, 5.68112415e+02, 9.42587519e+04],
       [5.68112415e+02, 1.96037719e+03, 2.94364248e+05],
       [9.42587519e+04, 2.94364248e+05, 8.32284466e+12]])]
group lists [array([ 0,  1,  2,  3,  4,  5,  6,  7,  8,  9, 10, 11, 12, 13, 14, 15, 16,
       17])]
outliers []

adding measurement: 18 from agent 0
measurement: 18
truth group lists [[], [], [], [], [0, 1, 2, 3, 4, 5, 6, 7, 8, 9, 10, 11, 12, 13, 14, 15, 16, 17, 18], [], [], [], [], [], [], [], []]
dist_from_measurement_to_model 635.2352542129677
measurement_mahalonobis_distance 0.006803154432492126
measurement_mahalonobis_distance_in_x_y 0.33597035629955896
ransac prediction [array([ 4552.13752015,  2958.30937611, 54292.94378297])]
covariance [array([[3.36610739e+02, 1.11381528e+02, 1.46923976e+04],
       [1.11381528e+02, 1.11839424e+03, 1.62759941e+05],
       [1.46923976e+04, 1.62759941e+05, 6.28632344e+12]])]
group lists [array([ 0,  1,  2,  3,  4,  5,  6,  7,  8,  9, 10, 11, 12, 13, 14, 15, 16,
       17, 18])]
outliers []

adding measurement: 19 from agent 0
measurement: 19
truth group lists [[], [], [], [], [0, 1, 2, 3, 4, 5, 6, 7, 8, 9, 10, 11, 12, 13, 14, 15, 16, 17, 18, 19], [], [], [], [], [], [], [], []]
dist_from_measurement_to_model 798.2692496555553
measurement_mahalonobis_distance 0.15465515076061725
measurement_mahalonobis_distance_in_x_y 1.9586560970375728
ransac prediction [array([ 4545.3363927 ,  2936.63484473, 51366.04071887])]
covariance [array([[ 3.03691505e+02,  6.47116397e+00, -3.27013242e+03],
       [ 6.47116397e+00,  7.84055183e+02,  1.10076756e+05],
       [-3.27013242e+03,  1.10076756e+05,  5.72461935e+12]])]
group lists [array([ 0,  1,  2,  3,  4,  5,  6,  7,  8,  9, 10, 11, 12, 13, 14, 15, 16,
       17, 18, 19])]
outliers []

adding measurement: 20 from agent 0
measurement: 20
truth group lists [[], [], [], [], [0, 1, 2, 3, 4, 5, 6, 7, 8, 9, 10, 11, 12, 13, 14, 15, 16, 17, 18, 19, 20], [], [], [], [], [], [], [], []]
dist_from_measurement_to_model 1024.7246404658033
measurement_mahalonobis_distance 0.182460967351154
measurement_mahalonobis_distance_in_x_y 2.7004164503830768
ransac prediction [array([ 4547.93236466,  2950.71096945, 53352.85894614])]
covariance [array([[ 2.98828851e+02, -1.98955721e+01, -7.58244970e+03],
       [-1.98955721e+01,  6.41086986e+02,  8.83813673e+04],
       [-7.58244970e+03,  8.83813673e+04,  5.54224346e+12]])]
group lists [array([ 0,  1,  2,  3,  4,  5,  6,  7,  8,  9, 10, 11, 12, 13, 14, 15, 16,
       17, 18, 19, 20])]
outliers []

agentOrder [0]
agentOrder [0]
initialWaypoints [8697.2939528  2598.28865862]

List of user-set options:

                                    Name   Value                used
                        file_print_level = 5                     yes
                   hessian_approximation = limited-memory        yes
                                  hsllib = /home/ggs24/packages/ThirdParty-HSL/.libs/libcoinhsl.so  yes
                           linear_solver = ma97                  yes
                                max_iter = 200                   yes
                             output_file = IPOPT.out             yes
                             print_level = 5                     yes
                      print_user_options = yes                   yes
                                      sb = yes                   yes
                                     tol = 1e-05                 yes
This is Ipopt version 3.14.7, running with linear solver ma97.

Number of nonzeros in equality constraint Jacobian...:        0
Number of nonzeros in inequality constraint Jacobian.:        2
Number of nonzeros in Lagrangian Hessian.............:        0

Total number of variables............................:        2
                     variables with only lower bounds:        0
                variables with lower and upper bounds:        2
                     variables with only upper bounds:        0
Total number of equality constraints.................:        0
Total number of inequality constraints...............:        1
        inequality constraints with only lower bounds:        0
   inequality constraints with lower and upper bounds:        1
        inequality constraints with only upper bounds:        0

iter    objective    inf_pr   inf_du lg(mu)  ||d||  lg(rg) alpha_du alpha_pr  ls
   0  1.0000000e+00 0.00e+00 1.46e-06   0.0 0.00e+00    -  0.00e+00 0.00e+00   0
   1  1.0000000e+00 0.00e+00 4.25e-06  -2.1 4.30e-06    -  9.90e-01 1.00e+00f  1
   2  1.0062772e+00 0.00e+00 1.44e-03   1.8 5.15e+03    -  1.00e+00 1.00e+00f  1
   3  1.0006095e+00 0.00e+00 9.34e-04   1.8 1.85e+03    -  1.00e+00 1.00e+00h  1
   4  1.0004829e+00 0.00e+00 6.80e-05   1.1 5.09e+01    -  1.00e+00 1.00e+00h  1
   5  1.0004890e+00 0.00e+00 1.36e-05   0.4 3.99e+01    -  1.00e+00 1.00e+00h  1
   6  1.0004735e+00 0.00e+00 2.10e-06  -0.3 3.14e+01    -  1.00e+00 1.00e+00h  1
   7  1.0003598e+00 0.00e+00 5.77e-07  -1.0 3.88e+01    -  1.00e+00 1.00e+00h  1
   8  9.9972172e-01 0.00e+00 3.24e-07  -1.7 1.80e+02    -  1.00e+00 1.00e+00h  1
   9  9.9914645e-01 0.00e+00 1.18e-05  -7.7 1.01e+03    -  7.57e-01 1.00e+00h  1
iter    objective    inf_pr   inf_du lg(mu)  ||d||  lg(rg) alpha_du alpha_pr  ls
  10  9.9836827e-01 0.00e+00 3.03e-06  -8.3 5.56e+02    -  8.33e-01 1.00e+00h  1
  11  9.9799891e-01 0.00e+00 1.51e-06  -5.4 2.11e+02    -  9.92e-01 1.00e+00h  1
  12  9.9789833e-01 0.00e+00 8.19e-07  -6.9 2.43e+02    -  1.00e+00 1.00e+00h  1

Number of Iterations....: 12

                                   (scaled)                 (unscaled)
Objective...............:   9.9789833002382677e-01    9.9789833002382677e-01
Dual infeasibility......:   8.1901621396114773e-07    8.1901621396114773e-07
Constraint violation....:   0.0000000000000000e+00    0.0000000000000000e+00
Variable bound violation:   0.0000000000000000e+00    0.0000000000000000e+00
Complementarity.........:   1.5417292671274365e-06    1.5417292671274365e-06
Overall NLP error.......:   1.5417292671274365e-06    1.5417292671274365e-06


Number of objective function evaluations             = 13
Number of objective gradient evaluations             = 13
Number of equality constraint evaluations            = 0
Number of inequality constraint evaluations          = 13
Number of equality constraint Jacobian evaluations   = 0
Number of inequality constraint Jacobian evaluations = 13
Number of Lagrangian Hessian evaluations             = 0
Total seconds in IPOPT                               = 0.591

EXIT: Optimal Solution Found.
OPTIMIZATION SUCCESSFUL
fStar [0.99789833]
new best [0.99789833]

List of user-set options:

                                    Name   Value                used
                        file_print_level = 5                     yes
                   hessian_approximation = limited-memory        yes
                                  hsllib = /home/ggs24/packages/ThirdParty-HSL/.libs/libcoinhsl.so  yes
                           linear_solver = ma97                  yes
                                max_iter = 200                   yes
                             output_file = IPOPT.out             yes
                             print_level = 5                     yes
                      print_user_options = yes                   yes
                                      sb = yes                   yes
                                     tol = 1e-05                 yes
This is Ipopt version 3.14.7, running with linear solver ma97.

Number of nonzeros in equality constraint Jacobian...:        0
Number of nonzeros in inequality constraint Jacobian.:        2
Number of nonzeros in Lagrangian Hessian.............:        0

Total number of variables............................:        2
                     variables with only lower bounds:        0
                variables with lower and upper bounds:        2
                     variables with only upper bounds:        0
Total number of equality constraints.................:        0
Total number of inequality constraints...............:        1
        inequality constraints with only lower bounds:        0
   inequality constraints with lower and upper bounds:        1
        inequality constraints with only upper bounds:        0

iter    objective    inf_pr   inf_du lg(mu)  ||d||  lg(rg) alpha_du alpha_pr  ls
   0  1.0103456e+00 4.26e+03 2.42e-07   0.0 0.00e+00    -  0.00e+00 0.00e+00   0
   1  1.0103448e+00 4.26e+03 1.23e+02   3.6 4.20e+03    -  9.96e-01 1.58e-02h  1
   2  1.0073068e+00 1.10e+00 5.36e+01  -2.5 4.21e+03    -  5.71e-01 1.00e+00h  1
   3  1.0073046e+00 0.00e+00 5.51e-01  -3.0 1.77e+00    -  9.90e-01 1.00e+00h  1
   4  1.0073046e+00 0.00e+00 2.74e-03  -5.0 3.46e-03    -  9.90e-01 1.00e+00h  1
   5  1.0073045e+00 0.00e+00 5.63e-05  -7.0 5.73e-01    -  9.90e-01 1.00e+00h  1
   6  1.0071770e+00 1.69e+02 1.56e-05  -9.0 1.48e+03    -  7.22e-01 1.00e+00h  1
   7  1.0060361e+00 0.00e+00 1.55e-06  -5.4 4.61e+03    -  8.99e-01 1.00e+00H  1
   8  1.0067655e+00 1.14e+02 1.25e-06 -10.3 1.35e+03    -  3.14e-01 1.00e+00h  1
   9  1.0024342e+00 0.00e+00 3.95e-06 -10.5 4.54e+04    -  8.53e-05 1.75e-01h  1
iter    objective    inf_pr   inf_du lg(mu)  ||d||  lg(rg) alpha_du alpha_pr  ls
  10  1.0049767e+00 0.00e+00 1.17e-06  -4.0 6.24e+03    -  1.00e+00 1.00e+00h  1
  11  1.0036171e+00 0.00e+00 2.07e-06  -3.4 8.76e+03    -  1.54e-01 5.00e-01h  2
  12  1.0028131e+00 0.00e+00 2.46e-06  -3.8 1.29e+04    -  1.00e+00 1.25e-01h  4
  13  1.0072554e+00 0.00e+00 1.70e-06  -3.6 8.11e+03    -  3.87e-01 6.93e-01H  1
  14  1.0003124e+00 0.00e+00 1.02e-05  -4.0 3.78e+03    -  5.34e-02 1.00e+00h  1
  15  1.0063243e+00 0.00e+00 1.62e-06  -5.3 3.09e+03    -  7.52e-01 1.00e+00h  1
  16  1.0053480e+00 0.00e+00 1.95e-06  -4.7 6.03e+02    -  1.00e+00 1.00e+00h  1
  17  1.0041509e+00 0.00e+00 2.35e-06  -4.7 6.26e+02    -  1.00e+00 1.00e+00h  1
  18  1.0023699e+00 0.00e+00 3.06e-06  -5.5 6.68e+02    -  9.99e-01 1.00e+00h  1

Number of Iterations....: 18

                                   (scaled)                 (unscaled)
Objective...............:   1.0023699495157408e+00    1.0023699495157408e+00
Dual infeasibility......:   3.0627571680796010e-06    3.0627571680796010e-06
Constraint violation....:   0.0000000000000000e+00    0.0000000000000000e+00
Variable bound violation:   0.0000000000000000e+00    0.0000000000000000e+00
Complementarity.........:   4.9532004673101872e-06    4.9532004673101872e-06
Overall NLP error.......:   4.9532004673101872e-06    4.9532004673101872e-06


Number of objective function evaluations             = 29
Number of objective gradient evaluations             = 19
Number of equality constraint evaluations            = 0
Number of inequality constraint evaluations          = 29
Number of equality constraint Jacobian evaluations   = 0
Number of inequality constraint Jacobian evaluations = 19
Number of Lagrangian Hessian evaluations             = 0
Total seconds in IPOPT                               = 1.388

EXIT: Optimal Solution Found.
OPTIMIZATION SUCCESSFUL
fStar [1.00236995]

List of user-set options:

                                    Name   Value                used
                        file_print_level = 5                     yes
                   hessian_approximation = limited-memory        yes
                                  hsllib = /home/ggs24/packages/ThirdParty-HSL/.libs/libcoinhsl.so  yes
                           linear_solver = ma97                  yes
                                max_iter = 200                   yes
                             output_file = IPOPT.out             yes
                             print_level = 5                     yes
                      print_user_options = yes                   yes
                                      sb = yes                   yes
                                     tol = 1e-05                 yes
This is Ipopt version 3.14.7, running with linear solver ma97.

Number of nonzeros in equality constraint Jacobian...:        0
Number of nonzeros in inequality constraint Jacobian.:        2
Number of nonzeros in Lagrangian Hessian.............:        0

Total number of variables............................:        2
                     variables with only lower bounds:        0
                variables with lower and upper bounds:        2
                     variables with only upper bounds:        0
Total number of equality constraints.................:        0
Total number of inequality constraints...............:        1
        inequality constraints with only lower bounds:        0
   inequality constraints with lower and upper bounds:        1
        inequality constraints with only upper bounds:        0

iter    objective    inf_pr   inf_du lg(mu)  ||d||  lg(rg) alpha_du alpha_pr  ls
   0  1.0094230e+00 6.38e+03 1.94e-07   0.0 0.00e+00    -  0.00e+00 0.00e+00   0
   1  1.0094229e+00 6.37e+03 4.74e+01  -2.1 6.35e+03    -  5.06e-01 1.05e-02h  1
   2  1.0093727e+00 6.05e+03 6.03e+03   3.6 4.67e+03    -  1.00e+00 5.15e-02h  1
   3  1.0066639e+00 0.00e+00 3.02e+03   2.9 4.44e+03    -  1.00e+00 1.00e+00f  1
   4  1.0066639e+00 0.00e+00 3.02e+01  -3.0 2.14e-07    -  9.90e-01 1.00e+00h  1
   5  1.0066637e+00 0.00e+00 3.02e-01   0.9 1.25e-01    -  9.90e-01 1.00e+00f  1
   6  1.0066609e+00 0.00e+00 5.73e-03   0.2 2.50e+00    -  9.91e-01 1.00e+00f  1
   7  1.0065989e+00 0.00e+00 3.08e-06  -0.5 1.77e+02    -  1.00e+00 1.00e+00f  1
   8  1.0065361e+00 0.00e+00 9.82e-08  -2.5 5.19e+01    -  9.94e-01 1.00e+00h  1
   9  1.0049403e+00 0.00e+00 1.16e-06  -3.2 1.07e+03    -  1.00e+00 1.00e+00h  1
iter    objective    inf_pr   inf_du lg(mu)  ||d||  lg(rg) alpha_du alpha_pr  ls
  10  9.9909540e-01 0.00e+00 7.88e-06  -4.2 2.54e+03    -  9.95e-01 1.00e+00h  1
  11  9.9909540e-01 0.00e+00 5.04e-06  -9.8 1.38e+01    -  9.95e-01 1.00e+00h  1

Number of Iterations....: 11

                                   (scaled)                 (unscaled)
Objective...............:   9.9909540053858004e-01    9.9909540053858004e-01
Dual infeasibility......:   5.0369792161639561e-06    5.0369792161639561e-06
Constraint violation....:   0.0000000000000000e+00    0.0000000000000000e+00
Variable bound violation:   0.0000000000000000e+00    0.0000000000000000e+00
Complementarity.........:   1.3564721511006700e-06    1.3564721511006700e-06
Overall NLP error.......:   5.0369792161639561e-06    5.0369792161639561e-06


Number of objective function evaluations             = 12
Number of objective gradient evaluations             = 12
Number of equality constraint evaluations            = 0
Number of inequality constraint evaluations          = 12
Number of equality constraint Jacobian evaluations   = 0
Number of inequality constraint Jacobian evaluations = 12
Number of Lagrangian Hessian evaluations             = 0
Total seconds in IPOPT                               = 0.599

EXIT: Optimal Solution Found.
OPTIMIZATION SUCCESSFUL
fStar [0.9990954]

List of user-set options:

                                    Name   Value                used
                        file_print_level = 5                     yes
                   hessian_approximation = limited-memory        yes
                                  hsllib = /home/ggs24/packages/ThirdParty-HSL/.libs/libcoinhsl.so  yes
                           linear_solver = ma97                  yes
                                max_iter = 200                   yes
                             output_file = IPOPT.out             yes
                             print_level = 5                     yes
                      print_user_options = yes                   yes
                                      sb = yes                   yes
                                     tol = 1e-05                 yes
This is Ipopt version 3.14.7, running with linear solver ma97.

Number of nonzeros in equality constraint Jacobian...:        0
Number of nonzeros in inequality constraint Jacobian.:        2
Number of nonzeros in Lagrangian Hessian.............:        0

Total number of variables............................:        2
                     variables with only lower bounds:        0
                variables with lower and upper bounds:        2
                     variables with only upper bounds:        0
Total number of equality constraints.................:        0
Total number of inequality constraints...............:        1
        inequality constraints with only lower bounds:        0
   inequality constraints with lower and upper bounds:        1
        inequality constraints with only upper bounds:        0

iter    objective    inf_pr   inf_du lg(mu)  ||d||  lg(rg) alpha_du alpha_pr  ls
   0  1.0113639e+00 9.85e+03 1.61e-07   0.0 0.00e+00    -  0.00e+00 0.00e+00   0
   1  1.0113637e+00 9.85e+03 5.80e+01  -2.1 9.77e+03    -  4.00e-01 6.79e-03h  1
   2  1.0113310e+00 9.67e+03 4.73e+03   3.6 9.13e+03    -  4.98e-01 1.81e-02h  1
   3  1.0070493e+00 0.00e+00 8.99e+03   1.7 8.99e+03    -  7.90e-01 1.00e+00f  1
   4  1.0070493e+00 0.00e+00 4.33e+01  -3.0 5.50e-06    -  9.90e-01 1.00e+00h  1
   5  1.0070491e+00 0.00e+00 8.66e-01   0.9 1.48e-01    -  9.90e-01 1.00e+00f  1
   6  1.0069675e+00 2.36e+01 8.40e-03   0.2 5.44e+02    -  9.90e-01 1.00e+00f  1
   7  1.0069357e+00 0.00e+00 1.05e-04  -5.9 2.59e+01    -  9.88e-01 1.00e+00h  1
   8  1.0069279e+00 0.00e+00 2.22e-06  -7.8 4.14e+01    -  9.79e-01 1.00e+00h  1
   9  1.0067228e+00 8.78e+01 1.15e-06  -9.5 2.80e+03    -  4.75e-01 1.00e+00H  1
iter    objective    inf_pr   inf_du lg(mu)  ||d||  lg(rg) alpha_du alpha_pr  ls
  10  1.0045114e+00 0.00e+00 1.44e-06  -9.8 6.98e+03    -  7.59e-04 1.00e+00h  1
  11  1.0064718e+00 0.00e+00 7.26e-07  -3.2 8.86e+03    -  1.00e+00 9.01e-01H  1
  12  9.9965319e-01 0.00e+00 2.13e-06  -3.1 6.50e+03    -  1.00e+00 5.00e-01h  2
  13  1.0039629e+00 0.00e+00 1.88e-06  -3.5 3.10e+03    -  8.18e-01 1.00e+00H  1
  14  1.0002031e+00 0.00e+00 3.30e-06  -4.0 1.11e+03    -  1.00e+00 1.00e+00h  1
  15  1.1025411e+00 0.00e+00 3.21e-04  -6.2 1.95e+03    -  9.04e-01 1.00e+00H  1
  16  1.0052456e+00 0.00e+00 2.14e-06  -5.0 3.36e+03    -  7.91e-01 1.00e+00f  1
  17  1.0007136e+00 0.00e+00 3.50e-06  -5.0 4.03e+03    -  4.03e-01 1.00e+00h  1

Number of Iterations....: 17

                                   (scaled)                 (unscaled)
Objective...............:   1.0007136030044526e+00    1.0007136030044526e+00
Dual infeasibility......:   3.5002240885021483e-06    3.5002240885021483e-06
Constraint violation....:   0.0000000000000000e+00    0.0000000000000000e+00
Variable bound violation:   0.0000000000000000e+00    0.0000000000000000e+00
Complementarity.........:   9.9144697651651426e-06    9.9144697651651426e-06
Overall NLP error.......:   9.9144697651651426e-06    9.9144697651651426e-06


Number of objective function evaluations             = 24
Number of objective gradient evaluations             = 18
Number of equality constraint evaluations            = 0
Number of inequality constraint evaluations          = 24
Number of equality constraint Jacobian evaluations   = 0
Number of inequality constraint Jacobian evaluations = 18
Number of Lagrangian Hessian evaluations             = 0
Total seconds in IPOPT                               = 1.070

EXIT: Optimal Solution Found.
OPTIMIZATION SUCCESSFUL
fStar [1.0007136]

List of user-set options:

                                    Name   Value                used
                        file_print_level = 5                     yes
                   hessian_approximation = limited-memory        yes
                                  hsllib = /home/ggs24/packages/ThirdParty-HSL/.libs/libcoinhsl.so  yes
                           linear_solver = ma97                  yes
                                max_iter = 200                   yes
                             output_file = IPOPT.out             yes
                             print_level = 5                     yes
                      print_user_options = yes                   yes
                                      sb = yes                   yes
                                     tol = 1e-05                 yes
This is Ipopt version 3.14.7, running with linear solver ma97.

Number of nonzeros in equality constraint Jacobian...:        0
Number of nonzeros in inequality constraint Jacobian.:        2
Number of nonzeros in Lagrangian Hessian.............:        0

Total number of variables............................:        2
                     variables with only lower bounds:        0
                variables with lower and upper bounds:        2
                     variables with only upper bounds:        0
Total number of equality constraints.................:        0
Total number of inequality constraints...............:        1
        inequality constraints with only lower bounds:        0
   inequality constraints with lower and upper bounds:        1
        inequality constraints with only upper bounds:        0

iter    objective    inf_pr   inf_du lg(mu)  ||d||  lg(rg) alpha_du alpha_pr  ls
   0  1.0124303e+00 9.90e+03 1.43e-07   0.0 0.00e+00    -  0.00e+00 0.00e+00   0
   1  1.0124300e+00 9.90e+03 8.64e+01   3.4 9.78e+03    -  4.74e-01 6.78e-03h  1
   2  1.0079404e+00 3.57e+01 6.34e+01   2.4 9.83e+03    -  2.52e-01 1.00e+00f  1
   3  1.0078921e+00 0.00e+00 8.57e-01  -2.6 3.90e+01    -  9.87e-01 1.00e+00h  1
   4  1.0078921e+00 0.00e+00 4.26e-03  -4.4 5.68e-02    -  9.90e-01 1.00e+00h  1
   5  1.0078921e+00 0.00e+00 8.72e-05  -6.4 2.48e-01    -  9.90e-01 1.00e+00h  1
   6  1.0078492e+00 0.00e+00 1.14e-06  -2.5 3.52e+01    -  9.87e-01 1.00e+00f  1
   7  1.0035613e+00 0.00e+00 2.11e-06  -3.0 4.15e+03    -  9.72e-01 5.00e-01f  2
   8  1.0035613e+00 0.00e+00 1.71e-06  -9.0 4.81e-05    -  9.98e-01 1.00e+00h  1

Number of Iterations....: 8

                                   (scaled)                 (unscaled)
Objective...............:   1.0035612586946481e+00    1.0035612586946481e+00
Dual infeasibility......:   1.7138366313489530e-06    1.7138366313489530e-06
Constraint violation....:   0.0000000000000000e+00    0.0000000000000000e+00
Variable bound violation:   0.0000000000000000e+00    0.0000000000000000e+00
Complementarity.........:   4.0726057454797042e-06    4.0726057454797042e-06
Overall NLP error.......:   4.0726057454797042e-06    4.0726057454797042e-06


Number of objective function evaluations             = 14
Number of objective gradient evaluations             = 9
Number of equality constraint evaluations            = 0
Number of inequality constraint evaluations          = 14
Number of equality constraint Jacobian evaluations   = 0
Number of inequality constraint Jacobian evaluations = 9
Number of Lagrangian Hessian evaluations             = 0
Total seconds in IPOPT                               = 0.397

EXIT: Optimal Solution Found.
OPTIMIZATION SUCCESSFUL
fStar [1.00356126]

List of user-set options:

                                    Name   Value                used
                        file_print_level = 5                     yes
                   hessian_approximation = limited-memory        yes
                                  hsllib = /home/ggs24/packages/ThirdParty-HSL/.libs/libcoinhsl.so  yes
                           linear_solver = ma97                  yes
                                max_iter = 200                   yes
                             output_file = IPOPT.out             yes
                             print_level = 5                     yes
                      print_user_options = yes                   yes
                                      sb = yes                   yes
                                     tol = 1e-05                 yes
This is Ipopt version 3.14.7, running with linear solver ma97.

Number of nonzeros in equality constraint Jacobian...:        0
Number of nonzeros in inequality constraint Jacobian.:        2
Number of nonzeros in Lagrangian Hessian.............:        0

Total number of variables............................:        2
                     variables with only lower bounds:        0
                variables with lower and upper bounds:        2
                     variables with only upper bounds:        0
Total number of equality constraints.................:        0
Total number of inequality constraints...............:        1
        inequality constraints with only lower bounds:        0
   inequality constraints with lower and upper bounds:        1
        inequality constraints with only upper bounds:        0

iter    objective    inf_pr   inf_du lg(mu)  ||d||  lg(rg) alpha_du alpha_pr  ls
   0  1.0118752e+00 7.01e+03 1.81e-07   0.0 0.00e+00    -  0.00e+00 0.00e+00   0
   1  1.0118746e+00 7.00e+03 1.43e+02   3.7 6.89e+03    -  7.97e-01 9.63e-03h  1
   2  1.0078264e+00 1.40e+00 1.01e+02  -2.4 7.01e+03    -  2.84e-01 1.00e+00h  1
   3  1.0078240e+00 0.00e+00 5.33e-01  -2.6 2.05e+00    -  9.90e-01 1.00e+00h  1
   4  1.0078240e+00 0.00e+00 5.34e-03  -4.6 3.50e-03    -  9.90e-01 1.00e+00h  1
   5  1.0077749e+00 0.00e+00 8.91e-05  -0.7 9.57e+01    -  9.92e-01 1.00e+00f  1
   6  1.0077738e+00 0.00e+00 1.89e-06  -6.8 8.57e-01    -  9.79e-01 1.00e+00h  1
   7  1.0055055e+00 0.00e+00 1.63e-06  -2.8 1.43e+03    -  1.00e+00 1.00e+00f  1
   8  1.0055055e+00 0.00e+00 1.04e-06  -8.9 4.39e-02    -  9.98e-01 1.00e+00h  1

Number of Iterations....: 8

                                   (scaled)                 (unscaled)
Objective...............:   1.0055055259077155e+00    1.0055055259077155e+00
Dual infeasibility......:   1.0353117813517670e-06    1.0353117813517670e-06
Constraint violation....:   0.0000000000000000e+00    0.0000000000000000e+00
Variable bound violation:   0.0000000000000000e+00    0.0000000000000000e+00
Complementarity.........:   3.4838349769075486e-06    3.4838349769075486e-06
Overall NLP error.......:   3.4838349769075486e-06    3.4838349769075486e-06


Number of objective function evaluations             = 9
Number of objective gradient evaluations             = 9
Number of equality constraint evaluations            = 0
Number of inequality constraint evaluations          = 9
Number of equality constraint Jacobian evaluations   = 0
Number of inequality constraint Jacobian evaluations = 9
Number of Lagrangian Hessian evaluations             = 0
Total seconds in IPOPT                               = 0.433

EXIT: Optimal Solution Found.
OPTIMIZATION SUCCESSFUL
fStar [1.00550553]

List of user-set options:

                                    Name   Value                used
                        file_print_level = 5                     yes
                   hessian_approximation = limited-memory        yes
                                  hsllib = /home/ggs24/packages/ThirdParty-HSL/.libs/libcoinhsl.so  yes
                           linear_solver = ma97                  yes
                                max_iter = 200                   yes
                             output_file = IPOPT.out             yes
                             print_level = 5                     yes
                      print_user_options = yes                   yes
                                      sb = yes                   yes
                                     tol = 1e-05                 yes
This is Ipopt version 3.14.7, running with linear solver ma97.

Number of nonzeros in equality constraint Jacobian...:        0
Number of nonzeros in inequality constraint Jacobian.:        2
Number of nonzeros in Lagrangian Hessian.............:        0

Total number of variables............................:        2
                     variables with only lower bounds:        0
                variables with lower and upper bounds:        2
                     variables with only upper bounds:        0
Total number of equality constraints.................:        0
Total number of inequality constraints...............:        1
        inequality constraints with only lower bounds:        0
   inequality constraints with lower and upper bounds:        1
        inequality constraints with only upper bounds:        0

iter    objective    inf_pr   inf_du lg(mu)  ||d||  lg(rg) alpha_du alpha_pr  ls
   0  1.0098738e+00 6.36e+03 2.04e-07   0.0 0.00e+00    -  0.00e+00 0.00e+00   0
   1  1.0098735e+00 6.36e+03 4.73e+01  -2.1 6.33e+03    -  5.07e-01 1.05e-02h  1
   2  1.0097991e+00 6.03e+03 6.01e+03   3.6 5.83e+03    -  1.00e+00 5.20e-02h  1
   3  1.0068095e+00 0.00e+00 3.01e+03   2.8 5.54e+03    -  1.00e+00 1.00e+00f  1
   4  1.0068095e+00 0.00e+00 3.01e+01  -3.1 5.07e-07    -  9.90e-01 1.00e+00h  1
   5  1.0068094e+00 0.00e+00 3.01e-01   0.8 1.15e-01    -  9.90e-01 1.00e+00f  1
   6  1.0068067e+00 0.00e+00 5.77e-03   0.1 2.21e+00    -  9.90e-01 1.00e+00f  1
   7  1.0067055e+00 0.00e+00 1.09e-05  -0.6 9.92e+01    -  9.98e-01 1.00e+00f  1
   8  1.0065799e+00 0.00e+00 1.31e-07  -2.4 1.03e+02    -  9.99e-01 1.00e+00h  1
   9  1.0055178e+00 0.00e+00 1.17e-06  -3.3 9.09e+02    -  1.00e+00 1.00e+00h  1
iter    objective    inf_pr   inf_du lg(mu)  ||d||  lg(rg) alpha_du alpha_pr  ls
  10  1.0033121e+00 0.00e+00 2.31e-06  -4.1 1.11e+03    -  1.00e+00 1.00e+00h  1
  11  1.0033121e+00 0.00e+00 1.41e-06 -10.0 1.95e+01    -  9.96e-01 1.00e+00h  1

Number of Iterations....: 11

                                   (scaled)                 (unscaled)
Objective...............:   1.0033121421739508e+00    1.0033121421739508e+00
Dual infeasibility......:   1.4069575339939320e-06    1.4069575339939320e-06
Constraint violation....:   0.0000000000000000e+00    0.0000000000000000e+00
Variable bound violation:   0.0000000000000000e+00    0.0000000000000000e+00
Complementarity.........:   9.0913167115065573e-07    9.0913167115065573e-07
Overall NLP error.......:   1.4069575339939320e-06    1.4069575339939320e-06


Number of objective function evaluations             = 12
Number of objective gradient evaluations             = 12
Number of equality constraint evaluations            = 0
Number of inequality constraint evaluations          = 12
Number of equality constraint Jacobian evaluations   = 0
Number of inequality constraint Jacobian evaluations = 12
Number of Lagrangian Hessian evaluations             = 0
Total seconds in IPOPT                               = 0.560

EXIT: Optimal Solution Found.
OPTIMIZATION SUCCESSFUL
fStar [1.00331214]

List of user-set options:

                                    Name   Value                used
                        file_print_level = 5                     yes
                   hessian_approximation = limited-memory        yes
                                  hsllib = /home/ggs24/packages/ThirdParty-HSL/.libs/libcoinhsl.so  yes
                           linear_solver = ma97                  yes
                                max_iter = 200                   yes
                             output_file = IPOPT.out             yes
                             print_level = 5                     yes
                      print_user_options = yes                   yes
                                      sb = yes                   yes
                                     tol = 1e-05                 yes
This is Ipopt version 3.14.7, running with linear solver ma97.

Number of nonzeros in equality constraint Jacobian...:        0
Number of nonzeros in inequality constraint Jacobian.:        2
Number of nonzeros in Lagrangian Hessian.............:        0

Total number of variables............................:        2
                     variables with only lower bounds:        0
                variables with lower and upper bounds:        2
                     variables with only upper bounds:        0
Total number of equality constraints.................:        0
Total number of inequality constraints...............:        1
        inequality constraints with only lower bounds:        0
   inequality constraints with lower and upper bounds:        1
        inequality constraints with only upper bounds:        0

iter    objective    inf_pr   inf_du lg(mu)  ||d||  lg(rg) alpha_du alpha_pr  ls
   0  1.0103570e+00 9.84e+03 1.89e-07   0.0 0.00e+00    -  0.00e+00 0.00e+00   0
   1  1.0103568e+00 9.84e+03 5.79e+01  -2.1 9.76e+03    -  4.01e-01 6.80e-03h  1
   2  1.0103483e+00 9.78e+03 3.26e+03  -2.4 8.79e+03    -  3.37e-01 6.00e-03h  1
   3  1.0067000e+00 0.00e+00 8.84e+03   2.1 8.84e+03    -  7.10e-01 1.00e+00f  1
   4  1.0067000e+00 0.00e+00 3.95e+01  -3.0 1.94e-06    -  9.90e-01 1.00e+00h  1
   5  1.0066998e+00 0.00e+00 3.94e-01   0.9 9.71e-02    -  9.90e-01 1.00e+00f  1
   6  1.0066974e+00 0.00e+00 7.59e-03   0.2 1.95e+00    -  9.90e-01 1.00e+00f  1
   7  1.0065940e+00 0.00e+00 1.67e-05  -0.5 1.07e+02    -  9.98e-01 1.00e+00f  1
   8  1.0065208e+00 0.00e+00 2.31e-07  -2.3 9.12e+01    -  1.00e+00 1.00e+00h  1
   9  1.0045553e+00 0.00e+00 1.43e-06  -3.0 1.33e+03    -  1.00e+00 1.00e+00h  1
iter    objective    inf_pr   inf_du lg(mu)  ||d||  lg(rg) alpha_du alpha_pr  ls
  10  2.1409628e+01 0.00e+00 6.19e-02  -4.0 4.75e+03    -  8.65e-01 1.00e+00H  1
  11  1.0044231e+00 0.00e+00 2.07e-06  -3.7 4.02e+03    -  5.38e-01 1.00e+00f  1
  12  1.0041984e+00 0.00e+00 3.02e-06  -9.8 3.48e+03    -  3.12e-01 1.00e+00h  1
  13  1.0040580e+00 0.00e+00 2.79e-06  -5.5 3.46e+02    -  1.00e+00 1.00e+00h  1
  14  1.0038971e+00 0.00e+00 3.11e-06  -7.0 1.15e+03    -  1.00e+00 1.00e+00h  1

Number of Iterations....: 14

                                   (scaled)                 (unscaled)
Objective...............:   1.0038970909053639e+00    1.0038970909053639e+00
Dual infeasibility......:   3.1122605184234084e-06    3.1122605184234084e-06
Constraint violation....:   0.0000000000000000e+00    0.0000000000000000e+00
Variable bound violation:   0.0000000000000000e+00    0.0000000000000000e+00
Complementarity.........:   1.6947552507449876e-06    1.6947552507449876e-06
Overall NLP error.......:   3.1122605184234084e-06    3.1122605184234084e-06


Number of objective function evaluations             = 18
Number of objective gradient evaluations             = 15
Number of equality constraint evaluations            = 0
Number of inequality constraint evaluations          = 18
Number of equality constraint Jacobian evaluations   = 0
Number of inequality constraint Jacobian evaluations = 15
Number of Lagrangian Hessian evaluations             = 0
Total seconds in IPOPT                               = 0.703

EXIT: Optimal Solution Found.
OPTIMIZATION SUCCESSFUL
fStar [1.00389709]

List of user-set options:

                                    Name   Value                used
                        file_print_level = 5                     yes
                   hessian_approximation = limited-memory        yes
                                  hsllib = /home/ggs24/packages/ThirdParty-HSL/.libs/libcoinhsl.so  yes
                           linear_solver = ma97                  yes
                                max_iter = 200                   yes
                             output_file = IPOPT.out             yes
                             print_level = 5                     yes
                      print_user_options = yes                   yes
                                      sb = yes                   yes
                                     tol = 1e-05                 yes
This is Ipopt version 3.14.7, running with linear solver ma97.

Number of nonzeros in equality constraint Jacobian...:        0
Number of nonzeros in inequality constraint Jacobian.:        2
Number of nonzeros in Lagrangian Hessian.............:        0

Total number of variables............................:        2
                     variables with only lower bounds:        0
                variables with lower and upper bounds:        2
                     variables with only upper bounds:        0
Total number of equality constraints.................:        0
Total number of inequality constraints...............:        1
        inequality constraints with only lower bounds:        0
   inequality constraints with lower and upper bounds:        1
        inequality constraints with only upper bounds:        0

iter    objective    inf_pr   inf_du lg(mu)  ||d||  lg(rg) alpha_du alpha_pr  ls
   0  1.0128480e+00 1.20e+04 1.49e-07   0.0 0.00e+00    -  0.00e+00 0.00e+00   0
   1  1.0128478e+00 1.20e+04 7.48e+01   3.1 1.18e+04    -  3.83e-01 5.60e-03h  1
   2  1.0078824e+00 4.81e+02 5.95e+01   2.7 1.13e+04    -  9.13e-02 1.00e+00f  1
   3  1.0073564e+00 0.00e+00 6.61e-01   1.4 4.97e+02    -  9.91e-01 1.00e+00h  1
   4  1.0073558e+00 0.00e+00 3.30e-03  -4.0 5.65e-01    -  9.90e-01 1.00e+00h  1
   5  1.0073557e+00 0.00e+00 3.35e-05  -6.0 7.62e-02    -  9.90e-01 1.00e+00h  1
   6  1.0071561e+00 0.00e+00 8.99e-07  -2.1 1.50e+02    -  1.00e+00 1.00e+00f  1
   7  1.0017026e+00 0.00e+00 2.66e-06  -2.9 2.36e+03    -  9.80e-01 1.00e+00h  1
   8  9.9919209e-01 0.00e+00 5.72e-06  -8.8 1.33e+04    -  1.57e-01 7.87e-02h  3
   9  9.9919209e-01 0.00e+00 2.67e-06  -8.9 5.02e+00    -  9.96e-01 1.00e+00h  1
iter    objective    inf_pr   inf_du lg(mu)  ||d||  lg(rg) alpha_du alpha_pr  ls
  10  9.9870107e-01 0.00e+00 1.48e-06  -7.2 1.27e+02    -  9.70e-01 1.00e+00f  1

Number of Iterations....: 10

                                   (scaled)                 (unscaled)
Objective...............:   9.9870107190124247e-01    9.9870107190124247e-01
Dual infeasibility......:   1.4830402080836115e-06    1.4830402080836115e-06
Constraint violation....:   0.0000000000000000e+00    0.0000000000000000e+00
Variable bound violation:   0.0000000000000000e+00    0.0000000000000000e+00
Complementarity.........:   2.5348067842171604e-07    2.5348067842171604e-07
Overall NLP error.......:   1.4830402080836115e-06    1.4830402080836115e-06


Number of objective function evaluations             = 14
Number of objective gradient evaluations             = 11
Number of equality constraint evaluations            = 0
Number of inequality constraint evaluations          = 14
Number of equality constraint Jacobian evaluations   = 0
Number of inequality constraint Jacobian evaluations = 11
Number of Lagrangian Hessian evaluations             = 0
Total seconds in IPOPT                               = 0.595

EXIT: Optimal Solution Found.
OPTIMIZATION SUCCESSFUL
fStar [0.99870107]

List of user-set options:

                                    Name   Value                used
                        file_print_level = 5                     yes
                   hessian_approximation = limited-memory        yes
                                  hsllib = /home/ggs24/packages/ThirdParty-HSL/.libs/libcoinhsl.so  yes
                           linear_solver = ma97                  yes
                                max_iter = 200                   yes
                             output_file = IPOPT.out             yes
                             print_level = 5                     yes
                      print_user_options = yes                   yes
                                      sb = yes                   yes
                                     tol = 1e-05                 yes
This is Ipopt version 3.14.7, running with linear solver ma97.

Number of nonzeros in equality constraint Jacobian...:        0
Number of nonzeros in inequality constraint Jacobian.:        2
Number of nonzeros in Lagrangian Hessian.............:        0

Total number of variables............................:        2
                     variables with only lower bounds:        0
                variables with lower and upper bounds:        2
                     variables with only upper bounds:        0
Total number of equality constraints.................:        0
Total number of inequality constraints...............:        1
        inequality constraints with only lower bounds:        0
   inequality constraints with lower and upper bounds:        1
        inequality constraints with only upper bounds:        0

iter    objective    inf_pr   inf_du lg(mu)  ||d||  lg(rg) alpha_du alpha_pr  ls
   0  1.0090341e+00 1.28e+03 3.54e-07   0.0 0.00e+00    -  0.00e+00 0.00e+00   0
   1  1.0090327e+00 1.27e+03 3.71e+01   3.1 1.30e+03    -  9.94e-01 5.08e-02h  1
   2  1.0079069e+00 0.00e+00 4.23e+00  -3.0 1.27e+03    -  8.92e-01 1.00e+00h  1
   3  1.0079069e+00 0.00e+00 2.12e-02  -4.0 9.04e-03    -  9.90e-01 1.00e+00h  1
   4  1.0079069e+00 0.00e+00 2.12e-04  -6.0 4.51e-02    -  9.90e-01 1.00e+00h  1
   5  1.0078807e+00 0.00e+00 3.12e-06  -2.1 4.05e+01    -  9.93e-01 1.00e+00f  1
   6  1.0078727e+00 0.00e+00 8.45e-07  -8.2 6.37e+00    -  7.43e-01 1.00e+00h  1
   7  1.0012843e+00 0.00e+00 7.42e-06  -3.5 1.31e+04    -  5.41e-01 2.54e-01f  2
   8  1.0012843e+00 0.00e+00 3.16e-06  -9.0 7.96e-02    -  9.98e-01 1.00e+00h  1

Number of Iterations....: 8

                                   (scaled)                 (unscaled)
Objective...............:   1.0012843433725462e+00    1.0012843433725462e+00
Dual infeasibility......:   3.1632935136568867e-06    3.1632935136568867e-06
Constraint violation....:   0.0000000000000000e+00    0.0000000000000000e+00
Variable bound violation:   0.0000000000000000e+00    0.0000000000000000e+00
Complementarity.........:   3.0415850870550525e-06    3.0415850870550525e-06
Overall NLP error.......:   3.1632935136568867e-06    3.1632935136568867e-06


Number of objective function evaluations             = 12
Number of objective gradient evaluations             = 9
Number of equality constraint evaluations            = 0
Number of inequality constraint evaluations          = 12
Number of equality constraint Jacobian evaluations   = 0
Number of inequality constraint Jacobian evaluations = 9
Number of Lagrangian Hessian evaluations             = 0
Total seconds in IPOPT                               = 0.466

EXIT: Optimal Solution Found.
OPTIMIZATION SUCCESSFUL
fStar [1.00128434]
totalTime 6.8977415561676025
averageTime 0.6897741556167603
number of optimizations 10
adding measurement: 21 from agent 0
measurement: 21
truth group lists [[], [], [], [], [0, 1, 2, 3, 4, 5, 6, 7, 8, 9, 10, 11, 12, 13, 14, 15, 16, 17, 18, 19, 20, 21], [], [], [], [], [], [], [], []]
dist_from_measurement_to_model 1006.4569388821161
measurement_mahalonobis_distance 0.43132801838157897
measurement_mahalonobis_distance_in_x_y 4.220124485112204
ransac prediction [array([ 4548.79468746,  2969.99400644, 55962.76235309])]
covariance [array([[ 2.98595872e+02, -2.51053279e+01, -9.06822111e+03],
       [-2.51053279e+01,  5.24587970e+02,  7.04466303e+04],
       [-9.06822111e+03,  7.04466303e+04,  5.35878648e+12]])]
group lists [array([ 0,  1,  2,  3,  4,  5,  6,  7,  8,  9, 10, 11, 12, 13, 14, 15, 16,
       17, 18, 19, 20, 21])]
outliers []

adding measurement: 22 from agent 0
measurement: 22
truth group lists [[], [], [], [], [0, 1, 2, 3, 4, 5, 6, 7, 8, 9, 10, 11, 12, 13, 14, 15, 16, 17, 18, 19, 20, 21, 22], [], [], [], [], [], [], [], []]
dist_from_measurement_to_model 974.350132201848
measurement_mahalonobis_distance 0.0578328830025259
measurement_mahalonobis_distance_in_x_y 1.5661969516469303
ransac prediction [array([ 4548.07591254,  2976.01105902, 56711.51207967])]
covariance [array([[ 2.97346125e+02, -1.46434088e+01, -8.59401031e+03],
       [-1.46434088e+01,  4.37008342e+02,  5.62694255e+04],
       [-8.59401031e+03,  5.62694255e+04,  5.16417477e+12]])]
group lists [array([ 0,  1,  2,  3,  4,  5,  6,  7,  8,  9, 10, 11, 12, 13, 14, 15, 16,
       17, 18, 19, 20, 21, 22])]
outliers []

adding measurement: 23 from agent 0
measurement: 23
truth group lists [[], [], [], [], [0, 1, 2, 3, 4, 5, 6, 7, 8, 9, 10, 11, 12, 13, 14, 15, 16, 17, 18, 19, 20, 21, 22, 23], [], [], [], [], [], [], [], []]
dist_from_measurement_to_model 974.7846832750677
measurement_mahalonobis_distance 0.04885587848044143
measurement_mahalonobis_distance_in_x_y 1.5076797262081074
ransac prediction [array([ 4547.51873882,  2980.52579179, 57217.82271285])]
covariance [array([[ 2.96398614e+02, -6.96584784e+00, -8.51657012e+03],
       [-6.96584784e+00,  3.74797541e+02,  4.62759626e+04],
       [-8.51657012e+03,  4.62759626e+04,  4.98351450e+12]])]
group lists [array([ 0,  1,  2,  3,  4,  5,  6,  7,  8,  9, 10, 11, 12, 13, 14, 15, 16,
       17, 18, 19, 20, 21, 22, 23])]
outliers []

adding measurement: 24 from agent 0
measurement: 24
truth group lists [[], [], [], [], [0, 1, 2, 3, 4, 5, 6, 7, 8, 9, 10, 11, 12, 13, 14, 15, 16, 17, 18, 19, 20, 21, 22, 23, 24], [], [], [], [], [], [], [], []]
dist_from_measurement_to_model 1032.8761889329205
measurement_mahalonobis_distance 0.06535676822730062
measurement_mahalonobis_distance_in_x_y 1.881892574658862
ransac prediction [array([ 4548.9264638 ,  2976.76660318, 56654.56350547])]
covariance [array([[ 2.91352466e+02,  6.50936580e+00, -7.34889237e+03],
       [ 6.50936580e+00,  3.38813310e+02,  3.99446002e+04],
       [-7.34889237e+03,  3.99446002e+04,  4.84894385e+12]])]
group lists [array([ 0,  1,  2,  3,  4,  5,  6,  7,  8,  9, 10, 11, 12, 13, 14, 15, 16,
       17, 18, 19, 20, 21, 22, 23, 24])]
outliers []

adding measurement: 25 from agent 0
measurement: 25
truth group lists [[], [], [], [], [0, 1, 2, 3, 4, 5, 6, 7, 8, 9, 10, 11, 12, 13, 14, 15, 16, 17, 18, 19, 20, 21, 22, 23, 24, 25], [], [], [], [], [], [], [], []]
dist_from_measurement_to_model 1171.1227997258563
measurement_mahalonobis_distance 0.012946404948968756
measurement_mahalonobis_distance_in_x_y 0.9261188206908633
ransac prediction [array([ 4549.64045632,  2975.72076713, 56472.58935773])]
covariance [array([[ 2.83620149e+02,  1.78354328e+01, -6.06009961e+03],
       [ 1.78354328e+01,  3.22223201e+02,  3.67230656e+04],
       [-6.06009961e+03,  3.67230656e+04,  4.77099553e+12]])]
group lists [array([ 0,  1,  2,  3,  4,  5,  6,  7,  8,  9, 10, 11, 12, 13, 14, 15, 16,
       17, 18, 19, 20, 21, 22, 23, 24, 25])]
outliers []

adding measurement: 26 from agent 0
measurement: 26
truth group lists [[], [], [], [], [0, 1, 2, 3, 4, 5, 6, 7, 8, 9, 10, 11, 12, 13, 14, 15, 16, 17, 18, 19, 20, 21, 22, 23, 24, 25, 26], [], [], [], [], [], [], [], []]
dist_from_measurement_to_model 1364.413940792847
measurement_mahalonobis_distance 0.30027564814160385
measurement_mahalonobis_distance_in_x_y 4.951112945278899
ransac prediction [array([ 4552.78553771,  2972.70795258, 56018.16713102])]
covariance [array([[ 2.75880301e+02,  2.52497779e+01, -5.08061731e+03],
       [ 2.52497779e+01,  3.15120661e+02,  3.51979580e+04],
       [-5.08061731e+03,  3.51979580e+04,  4.72972683e+12]])]
group lists [array([ 0,  1,  2,  3,  4,  5,  6,  7,  8,  9, 10, 11, 12, 13, 14, 15, 16,
       17, 18, 19, 20, 21, 22, 23, 24, 25, 26])]
outliers []

adding measurement: 27 from agent 0
measurement: 27
truth group lists [[], [], [], [], [0, 1, 2, 3, 4, 5, 6, 7, 8, 9, 10, 11, 12, 13, 14, 15, 16, 17, 18, 19, 20, 21, 22, 23, 24, 25, 26, 27], [], [], [], [], [], [], [], []]
dist_from_measurement_to_model 1372.931604439261
measurement_mahalonobis_distance 0.07560407859002678
measurement_mahalonobis_distance_in_x_y 2.515116193872804
ransac prediction [array([ 4551.30536481,  2974.09464101, 56201.6784447 ])]
covariance [array([[ 2.68862464e+02,  3.18243841e+01, -4.22856022e+03],
       [ 3.18243841e+01,  3.08961285e+02,  3.38433572e+04],
       [-4.22856022e+03,  3.38433572e+04,  4.69015486e+12]])]
group lists [array([ 0,  1,  2,  3,  4,  5,  6,  7,  8,  9, 10, 11, 12, 13, 14, 15, 16,
       17, 18, 19, 20, 21, 22, 23, 24, 25, 26, 27])]
outliers []

adding measurement: 28 from agent 0
measurement: 28
truth group lists [[], [], [], [], [0, 1, 2, 3, 4, 5, 6, 7, 8, 9, 10, 11, 12, 13, 14, 15, 16, 17, 18, 19, 20, 21, 22, 23, 24, 25, 26, 27, 28], [], [], [], [], [], [], [], []]
dist_from_measurement_to_model 1593.1320279498607
measurement_mahalonobis_distance 0.4441852504835489
measurement_mahalonobis_distance_in_x_y 6.661521058601868
ransac prediction [array([ 4548.22756197,  2976.14456088, 56511.29136342])]
covariance [array([[ 2.62777872e+02,  3.58769257e+01, -3.63490768e+03],
       [ 3.58769257e+01,  3.06262153e+02,  3.31784758e+04],
       [-3.63490768e+03,  3.31784758e+04,  4.66861078e+12]])]
group lists [array([ 0,  1,  2,  3,  4,  5,  6,  7,  8,  9, 10, 11, 12, 13, 14, 15, 16,
       17, 18, 19, 20, 21, 22, 23, 24, 25, 26, 27, 28])]
outliers []

adding measurement: 29 from agent 0
measurement: 29
truth group lists [[], [], [], [], [0, 1, 2, 3, 4, 5, 6, 7, 8, 9, 10, 11, 12, 13, 14, 15, 16, 17, 18, 19, 20, 21, 22, 23, 24, 25, 26, 27, 28, 29], [], [], [], [], [], [], [], []]
dist_from_measurement_to_model 1843.2419486671954
measurement_mahalonobis_distance 0.23503845698954898
measurement_mahalonobis_distance_in_x_y 5.26624470289755
ransac prediction [array([ 4550.10219292,  2975.22789251, 56349.13992148])]
covariance [array([[ 2.57801804e+02,  3.83101535e+01, -3.23369120e+03],
       [ 3.83101535e+01,  3.05072337e+02,  3.28450667e+04],
       [-3.23369120e+03,  3.28450667e+04,  4.65667382e+12]])]
group lists [array([ 0,  1,  2,  3,  4,  5,  6,  7,  8,  9, 10, 11, 12, 13, 14, 15, 16,
       17, 18, 19, 20, 21, 22, 23, 24, 25, 26, 27, 28, 29])]
outliers []

adding measurement: 30 from agent 0
measurement: 30
truth group lists [[], [], [], [], [0, 1, 2, 3, 4, 5, 6, 7, 8, 9, 10, 11, 12, 13, 14, 15, 16, 17, 18, 19, 20, 21, 22, 23, 24, 25, 26, 27, 28, 29, 30], [], [], [], [], [], [], [], []]
dist_from_measurement_to_model 2107.805240213829
measurement_mahalonobis_distance 0.7675763514138445
measurement_mahalonobis_distance_in_x_y 10.257980668421046
ransac prediction [array([ 4547.25912491,  2976.26148575, 56543.71445802])]
covariance [array([[ 2.53777304e+02,  3.97732546e+01, -2.96004296e+03],
       [ 3.97732546e+01,  3.04540428e+02,  3.26707395e+04],
       [-2.96004296e+03,  3.26707395e+04,  4.64972132e+12]])]
group lists [array([ 0,  1,  2,  3,  4,  5,  6,  7,  8,  9, 10, 11, 12, 13, 14, 15, 16,
       17, 18, 19, 20, 21, 22, 23, 24, 25, 26, 27, 28, 29, 30])]
outliers []

adding measurement: 31 from agent 0
measurement: 31
truth group lists [[], [], [], [], [0, 1, 2, 3, 4, 5, 6, 7, 8, 9, 10, 11, 12, 13, 14, 15, 16, 17, 18, 19, 20, 21, 22, 23, 24, 25, 26, 27, 28, 29, 30], [], [31], [], [], [], [], [], []]
dist_from_measurement_to_model 2296.7447004382907
measurement_mahalonobis_distance 899.5913046895165
measurement_mahalonobis_distance_in_x_y 87.03330947080194
ransac prediction [array([ 4547.25912491,  2976.26148575, 56543.71445802])]
covariance [array([[ 2.53777304e+02,  3.97732546e+01, -2.96004296e+03],
       [ 3.97732546e+01,  3.04540428e+02,  3.26707395e+04],
       [-2.96004296e+03,  3.26707395e+04,  4.64972132e+12]])]
group lists [array([ 0,  1,  2,  3,  4,  5,  6,  7,  8,  9, 10, 11, 12, 13, 14, 15, 16,
       17, 18, 19, 20, 21, 22, 23, 24, 25, 26, 27, 28, 29, 30])]
outliers [31]

adding measurement: 32 from agent 0
measurement: 32
truth group lists [[], [], [], [], [0, 1, 2, 3, 4, 5, 6, 7, 8, 9, 10, 11, 12, 13, 14, 15, 16, 17, 18, 19, 20, 21, 22, 23, 24, 25, 26, 27, 28, 29, 30, 32], [], [31], [], [], [], [], [], []]
dist_from_measurement_to_model 2371.1605375058652
measurement_mahalonobis_distance 0.06080261148888174
measurement_mahalonobis_distance_in_x_y 3.063947843883033
ransac prediction [array([ 4547.93885213,  2976.07201054, 56501.03098353])]
covariance [array([[ 2.50502526e+02,  4.06861049e+01, -2.76625146e+03],
       [ 4.06861049e+01,  3.04285969e+02,  3.25722035e+04],
       [-2.76625146e+03,  3.25722035e+04,  4.64539055e+12]])]
group lists [array([ 0,  1,  2,  3,  4,  5,  6,  7,  8,  9, 10, 11, 12, 13, 14, 15, 16,
       17, 18, 19, 20, 21, 22, 23, 24, 25, 26, 27, 28, 29, 30, 32])]
outliers [31]

adding measurement: 33 from agent 0
measurement: 33
truth group lists [[], [], [], [], [0, 1, 2, 3, 4, 5, 6, 7, 8, 9, 10, 11, 12, 13, 14, 15, 16, 17, 18, 19, 20, 21, 22, 23, 24, 25, 26, 27, 28, 29, 30, 32], [], [31, 33], [], [], [], [], [], []]
dist_from_measurement_to_model 2521.357678830924
measurement_mahalonobis_distance 971.164693163373
measurement_mahalonobis_distance_in_x_y 97.80649840182315
ransac prediction [array([ 4547.93885213,  2976.07201054, 56501.03098353])]
covariance [array([[ 2.50502526e+02,  4.06861049e+01, -2.76625146e+03],
       [ 4.06861049e+01,  3.04285969e+02,  3.25722035e+04],
       [-2.76625146e+03,  3.25722035e+04,  4.64539055e+12]])]
group lists [array([ 0,  1,  2,  3,  4,  5,  6,  7,  8,  9, 10, 11, 12, 13, 14, 15, 16,
       17, 18, 19, 20, 21, 22, 23, 24, 25, 26, 27, 28, 29, 30, 32])]
outliers [31 33]

adding measurement: 34 from agent 0
measurement: 34
truth group lists [[], [], [], [], [0, 1, 2, 3, 4, 5, 6, 7, 8, 9, 10, 11, 12, 13, 14, 15, 16, 17, 18, 19, 20, 21, 22, 23, 24, 25, 26, 27, 28, 29, 30, 32, 34], [], [31, 33], [], [], [], [], [], []]
dist_from_measurement_to_model 2651.4156123641833
measurement_mahalonobis_distance 0.21774260498982737
measurement_mahalonobis_distance_in_x_y 6.1316389368575654
ransac prediction [array([ 4549.03800629,  2975.84191033, 56442.43667472])]
covariance [array([[ 2.47826265e+02,  4.12463612e+01, -2.62756409e+03],
       [ 4.12463612e+01,  3.04168683e+02,  3.25158396e+04],
       [-2.62756409e+03,  3.25158396e+04,  4.64262467e+12]])]
group lists [array([ 0,  1,  2,  3,  4,  5,  6,  7,  8,  9, 10, 11, 12, 13, 14, 15, 16,
       17, 18, 19, 20, 21, 22, 23, 24, 25, 26, 27, 28, 29, 30, 32, 34])]
outliers [31 33]

adding measurement: 35 from agent 0
measurement: 35
truth group lists [[], [], [], [], [0, 1, 2, 3, 4, 5, 6, 7, 8, 9, 10, 11, 12, 13, 14, 15, 16, 17, 18, 19, 20, 21, 22, 23, 24, 25, 26, 27, 28, 29, 30, 32, 34], [], [31, 33, 35], [], [], [], [], [], []]
dist_from_measurement_to_model 2738.6095502067956
measurement_mahalonobis_distance 1111.5185830345185
measurement_mahalonobis_distance_in_x_y 99.5320112858884
ransac prediction [array([ 4549.03800629,  2975.84191033, 56442.43667472])]
covariance [array([[ 2.47826265e+02,  4.12463612e+01, -2.62756409e+03],
       [ 4.12463612e+01,  3.04168683e+02,  3.25158396e+04],
       [-2.62756409e+03,  3.25158396e+04,  4.64262467e+12]])]
group lists [array([ 0,  1,  2,  3,  4,  5,  6,  7,  8,  9, 10, 11, 12, 13, 14, 15, 16,
       17, 18, 19, 20, 21, 22, 23, 24, 25, 26, 27, 28, 29, 30, 32, 34])]
outliers [31 33 35]

adding measurement: 36 from agent 0
measurement: 36
truth group lists [[], [], [], [], [0, 1, 2, 3, 4, 5, 6, 7, 8, 9, 10, 11, 12, 13, 14, 15, 16, 17, 18, 19, 20, 21, 22, 23, 24, 25, 26, 27, 28, 29, 30, 32, 34, 36], [], [31, 33, 35], [], [], [], [], [], []]
dist_from_measurement_to_model 2925.3904275436894
measurement_mahalonobis_distance 0.3224302506621608
measurement_mahalonobis_distance_in_x_y 7.838614251902403
ransac prediction [array([ 4550.19922573,  2975.66004799, 56387.82773645])]
covariance [array([[ 2.45599597e+02,  4.15950870e+01, -2.52478743e+03],
       [ 4.15950870e+01,  3.04114068e+02,  3.24818784e+04],
       [-2.52478743e+03,  3.24818784e+04,  4.64076010e+12]])]
group lists [array([ 0,  1,  2,  3,  4,  5,  6,  7,  8,  9, 10, 11, 12, 13, 14, 15, 16,
       17, 18, 19, 20, 21, 22, 23, 24, 25, 26, 27, 28, 29, 30, 32, 34, 36])]
outliers [31 33 35]

adding measurement: 37 from agent 0
measurement: 37
truth group lists [[], [], [], [], [0, 1, 2, 3, 4, 5, 6, 7, 8, 9, 10, 11, 12, 13, 14, 15, 16, 17, 18, 19, 20, 21, 22, 23, 24, 25, 26, 27, 28, 29, 30, 32, 34, 36, 37], [], [31, 33, 35], [], [], [], [], [], []]
dist_from_measurement_to_model 2936.3151858023994
measurement_mahalonobis_distance 0.8821575359181509
measurement_mahalonobis_distance_in_x_y 12.973520336894207
ransac prediction [array([ 4552.08788897,  2975.36884561, 56300.04322539])]
covariance [array([[ 2.43428739e+02,  4.19297993e+01, -2.42523655e+03],
       [ 4.19297993e+01,  3.04062460e+02,  3.24489669e+04],
       [-2.42523655e+03,  3.24489669e+04,  4.63892460e+12]])]
group lists [array([ 0,  1,  2,  3,  4,  5,  6,  7,  8,  9, 10, 11, 12, 13, 14, 15, 16,
       17, 18, 19, 20, 21, 22, 23, 24, 25, 26, 27, 28, 29, 30, 32, 34, 36,
       37])]
outliers [31 33 35]

agentOrder [0]
agentOrder [0]
initialWaypoints [8697.2939528  2598.28865862]

List of user-set options:

                                    Name   Value                used
                        file_print_level = 5                     yes
                   hessian_approximation = limited-memory        yes
                                  hsllib = /home/ggs24/packages/ThirdParty-HSL/.libs/libcoinhsl.so  yes
                           linear_solver = ma97                  yes
                                max_iter = 200                   yes
                             output_file = IPOPT.out             yes
                             print_level = 5                     yes
                      print_user_options = yes                   yes
                                      sb = yes                   yes
                                     tol = 1e-05                 yes
This is Ipopt version 3.14.7, running with linear solver ma97.

Number of nonzeros in equality constraint Jacobian...:        0
Number of nonzeros in inequality constraint Jacobian.:        2
Number of nonzeros in Lagrangian Hessian.............:        0

Total number of variables............................:        2
                     variables with only lower bounds:        0
                variables with lower and upper bounds:        2
                     variables with only upper bounds:        0
Total number of equality constraints.................:        0
Total number of inequality constraints...............:        1
        inequality constraints with only lower bounds:        0
   inequality constraints with lower and upper bounds:        1
        inequality constraints with only upper bounds:        0

iter    objective    inf_pr   inf_du lg(mu)  ||d||  lg(rg) alpha_du alpha_pr  ls
   0  1.0000000e+00 0.00e+00 8.43e-05   0.0 0.00e+00    -  0.00e+00 0.00e+00   0
   1  9.9999999e-01 0.00e+00 8.43e-05  -2.1 1.19e-04    -  9.90e-01 1.00e+00f  1
   2  9.6444052e-01 0.00e+00 1.12e-03   1.8 4.84e+03    -  1.00e+00 1.00e+00f  1
   3  1.2116634e+00 0.00e+00 4.68e-04  -4.2 2.18e+03    -  8.42e-01 1.00e+00h  1
   4  9.6424184e-01 0.00e+00 1.99e-04   0.9 1.47e+03    -  1.00e+00 1.00e+00f  1
   5  9.6449669e-01 0.00e+00 3.46e-05  -5.1 7.86e+01    -  9.82e-01 1.00e+00h  1
   6  9.6432077e-01 0.00e+00 7.84e-07  -2.7 5.81e+01    -  9.94e-01 1.00e+00h  1
   7  9.6395627e-01 0.00e+00 1.01e-06  -4.1 2.01e+02    -  1.00e+00 1.00e+00h  1
   8  9.6383290e-01 0.00e+00 7.68e-07  -5.9 1.36e+02    -  1.00e+00 1.00e+00h  1
   9  9.6373934e-01 0.00e+00 5.44e-07  -7.3 1.55e+02    -  1.00e+00 1.00e+00h  1

Number of Iterations....: 9

                                   (scaled)                 (unscaled)
Objective...............:   9.6373933564004277e-01    9.6373933564004277e-01
Dual infeasibility......:   5.4358874511571276e-07    5.4358874511571276e-07
Constraint violation....:   0.0000000000000000e+00    0.0000000000000000e+00
Variable bound violation:   0.0000000000000000e+00    0.0000000000000000e+00
Complementarity.........:   1.8614253856120192e-06    1.8614253856120192e-06
Overall NLP error.......:   1.8614253856120192e-06    1.8614253856120192e-06


Number of objective function evaluations             = 10
Number of objective gradient evaluations             = 10
Number of equality constraint evaluations            = 0
Number of inequality constraint evaluations          = 10
Number of equality constraint Jacobian evaluations   = 0
Number of inequality constraint Jacobian evaluations = 10
Number of Lagrangian Hessian evaluations             = 0
Total seconds in IPOPT                               = 0.535

EXIT: Optimal Solution Found.
OPTIMIZATION SUCCESSFUL
fStar [0.96373934]
new best [0.96373934]

List of user-set options:

                                    Name   Value                used
                        file_print_level = 5                     yes
                   hessian_approximation = limited-memory        yes
                                  hsllib = /home/ggs24/packages/ThirdParty-HSL/.libs/libcoinhsl.so  yes
                           linear_solver = ma97                  yes
                                max_iter = 200                   yes
                             output_file = IPOPT.out             yes
                             print_level = 5                     yes
                      print_user_options = yes                   yes
                                      sb = yes                   yes
                                     tol = 1e-05                 yes
This is Ipopt version 3.14.7, running with linear solver ma97.

Number of nonzeros in equality constraint Jacobian...:        0
Number of nonzeros in inequality constraint Jacobian.:        2
Number of nonzeros in Lagrangian Hessian.............:        0

Total number of variables............................:        2
                     variables with only lower bounds:        0
                variables with lower and upper bounds:        2
                     variables with only upper bounds:        0
Total number of equality constraints.................:        0
Total number of inequality constraints...............:        1
        inequality constraints with only lower bounds:        0
   inequality constraints with lower and upper bounds:        1
        inequality constraints with only upper bounds:        0

iter    objective    inf_pr   inf_du lg(mu)  ||d||  lg(rg) alpha_du alpha_pr  ls
   0  9.7020221e-01 4.37e+03 4.27e-07   0.0 0.00e+00    -  0.00e+00 0.00e+00   0
   1  9.7020085e-01 4.37e+03 1.27e+02   3.6 4.30e+03    -  9.96e-01 1.54e-02h  1
   2  9.6683549e-01 1.42e-01 5.59e+01  -2.5 4.35e+03    -  5.63e-01 1.00e+00h  1
   3  9.6683473e-01 0.00e+00 2.84e-01  -3.0 8.08e-01    -  9.90e-01 1.00e+00h  1
   4  9.6683473e-01 0.00e+00 2.84e-03  -5.0 4.25e-03    -  9.90e-01 1.00e+00h  1
   5  9.6681692e-01 0.00e+00 4.89e-05  -1.1 2.75e+01    -  9.91e-01 1.00e+00f  1
   6  9.6681657e-01 0.00e+00 1.21e-06  -7.2 4.70e-01    -  9.74e-01 1.00e+00h  1
   7  9.6679343e-01 0.00e+00 7.54e-07  -8.8 2.44e+01    -  3.76e-01 1.00e+00h  1
   8  9.6679343e-01 0.00e+00 4.74e-07  -9.0 2.00e-05    -  9.99e-01 1.00e+00h  1

Number of Iterations....: 8

                                   (scaled)                 (unscaled)
Objective...............:   9.6679342711849159e-01    9.6679342711849159e-01
Dual infeasibility......:   4.7351529648943840e-07    4.7351529648943840e-07
Constraint violation....:   0.0000000000000000e+00    0.0000000000000000e+00
Variable bound violation:   0.0000000000000000e+00    0.0000000000000000e+00
Complementarity.........:   1.6994492981148641e-06    1.6994492981148641e-06
Overall NLP error.......:   1.6994492981148641e-06    1.6994492981148641e-06


Number of objective function evaluations             = 9
Number of objective gradient evaluations             = 9
Number of equality constraint evaluations            = 0
Number of inequality constraint evaluations          = 9
Number of equality constraint Jacobian evaluations   = 0
Number of inequality constraint Jacobian evaluations = 9
Number of Lagrangian Hessian evaluations             = 0
Total seconds in IPOPT                               = 0.486

EXIT: Optimal Solution Found.
OPTIMIZATION SUCCESSFUL
fStar [0.96679343]

List of user-set options:

                                    Name   Value                used
                        file_print_level = 5                     yes
                   hessian_approximation = limited-memory        yes
                                  hsllib = /home/ggs24/packages/ThirdParty-HSL/.libs/libcoinhsl.so  yes
                           linear_solver = ma97                  yes
                                max_iter = 200                   yes
                             output_file = IPOPT.out             yes
                             print_level = 5                     yes
                      print_user_options = yes                   yes
                                      sb = yes                   yes
                                     tol = 1e-05                 yes
This is Ipopt version 3.14.7, running with linear solver ma97.

Number of nonzeros in equality constraint Jacobian...:        0
Number of nonzeros in inequality constraint Jacobian.:        2
Number of nonzeros in Lagrangian Hessian.............:        0

Total number of variables............................:        2
                     variables with only lower bounds:        0
                variables with lower and upper bounds:        2
                     variables with only upper bounds:        0
Total number of equality constraints.................:        0
Total number of inequality constraints...............:        1
        inequality constraints with only lower bounds:        0
   inequality constraints with lower and upper bounds:        1
        inequality constraints with only upper bounds:        0

iter    objective    inf_pr   inf_du lg(mu)  ||d||  lg(rg) alpha_du alpha_pr  ls
   0  9.6569452e-01 4.34e+03 5.06e-07   0.0 0.00e+00    -  0.00e+00 0.00e+00   0
   1  9.6569413e-01 4.34e+03 1.27e+02   3.6 4.28e+03    -  1.00e+00 1.55e-02h  1
   2  9.6470533e-01 7.50e-01 4.12e+01  -2.5 3.50e+03    -  6.79e-01 1.00e+00h  1
   3  9.6470478e-01 0.00e+00 2.09e-01  -3.2 1.23e+00    -  9.90e-01 1.00e+00h  1
   4  9.6470477e-01 0.00e+00 2.09e-03  -5.2 1.65e-02    -  9.90e-01 1.00e+00h  1
   5  9.6469670e-01 0.00e+00 3.32e-05  -1.3 1.42e+01    -  9.92e-01 1.00e+00f  1
   6  9.6469542e-01 0.00e+00 6.19e-07  -7.3 1.59e+00    -  9.82e-01 1.00e+00h  1
   7  9.6469006e-01 0.00e+00 5.33e-07  -9.1 1.18e+01    -  5.46e-01 1.00e+00h  1
   8  9.6469006e-01 0.00e+00 4.90e-07  -9.4 2.98e-04    -  1.00e+00 1.00e+00h  1

Number of Iterations....: 8

                                   (scaled)                 (unscaled)
Objective...............:   9.6469006203427665e-01    9.6469006203427665e-01
Dual infeasibility......:   4.9048943798483093e-07    4.9048943798483093e-07
Constraint violation....:   0.0000000000000000e+00    0.0000000000000000e+00
Variable bound violation:   0.0000000000000000e+00    0.0000000000000000e+00
Complementarity.........:   2.2568178486846013e-07    2.2568178486846013e-07
Overall NLP error.......:   4.9048943798483093e-07    4.9048943798483093e-07


Number of objective function evaluations             = 9
Number of objective gradient evaluations             = 9
Number of equality constraint evaluations            = 0
Number of inequality constraint evaluations          = 9
Number of equality constraint Jacobian evaluations   = 0
Number of inequality constraint Jacobian evaluations = 9
Number of Lagrangian Hessian evaluations             = 0
Total seconds in IPOPT                               = 0.364

EXIT: Optimal Solution Found.
OPTIMIZATION SUCCESSFUL
fStar [0.96469006]

List of user-set options:

                                    Name   Value                used
                        file_print_level = 5                     yes
                   hessian_approximation = limited-memory        yes
                                  hsllib = /home/ggs24/packages/ThirdParty-HSL/.libs/libcoinhsl.so  yes
                           linear_solver = ma97                  yes
                                max_iter = 200                   yes
                             output_file = IPOPT.out             yes
                             print_level = 5                     yes
                      print_user_options = yes                   yes
                                      sb = yes                   yes
                                     tol = 1e-05                 yes
This is Ipopt version 3.14.7, running with linear solver ma97.

Number of nonzeros in equality constraint Jacobian...:        0
Number of nonzeros in inequality constraint Jacobian.:        2
Number of nonzeros in Lagrangian Hessian.............:        0

Total number of variables............................:        2
                     variables with only lower bounds:        0
                variables with lower and upper bounds:        2
                     variables with only upper bounds:        0
Total number of equality constraints.................:        0
Total number of inequality constraints...............:        1
        inequality constraints with only lower bounds:        0
   inequality constraints with lower and upper bounds:        1
        inequality constraints with only upper bounds:        0

iter    objective    inf_pr   inf_du lg(mu)  ||d||  lg(rg) alpha_du alpha_pr  ls
   0  9.7089676e-01 9.14e+03 5.24e-07   0.0 0.00e+00    -  0.00e+00 0.00e+00   0
   1  9.7089629e-01 9.14e+03 6.01e+01   2.6 9.07e+03    -  4.29e-01 7.31e-03h  1
   2  9.6664426e-01 5.24e+01 4.73e+01   3.4 8.85e+03    -  1.81e-01 1.00e+00f  1
   3  9.6656487e-01 0.00e+00 4.99e-01   1.4 9.59e+01    -  9.90e-01 1.00e+00h  1
   4  9.6656484e-01 0.00e+00 2.47e-03  -4.2 8.30e-02    -  9.90e-01 1.00e+00h  1
   5  9.6656461e-01 0.00e+00 5.12e-05  -6.2 7.47e-01    -  9.90e-01 1.00e+00h  1
   6  9.6656379e-01 0.00e+00 1.32e-06  -8.2 7.84e-01    -  9.74e-01 1.00e+00h  1
   7  9.6650385e-01 0.00e+00 8.20e-07  -9.8 7.18e+01    -  3.80e-01 1.00e+00h  1
   8  9.6650385e-01 0.00e+00 4.19e-07 -10.0 4.66e-05    -  1.00e+00 1.00e+00h  1

Number of Iterations....: 8

                                   (scaled)                 (unscaled)
Objective...............:   9.6650384894184871e-01    9.6650384894184871e-01
Dual infeasibility......:   4.1908830877339024e-07    4.1908830877339024e-07
Constraint violation....:   0.0000000000000000e+00    0.0000000000000000e+00
Variable bound violation:   0.0000000000000000e+00    0.0000000000000000e+00
Complementarity.........:   5.3671992332890562e-08    5.3671992332890562e-08
Overall NLP error.......:   4.1908830877339024e-07    4.1908830877339024e-07


Number of objective function evaluations             = 9
Number of objective gradient evaluations             = 9
Number of equality constraint evaluations            = 0
Number of inequality constraint evaluations          = 9
Number of equality constraint Jacobian evaluations   = 0
Number of inequality constraint Jacobian evaluations = 9
Number of Lagrangian Hessian evaluations             = 0
Total seconds in IPOPT                               = 0.382

EXIT: Optimal Solution Found.
OPTIMIZATION SUCCESSFUL
fStar [0.96650385]

List of user-set options:

                                    Name   Value                used
                        file_print_level = 5                     yes
                   hessian_approximation = limited-memory        yes
                                  hsllib = /home/ggs24/packages/ThirdParty-HSL/.libs/libcoinhsl.so  yes
                           linear_solver = ma97                  yes
                                max_iter = 200                   yes
                             output_file = IPOPT.out             yes
                             print_level = 5                     yes
                      print_user_options = yes                   yes
                                      sb = yes                   yes
                                     tol = 1e-05                 yes
This is Ipopt version 3.14.7, running with linear solver ma97.

Number of nonzeros in equality constraint Jacobian...:        0
Number of nonzeros in inequality constraint Jacobian.:        2
Number of nonzeros in Lagrangian Hessian.............:        0

Total number of variables............................:        2
                     variables with only lower bounds:        0
                variables with lower and upper bounds:        2
                     variables with only upper bounds:        0
Total number of equality constraints.................:        0
Total number of inequality constraints...............:        1
        inequality constraints with only lower bounds:        0
   inequality constraints with lower and upper bounds:        1
        inequality constraints with only upper bounds:        0

iter    objective    inf_pr   inf_du lg(mu)  ||d||  lg(rg) alpha_du alpha_pr  ls
   0  9.7309387e-01 6.61e+03 4.23e-07   0.0 0.00e+00    -  0.00e+00 0.00e+00   0
   1  9.7309268e-01 6.60e+03 1.44e+02   3.7 6.50e+03    -  8.32e-01 1.02e-02h  1
   2  9.6865598e-01 5.40e+01 9.61e+01  -2.4 6.61e+03    -  3.27e-01 1.00e+00h  1
   3  9.6860942e-01 0.00e+00 1.02e+00   1.2 5.33e+01    -  9.90e-01 1.00e+00h  1
   4  9.6860941e-01 0.00e+00 5.09e-03  -4.4 4.46e-02    -  9.90e-01 1.00e+00h  1
   5  9.6860936e-01 0.00e+00 1.03e-04  -6.4 2.30e-01    -  9.90e-01 1.00e+00h  1
   6  9.6858395e-01 0.00e+00 1.09e-06  -2.5 2.87e+01    -  9.89e-01 1.00e+00f  1
   7  9.6769721e-01 0.00e+00 6.94e-07  -3.5 9.72e+02    -  9.71e-01 1.00e+00h  1
   8  9.6769721e-01 0.00e+00 4.76e-07  -9.5 1.90e-05    -  9.99e-01 1.00e+00h  1

Number of Iterations....: 8

                                   (scaled)                 (unscaled)
Objective...............:   9.6769720973981688e-01    9.6769720973981688e-01
Dual infeasibility......:   4.7618479461010189e-07    4.7618479461010189e-07
Constraint violation....:   0.0000000000000000e+00    0.0000000000000000e+00
Variable bound violation:   0.0000000000000000e+00    0.0000000000000000e+00
Complementarity.........:   4.4357826511793431e-07    4.4357826511793431e-07
Overall NLP error.......:   4.7618479461010189e-07    4.7618479461010189e-07


Number of objective function evaluations             = 9
Number of objective gradient evaluations             = 9
Number of equality constraint evaluations            = 0
Number of inequality constraint evaluations          = 9
Number of equality constraint Jacobian evaluations   = 0
Number of inequality constraint Jacobian evaluations = 9
Number of Lagrangian Hessian evaluations             = 0
Total seconds in IPOPT                               = 0.487

EXIT: Optimal Solution Found.
OPTIMIZATION SUCCESSFUL
fStar [0.96769721]

List of user-set options:

                                    Name   Value                used
                        file_print_level = 5                     yes
                   hessian_approximation = limited-memory        yes
                                  hsllib = /home/ggs24/packages/ThirdParty-HSL/.libs/libcoinhsl.so  yes
                           linear_solver = ma97                  yes
                                max_iter = 200                   yes
                             output_file = IPOPT.out             yes
                             print_level = 5                     yes
                      print_user_options = yes                   yes
                                      sb = yes                   yes
                                     tol = 1e-05                 yes
This is Ipopt version 3.14.7, running with linear solver ma97.

Number of nonzeros in equality constraint Jacobian...:        0
Number of nonzeros in inequality constraint Jacobian.:        2
Number of nonzeros in Lagrangian Hessian.............:        0

Total number of variables............................:        2
                     variables with only lower bounds:        0
                variables with lower and upper bounds:        2
                     variables with only upper bounds:        0
Total number of equality constraints.................:        0
Total number of inequality constraints...............:        1
        inequality constraints with only lower bounds:        0
   inequality constraints with lower and upper bounds:        1
        inequality constraints with only upper bounds:        0

iter    objective    inf_pr   inf_du lg(mu)  ||d||  lg(rg) alpha_du alpha_pr  ls
   0  9.7324294e-01 7.76e+03 4.07e-07   0.0 0.00e+00    -  0.00e+00 0.00e+00   0
   1  9.7324177e-01 7.76e+03 1.35e+02   3.7 7.64e+03    -  7.18e-01 8.69e-03h  1
   2  9.6700422e-01 7.94e+01 9.75e+01  -2.3 7.75e+03    -  2.64e-01 1.00e+00h  1
   3  9.6690495e-01 0.00e+00 1.23e+00   1.3 7.80e+01    -  9.88e-01 1.00e+00h  1
   4  9.6690493e-01 0.00e+00 6.17e-03  -4.3 2.21e-02    -  9.90e-01 1.00e+00h  1
   5  9.6690491e-01 0.00e+00 1.25e-04  -6.3 1.16e-01    -  9.90e-01 1.00e+00h  1
   6  9.6686535e-01 0.00e+00 1.59e-06  -2.4 3.23e+01    -  9.87e-01 1.00e+00f  1
   7  9.6546176e-01 0.00e+00 1.92e-07  -3.2 1.26e+03    -  9.79e-01 1.00e+00f  1
   8  9.6546176e-01 0.00e+00 2.33e-07  -9.3 4.95e-05    -  9.99e-01 1.00e+00h  1

Number of Iterations....: 8

                                   (scaled)                 (unscaled)
Objective...............:   9.6546175754421781e-01    9.6546175754421781e-01
Dual infeasibility......:   2.3295111019726125e-07    2.3295111019726125e-07
Constraint violation....:   0.0000000000000000e+00    0.0000000000000000e+00
Variable bound violation:   0.0000000000000000e+00    0.0000000000000000e+00
Complementarity.........:   1.3560132495718147e-06    1.3560132495718147e-06
Overall NLP error.......:   1.3560132495718147e-06    1.3560132495718147e-06


Number of objective function evaluations             = 9
Number of objective gradient evaluations             = 9
Number of equality constraint evaluations            = 0
Number of inequality constraint evaluations          = 9
Number of equality constraint Jacobian evaluations   = 0
Number of inequality constraint Jacobian evaluations = 9
Number of Lagrangian Hessian evaluations             = 0
Total seconds in IPOPT                               = 0.440

EXIT: Optimal Solution Found.
OPTIMIZATION SUCCESSFUL
fStar [0.96546176]

List of user-set options:

                                    Name   Value                used
                        file_print_level = 5                     yes
                   hessian_approximation = limited-memory        yes
                                  hsllib = /home/ggs24/packages/ThirdParty-HSL/.libs/libcoinhsl.so  yes
                           linear_solver = ma97                  yes
                                max_iter = 200                   yes
                             output_file = IPOPT.out             yes
                             print_level = 5                     yes
                      print_user_options = yes                   yes
                                      sb = yes                   yes
                                     tol = 1e-05                 yes
This is Ipopt version 3.14.7, running with linear solver ma97.

Number of nonzeros in equality constraint Jacobian...:        0
Number of nonzeros in inequality constraint Jacobian.:        2
Number of nonzeros in Lagrangian Hessian.............:        0

Total number of variables............................:        2
                     variables with only lower bounds:        0
                variables with lower and upper bounds:        2
                     variables with only upper bounds:        0
Total number of equality constraints.................:        0
Total number of inequality constraints...............:        1
        inequality constraints with only lower bounds:        0
   inequality constraints with lower and upper bounds:        1
        inequality constraints with only upper bounds:        0

iter    objective    inf_pr   inf_du lg(mu)  ||d||  lg(rg) alpha_du alpha_pr  ls
   0  9.6650029e-01 3.49e+03 5.34e-07   0.0 0.00e+00    -  0.00e+00 0.00e+00   0
   1  9.6649982e-01 3.49e+03 1.01e+02   3.5 3.46e+03    -  9.94e-01 1.92e-02h  1
   2  9.6561390e-01 2.99e-01 2.95e+01  -2.6 2.91e+03    -  7.13e-01 1.00e+00h  1
   3  9.6561349e-01 0.00e+00 1.49e-01  -3.3 8.83e-01    -  9.90e-01 1.00e+00h  1
   4  9.6561347e-01 0.00e+00 1.49e-03  -5.3 2.68e-02    -  9.90e-01 1.00e+00h  1
   5  9.6560078e-01 0.00e+00 2.33e-05  -1.4 1.80e+01    -  9.92e-01 1.00e+00f  1
   6  9.6559849e-01 0.00e+00 6.43e-07  -7.4 2.59e+00    -  9.78e-01 1.00e+00h  1
   7  9.6558981e-01 0.00e+00 6.26e-07  -9.1 1.82e+01    -  4.58e-01 1.00e+00h  1
   8  9.6558981e-01 0.00e+00 5.15e-07  -9.4 7.62e-04    -  9.99e-01 1.00e+00h  1

Number of Iterations....: 8

                                   (scaled)                 (unscaled)
Objective...............:   9.6558980823852769e-01    9.6558980823852769e-01
Dual infeasibility......:   5.1529096970967176e-07    5.1529096970967176e-07
Constraint violation....:   0.0000000000000000e+00    0.0000000000000000e+00
Variable bound violation:   0.0000000000000000e+00    0.0000000000000000e+00
Complementarity.........:   2.7239200388722978e-07    2.7239200388722978e-07
Overall NLP error.......:   5.1529096970967176e-07    5.1529096970967176e-07


Number of objective function evaluations             = 9
Number of objective gradient evaluations             = 9
Number of equality constraint evaluations            = 0
Number of inequality constraint evaluations          = 9
Number of equality constraint Jacobian evaluations   = 0
Number of inequality constraint Jacobian evaluations = 9
Number of Lagrangian Hessian evaluations             = 0
Total seconds in IPOPT                               = 0.417

EXIT: Optimal Solution Found.
OPTIMIZATION SUCCESSFUL
fStar [0.96558981]

List of user-set options:

                                    Name   Value                used
                        file_print_level = 5                     yes
                   hessian_approximation = limited-memory        yes
                                  hsllib = /home/ggs24/packages/ThirdParty-HSL/.libs/libcoinhsl.so  yes
                           linear_solver = ma97                  yes
                                max_iter = 200                   yes
                             output_file = IPOPT.out             yes
                             print_level = 5                     yes
                      print_user_options = yes                   yes
                                      sb = yes                   yes
                                     tol = 1e-05                 yes
This is Ipopt version 3.14.7, running with linear solver ma97.

Number of nonzeros in equality constraint Jacobian...:        0
Number of nonzeros in inequality constraint Jacobian.:        2
Number of nonzeros in Lagrangian Hessian.............:        0

Total number of variables............................:        2
                     variables with only lower bounds:        0
                variables with lower and upper bounds:        2
                     variables with only upper bounds:        0
Total number of equality constraints.................:        0
Total number of inequality constraints...............:        1
        inequality constraints with only lower bounds:        0
   inequality constraints with lower and upper bounds:        1
        inequality constraints with only upper bounds:        0

iter    objective    inf_pr   inf_du lg(mu)  ||d||  lg(rg) alpha_du alpha_pr  ls
   0  9.6719544e-01 7.01e+03 5.40e-07   0.0 0.00e+00    -  0.00e+00 0.00e+00   0
   1  9.6719524e-01 7.01e+03 4.97e+01  -2.1 6.98e+03    -  4.83e-01 9.51e-03h  1
   2  9.6717508e-01 6.91e+03 5.41e+03   3.4 5.90e+03    -  7.89e-01 1.49e-02h  1
   3  9.6550608e-01 0.00e+00 3.43e+03   2.7 5.85e+03    -  9.61e-01 1.00e+00f  1
   4  9.6550608e-01 0.00e+00 3.43e+01  -3.0 1.26e-06    -  9.90e-01 1.00e+00h  1
   5  9.6550600e-01 0.00e+00 3.42e-01   0.9 1.21e-01    -  9.90e-01 1.00e+00f  1
   6  9.6550452e-01 0.00e+00 6.61e-03   0.2 2.38e+00    -  9.90e-01 1.00e+00f  1
   7  9.6530405e-01 0.00e+00 2.03e-05  -0.5 1.99e+02    -  9.97e-01 1.00e+00f  1
   8  9.6518853e-01 0.00e+00 3.12e-07  -2.7 1.10e+02    -  9.86e-01 1.00e+00h  1
   9  9.6419424e-01 0.00e+00 6.07e-07  -3.2 1.34e+03    -  1.00e+00 1.00e+00h  1
iter    objective    inf_pr   inf_du lg(mu)  ||d||  lg(rg) alpha_du alpha_pr  ls
  10  9.6437783e-01 0.00e+00 7.01e-07  -5.3 7.27e+02    -  9.44e-01 1.00e+00h  1
  11  9.6401883e-01 0.00e+00 7.22e-07  -5.8 4.66e+02    -  1.00e+00 1.00e+00h  1

Number of Iterations....: 11

                                   (scaled)                 (unscaled)
Objective...............:   9.6401882598539546e-01    9.6401882598539546e-01
Dual infeasibility......:   7.2180488330226937e-07    7.2180488330226937e-07
Constraint violation....:   0.0000000000000000e+00    0.0000000000000000e+00
Variable bound violation:   0.0000000000000000e+00    0.0000000000000000e+00
Complementarity.........:   4.3353448857963294e-06    4.3353448857963294e-06
Overall NLP error.......:   4.3353448857963294e-06    4.3353448857963294e-06


Number of objective function evaluations             = 12
Number of objective gradient evaluations             = 12
Number of equality constraint evaluations            = 0
Number of inequality constraint evaluations          = 12
Number of equality constraint Jacobian evaluations   = 0
Number of inequality constraint Jacobian evaluations = 12
Number of Lagrangian Hessian evaluations             = 0
Total seconds in IPOPT                               = 0.625

EXIT: Optimal Solution Found.
OPTIMIZATION SUCCESSFUL
fStar [0.96401883]

List of user-set options:

                                    Name   Value                used
                        file_print_level = 5                     yes
                   hessian_approximation = limited-memory        yes
                                  hsllib = /home/ggs24/packages/ThirdParty-HSL/.libs/libcoinhsl.so  yes
                           linear_solver = ma97                  yes
                                max_iter = 200                   yes
                             output_file = IPOPT.out             yes
                             print_level = 5                     yes
                      print_user_options = yes                   yes
                                      sb = yes                   yes
                                     tol = 1e-05                 yes
This is Ipopt version 3.14.7, running with linear solver ma97.

Number of nonzeros in equality constraint Jacobian...:        0
Number of nonzeros in inequality constraint Jacobian.:        2
Number of nonzeros in Lagrangian Hessian.............:        0

Total number of variables............................:        2
                     variables with only lower bounds:        0
                variables with lower and upper bounds:        2
                     variables with only upper bounds:        0
Total number of equality constraints.................:        0
Total number of inequality constraints...............:        1
        inequality constraints with only lower bounds:        0
   inequality constraints with lower and upper bounds:        1
        inequality constraints with only upper bounds:        0

iter    objective    inf_pr   inf_du lg(mu)  ||d||  lg(rg) alpha_du alpha_pr  ls
   0  9.7414356e-01 8.66e+03 4.42e-07   0.0 0.00e+00    -  0.00e+00 0.00e+00   0
   1  9.7414252e-01 8.66e+03 1.37e+02   3.7 8.51e+03    -  6.70e-01 7.79e-03h  1
   2  9.6712497e-01 9.23e+02 9.99e+01  -2.3 7.77e+03    -  1.23e-01 1.00e+00h  1
   3  9.6652868e-01 3.19e+00 1.21e+00   1.7 9.52e+02    -  9.90e-01 1.00e+00f  1
   4  9.6652593e-01 0.00e+00 1.30e-02  -3.8 4.27e+00    -  9.90e-01 1.00e+00h  1
   5  9.6652587e-01 0.00e+00 6.28e-05  -5.8 9.27e-02    -  9.90e-01 1.00e+00h  1
   6  9.6648622e-01 0.00e+00 1.76e-06  -3.9 5.81e+01    -  9.86e-01 1.00e+00h  1
   7  9.6644510e-01 0.00e+00 6.09e-07  -9.5 5.97e+01    -  7.27e-01 1.00e+00h  1
   8  9.7065497e-01 0.00e+00 1.96e-05  -5.3 3.53e+03    -  8.18e-01 1.00e+00H  1
   9  9.7065497e-01 0.00e+00 1.05e-05  -4.4 3.71e-03    -  1.00e+00 1.00e+00h  1
iter    objective    inf_pr   inf_du lg(mu)  ||d||  lg(rg) alpha_du alpha_pr  ls
  10  9.6683367e-01 0.00e+00 6.87e-06 -10.4 2.89e+02    -  9.17e-01 1.00e+00f  1

Number of Iterations....: 10

                                   (scaled)                 (unscaled)
Objective...............:   9.6683367250814345e-01    9.6683367250814345e-01
Dual infeasibility......:   6.8709830139900799e-06    6.8709830139900799e-06
Constraint violation....:   0.0000000000000000e+00    0.0000000000000000e+00
Variable bound violation:   0.0000000000000000e+00    0.0000000000000000e+00
Complementarity.........:   5.1692106014508953e-06    5.1692106014508953e-06
Overall NLP error.......:   6.8709830139900799e-06    6.8709830139900799e-06


Number of objective function evaluations             = 12
Number of objective gradient evaluations             = 11
Number of equality constraint evaluations            = 0
Number of inequality constraint evaluations          = 12
Number of equality constraint Jacobian evaluations   = 0
Number of inequality constraint Jacobian evaluations = 11
Number of Lagrangian Hessian evaluations             = 0
Total seconds in IPOPT                               = 0.544

EXIT: Optimal Solution Found.
OPTIMIZATION SUCCESSFUL
fStar [0.96683367]

List of user-set options:

                                    Name   Value                used
                        file_print_level = 5                     yes
                   hessian_approximation = limited-memory        yes
                                  hsllib = /home/ggs24/packages/ThirdParty-HSL/.libs/libcoinhsl.so  yes
                           linear_solver = ma97                  yes
                                max_iter = 200                   yes
                             output_file = IPOPT.out             yes
                             print_level = 5                     yes
                      print_user_options = yes                   yes
                                      sb = yes                   yes
                                     tol = 1e-05                 yes
This is Ipopt version 3.14.7, running with linear solver ma97.

Number of nonzeros in equality constraint Jacobian...:        0
Number of nonzeros in inequality constraint Jacobian.:        2
Number of nonzeros in Lagrangian Hessian.............:        0

Total number of variables............................:        2
                     variables with only lower bounds:        0
                variables with lower and upper bounds:        2
                     variables with only upper bounds:        0
Total number of equality constraints.................:        0
Total number of inequality constraints...............:        1
        inequality constraints with only lower bounds:        0
   inequality constraints with lower and upper bounds:        1
        inequality constraints with only upper bounds:        0

iter    objective    inf_pr   inf_du lg(mu)  ||d||  lg(rg) alpha_du alpha_pr  ls
   0  9.6636357e-01 0.00e+00 3.96e-07   0.0 0.00e+00    -  0.00e+00 0.00e+00   0
   1  9.6636357e-01 0.00e+00 1.69e-06  -2.1 3.10e-06    -  9.90e-01 1.00e+00f  1
   2  9.6357689e-01 0.00e+00 3.21e-03   1.8 3.87e+03    -  1.00e+00 1.00e+00f  1
   3  1.0013116e+00 0.00e+00 6.01e-04   0.2 1.30e+03    -  9.27e-01 1.00e+00h  1
   4  9.6514786e-01 0.00e+00 1.02e-04   0.7 9.11e+02    -  1.00e+00 1.00e+00h  1
   5  9.6511321e-01 0.00e+00 4.09e-06  -5.3 9.89e+00    -  9.89e-01 1.00e+00h  1
   6  9.6418121e-01 0.00e+00 9.70e-07  -2.8 4.23e+02    -  9.75e-01 1.00e+00h  1
   7  9.6405329e-01 0.00e+00 1.87e-06  -4.6 8.86e+01    -  9.97e-01 1.00e+00h  1
   8  9.6386218e-01 0.00e+00 1.22e-06  -6.2 1.60e+02    -  1.00e+00 1.00e+00h  1
   9  9.6374595e-01 0.00e+00 9.31e-07  -7.6 1.17e+02    -  1.00e+00 1.00e+00h  1

Number of Iterations....: 9

                                   (scaled)                 (unscaled)
Objective...............:   9.6374595278667019e-01    9.6374595278667019e-01
Dual infeasibility......:   9.3064977954004383e-07    9.3064977954004383e-07
Constraint violation....:   0.0000000000000000e+00    0.0000000000000000e+00
Variable bound violation:   0.0000000000000000e+00    0.0000000000000000e+00
Complementarity.........:   6.6618432686149283e-07    6.6618432686149283e-07
Overall NLP error.......:   9.3064977954004383e-07    9.3064977954004383e-07


Number of objective function evaluations             = 10
Number of objective gradient evaluations             = 10
Number of equality constraint evaluations            = 0
Number of inequality constraint evaluations          = 10
Number of equality constraint Jacobian evaluations   = 0
Number of inequality constraint Jacobian evaluations = 10
Number of Lagrangian Hessian evaluations             = 0
Total seconds in IPOPT                               = 0.437

EXIT: Optimal Solution Found.
OPTIMIZATION SUCCESSFUL
fStar [0.96374595]
totalTime 4.8148112297058105
averageTime 0.48148112297058104
number of optimizations 10
adding measurement: 38 from agent 0
measurement: 38
truth group lists [[], [], [], [], [0, 1, 2, 3, 4, 5, 6, 7, 8, 9, 10, 11, 12, 13, 14, 15, 16, 17, 18, 19, 20, 21, 22, 23, 24, 25, 26, 27, 28, 29, 30, 32, 34, 36, 37], [], [31, 33, 35, 38], [], [], [], [], [], []]
dist_from_measurement_to_model 2958.226394841117
measurement_mahalonobis_distance 1244.4101565732644
measurement_mahalonobis_distance_in_x_y 103.1891058317865
ransac prediction [array([ 4552.08788897,  2975.36884561, 56300.04322539])]
covariance [array([[ 2.43428739e+02,  4.19297993e+01, -2.42523655e+03],
       [ 4.19297993e+01,  3.04062460e+02,  3.24489669e+04],
       [-2.42523655e+03,  3.24489669e+04,  4.63892460e+12]])]
group lists [array([ 0,  1,  2,  3,  4,  5,  6,  7,  8,  9, 10, 11, 12, 13, 14, 15, 16,
       17, 18, 19, 20, 21, 22, 23, 24, 25, 26, 27, 28, 29, 30, 32, 34, 36,
       37])]
outliers [31 33 35 38]

adding measurement: 39 from agent 0
measurement: 39
truth group lists [[], [], [], [], [0, 1, 2, 3, 4, 5, 6, 7, 8, 9, 10, 11, 12, 13, 14, 15, 16, 17, 18, 19, 20, 21, 22, 23, 24, 25, 26, 27, 28, 29, 30, 32, 34, 36, 37], [], [31, 33, 35, 38, 39], [], [], [], [], [], []]
dist_from_measurement_to_model 3179.4485478182896
measurement_mahalonobis_distance 1174.3632778495823
measurement_mahalonobis_distance_in_x_y 131.19237648669508
ransac prediction [array([ 4552.08788897,  2975.36884561, 56300.04322539])]
covariance [array([[ 2.43428739e+02,  4.19297993e+01, -2.42523655e+03],
       [ 4.19297993e+01,  3.04062460e+02,  3.24489669e+04],
       [-2.42523655e+03,  3.24489669e+04,  4.63892460e+12]])]
group lists [array([ 0,  1,  2,  3,  4,  5,  6,  7,  8,  9, 10, 11, 12, 13, 14, 15, 16,
       17, 18, 19, 20, 21, 22, 23, 24, 25, 26, 27, 28, 29, 30, 32, 34, 36,
       37])]
outliers [31 33 35 38 39]

adding measurement: 40 from agent 0
measurement: 40
truth group lists [[], [], [], [], [0, 1, 2, 3, 4, 5, 6, 7, 8, 9, 10, 11, 12, 13, 14, 15, 16, 17, 18, 19, 20, 21, 22, 23, 24, 25, 26, 27, 28, 29, 30, 32, 34, 36, 37, 40], [], [31, 33, 35, 38, 39], [], [], [], [], [], []]
dist_from_measurement_to_model 3199.1579499852432
measurement_mahalonobis_distance 0.8430766101497473
measurement_mahalonobis_distance_in_x_y 13.450073452010871
ransac prediction [array([ 4550.50474788,  2975.67884486, 56379.84651148])]
covariance [array([[ 2.41679638e+02,  4.22722956e+01, -2.33693477e+03],
       [ 4.22722956e+01,  3.03995395e+02,  3.24194952e+04],
       [-2.33693477e+03,  3.24194952e+04,  4.63762284e+12]])]
group lists [array([ 0,  1,  2,  3,  4,  5,  6,  7,  8,  9, 10, 11, 12, 13, 14, 15, 16,
       17, 18, 19, 20, 21, 22, 23, 24, 25, 26, 27, 28, 29, 30, 32, 34, 36,
       37, 40])]
outliers [31 33 35 38 39]

adding measurement: 41 from agent 0
measurement: 41
truth group lists [[], [], [], [], [0, 1, 2, 3, 4, 5, 6, 7, 8, 9, 10, 11, 12, 13, 14, 15, 16, 17, 18, 19, 20, 21, 22, 23, 24, 25, 26, 27, 28, 29, 30, 32, 34, 36, 37, 40], [], [31, 33, 35, 38, 39, 41], [], [], [], [], [], []]
dist_from_measurement_to_model 3378.12582332811
measurement_mahalonobis_distance 1170.5448814566214
measurement_mahalonobis_distance_in_x_y 149.56104607957988
ransac prediction [array([ 4550.50474788,  2975.67884486, 56379.84651148]), array([ 4037.81108224,  8663.15671663, 10095.52726493])]
covariance [array([[ 2.41679638e+02,  4.22722956e+01, -2.33693477e+03],
       [ 4.22722956e+01,  3.03995395e+02,  3.24194952e+04],
       [-2.33693477e+03,  3.24194952e+04,  4.63762284e+12]]), array([[ 1.62872848e+05, -3.35753707e+05, -2.39471198e+06],
       [-3.35753707e+05,  7.17745723e+05,  5.08410484e+06],
       [-2.39471198e+06,  5.08410484e+06,  2.73970512e+15]])]
group lists [array([ 0,  1,  2,  3,  4,  5,  6,  7,  8,  9, 10, 11, 12, 13, 14, 15, 16,
       17, 18, 19, 20, 21, 22, 23, 24, 25, 26, 27, 28, 29, 30, 32, 34, 36,
       37, 40]), array([31, 33, 35, 38, 39, 41])]
outliers []

adding measurement: 42 from agent 0
measurement: 42
truth group lists [[], [], [], [], [0, 1, 2, 3, 4, 5, 6, 7, 8, 9, 10, 11, 12, 13, 14, 15, 16, 17, 18, 19, 20, 21, 22, 23, 24, 25, 26, 27, 28, 29, 30, 32, 34, 36, 37, 40, 42], [], [31, 33, 35, 38, 39, 41], [], [], [], [], [], []]
dist_from_measurement_to_model 3448.573277847206
measurement_mahalonobis_distance 0.5186008246230464
measurement_mahalonobis_distance_in_x_y 10.907065791520548
dist_from_measurement_to_model 2910.994163699333
measurement_mahalonobis_distance 97.32004479230073
measurement_mahalonobis_distance_in_x_y 3.5906606846601052
ransac prediction [array([ 4551.57645421,  2975.39373751, 56316.84159288]), array([ 4037.81108224,  8663.15671663, 10095.52726493])]
covariance [array([[ 2.40266061e+02,  4.26483511e+01, -2.25460674e+03],
       [ 4.26483511e+01,  3.03895352e+02,  3.23887257e+04],
       [-2.25460674e+03,  3.23887257e+04,  4.63665923e+12]]), array([[ 1.62872848e+05, -3.35753707e+05, -2.39471198e+06],
       [-3.35753707e+05,  7.17745723e+05,  5.08410484e+06],
       [-2.39471198e+06,  5.08410484e+06,  2.73970512e+15]])]
group lists [array([ 0,  1,  2,  3,  4,  5,  6,  7,  8,  9, 10, 11, 12, 13, 14, 15, 16,
       17, 18, 19, 20, 21, 22, 23, 24, 25, 26, 27, 28, 29, 30, 32, 34, 36,
       37, 40, 42]), array([31, 33, 35, 38, 39, 41])]
outliers []

adding measurement: 43 from agent 0
measurement: 43
truth group lists [[], [], [], [], [0, 1, 2, 3, 4, 5, 6, 7, 8, 9, 10, 11, 12, 13, 14, 15, 16, 17, 18, 19, 20, 21, 22, 23, 24, 25, 26, 27, 28, 29, 30, 32, 34, 36, 37, 40, 42], [], [31, 33, 35, 38, 39, 41], [43], [], [], [], [], []]
dist_from_measurement_to_model 3560.1700557179843
measurement_mahalonobis_distance 754.9161130195572
measurement_mahalonobis_distance_in_x_y 196.6189675077564
dist_from_measurement_to_model 2897.550318002863
measurement_mahalonobis_distance 83.0205202636909
measurement_mahalonobis_distance_in_x_y 2.646158941356034
ransac prediction [array([ 4551.57645421,  2975.39373751, 56316.84159288]), array([ 4037.81108224,  8663.15671663, 10095.52726493])]
covariance [array([[ 2.40266061e+02,  4.26483511e+01, -2.25460674e+03],
       [ 4.26483511e+01,  3.03895352e+02,  3.23887257e+04],
       [-2.25460674e+03,  3.23887257e+04,  4.63665923e+12]]), array([[ 1.62872848e+05, -3.35753707e+05, -2.39471198e+06],
       [-3.35753707e+05,  7.17745723e+05,  5.08410484e+06],
       [-2.39471198e+06,  5.08410484e+06,  2.73970512e+15]])]
group lists [array([ 0,  1,  2,  3,  4,  5,  6,  7,  8,  9, 10, 11, 12, 13, 14, 15, 16,
       17, 18, 19, 20, 21, 22, 23, 24, 25, 26, 27, 28, 29, 30, 32, 34, 36,
       37, 40, 42]), array([31, 33, 35, 38, 39, 41])]
outliers [43]

adding measurement: 44 from agent 0
measurement: 44
truth group lists [[], [], [], [], [0, 1, 2, 3, 4, 5, 6, 7, 8, 9, 10, 11, 12, 13, 14, 15, 16, 17, 18, 19, 20, 21, 22, 23, 24, 25, 26, 27, 28, 29, 30, 32, 34, 36, 37, 40, 42], [], [31, 33, 35, 38, 39, 41, 44], [43], [], [], [], [], []]
dist_from_measurement_to_model 3590.823142262705
measurement_mahalonobis_distance 1158.1086558618942
measurement_mahalonobis_distance_in_x_y 168.8645522357305
dist_from_measurement_to_model 2894.866481648583
measurement_mahalonobis_distance 0.023117539131781138
measurement_mahalonobis_distance_in_x_y 0.6922160744064227
ransac prediction [array([ 4551.57645421,  2975.39373751, 56316.84159288]), array([ 3907.08880314,  8960.68655677, 12138.08194932])]
covariance [array([[ 2.40266061e+02,  4.26483511e+01, -2.25460674e+03],
       [ 4.26483511e+01,  3.03895352e+02,  3.23887257e+04],
       [-2.25460674e+03,  3.23887257e+04,  4.63665923e+12]]), array([[ 8.22328708e+04, -1.52213459e+05, -1.12597695e+06],
       [-1.52213459e+05,  2.99999789e+05,  2.18866354e+06],
       [-1.12597695e+06,  2.18866354e+06,  2.19658486e+15]])]
group lists [array([ 0,  1,  2,  3,  4,  5,  6,  7,  8,  9, 10, 11, 12, 13, 14, 15, 16,
       17, 18, 19, 20, 21, 22, 23, 24, 25, 26, 27, 28, 29, 30, 32, 34, 36,
       37, 40, 42]), array([31, 33, 35, 38, 39, 41, 44])]
outliers [43]

adding measurement: 45 from agent 0
measurement: 45
truth group lists [[], [], [], [], [0, 1, 2, 3, 4, 5, 6, 7, 8, 9, 10, 11, 12, 13, 14, 15, 16, 17, 18, 19, 20, 21, 22, 23, 24, 25, 26, 27, 28, 29, 30, 32, 34, 36, 37, 40, 42, 45], [], [31, 33, 35, 38, 39, 41, 44], [43], [], [], [], [], []]
dist_from_measurement_to_model 3703.8931782260497
measurement_mahalonobis_distance 0.00024050613155176384
measurement_mahalonobis_distance_in_x_y 0.2451015602264928
dist_from_measurement_to_model 3202.591759931261
measurement_mahalonobis_distance 109.96315100507837
measurement_mahalonobis_distance_in_x_y 5.956844189740967
ransac prediction [array([ 4551.55636061,  2975.40034804, 56317.90751674]), array([ 3907.08880314,  8960.68655677, 12138.08194932])]
covariance [array([[ 2.39109832e+02,  4.30287355e+01, -2.17921332e+03],
       [ 4.30287355e+01,  3.03770211e+02,  3.23573653e+04],
       [-2.17921332e+03,  3.23573653e+04,  4.63593534e+12]]), array([[ 8.22328708e+04, -1.52213459e+05, -1.12597695e+06],
       [-1.52213459e+05,  2.99999789e+05,  2.18866354e+06],
       [-1.12597695e+06,  2.18866354e+06,  2.19658486e+15]])]
group lists [array([ 0,  1,  2,  3,  4,  5,  6,  7,  8,  9, 10, 11, 12, 13, 14, 15, 16,
       17, 18, 19, 20, 21, 22, 23, 24, 25, 26, 27, 28, 29, 30, 32, 34, 36,
       37, 40, 42, 45]), array([31, 33, 35, 38, 39, 41, 44])]
outliers [43]

adding measurement: 46 from agent 0
measurement: 46
truth group lists [[], [], [], [], [0, 1, 2, 3, 4, 5, 6, 7, 8, 9, 10, 11, 12, 13, 14, 15, 16, 17, 18, 19, 20, 21, 22, 23, 24, 25, 26, 27, 28, 29, 30, 32, 34, 36, 37, 40, 42, 45], [], [31, 33, 35, 38, 39, 41, 44], [43, 46], [], [], [], [], []]
dist_from_measurement_to_model 3724.561439851441
measurement_mahalonobis_distance 716.4485965631474
measurement_mahalonobis_distance_in_x_y 206.63547910787062
dist_from_measurement_to_model 3201.4221369325583
measurement_mahalonobis_distance 148.6017024704176
measurement_mahalonobis_distance_in_x_y 4.194114319504966
ransac prediction [array([ 4551.55636061,  2975.40034804, 56317.90751674]), array([ 3907.08880314,  8960.68655677, 12138.08194932])]
covariance [array([[ 2.39109832e+02,  4.30287355e+01, -2.17921332e+03],
       [ 4.30287355e+01,  3.03770211e+02,  3.23573653e+04],
       [-2.17921332e+03,  3.23573653e+04,  4.63593534e+12]]), array([[ 8.22328708e+04, -1.52213459e+05, -1.12597695e+06],
       [-1.52213459e+05,  2.99999789e+05,  2.18866354e+06],
       [-1.12597695e+06,  2.18866354e+06,  2.19658486e+15]])]
group lists [array([ 0,  1,  2,  3,  4,  5,  6,  7,  8,  9, 10, 11, 12, 13, 14, 15, 16,
       17, 18, 19, 20, 21, 22, 23, 24, 25, 26, 27, 28, 29, 30, 32, 34, 36,
       37, 40, 42, 45]), array([31, 33, 35, 38, 39, 41, 44])]
outliers [43 46]

adding measurement: 47 from agent 0
measurement: 47
truth group lists [[], [], [], [], [0, 1, 2, 3, 4, 5, 6, 7, 8, 9, 10, 11, 12, 13, 14, 15, 16, 17, 18, 19, 20, 21, 22, 23, 24, 25, 26, 27, 28, 29, 30, 32, 34, 36, 37, 40, 42, 45], [], [31, 33, 35, 38, 39, 41, 44, 47], [43, 46], [], [], [], [], []]
dist_from_measurement_to_model 3797.146580739497
measurement_mahalonobis_distance 1186.185314482878
measurement_mahalonobis_distance_in_x_y 183.29462388499422
dist_from_measurement_to_model 3198.6734455950136
measurement_mahalonobis_distance 0.14032735143256167
measurement_mahalonobis_distance_in_x_y 2.42935978993309
ransac prediction [array([ 4551.55636061,  2975.40034804, 56317.90751674]), array([ 3729.97705992,  9348.88059594, 14941.95662752])]
covariance [array([[ 2.39109832e+02,  4.30287355e+01, -2.17921332e+03],
       [ 4.30287355e+01,  3.03770211e+02,  3.23573653e+04],
       [-2.17921332e+03,  3.23573653e+04,  4.63593534e+12]]), array([[ 5.86364982e+04, -1.00494860e+05, -7.70227693e+05],
       [-1.00494860e+05,  1.86642812e+05,  1.40271757e+06],
       [-7.70227693e+05,  1.40271757e+06,  1.93874640e+15]])]
group lists [array([ 0,  1,  2,  3,  4,  5,  6,  7,  8,  9, 10, 11, 12, 13, 14, 15, 16,
       17, 18, 19, 20, 21, 22, 23, 24, 25, 26, 27, 28, 29, 30, 32, 34, 36,
       37, 40, 42, 45]), array([31, 33, 35, 38, 39, 41, 44, 47])]
outliers [43 46]

adding measurement: 48 from agent 0
measurement: 48
truth group lists [[], [], [], [], [0, 1, 2, 3, 4, 5, 6, 7, 8, 9, 10, 11, 12, 13, 14, 15, 16, 17, 18, 19, 20, 21, 22, 23, 24, 25, 26, 27, 28, 29, 30, 32, 34, 36, 37, 40, 42, 45], [], [31, 33, 35, 38, 39, 41, 44, 47], [43, 46, 48], [], [], [], [], []]
dist_from_measurement_to_model 3891.013791061999
measurement_mahalonobis_distance 753.25492729051
measurement_mahalonobis_distance_in_x_y 215.49880845470813
dist_from_measurement_to_model 3608.083745012366
measurement_mahalonobis_distance 210.8542118621455
measurement_mahalonobis_distance_in_x_y 5.806568127284335
ransac prediction [array([ 4551.55636061,  2975.40034804, 56317.90751674]), array([ 3729.97705992,  9348.88059594, 14941.95662752])]
covariance [array([[ 2.39109832e+02,  4.30287355e+01, -2.17921332e+03],
       [ 4.30287355e+01,  3.03770211e+02,  3.23573653e+04],
       [-2.17921332e+03,  3.23573653e+04,  4.63593534e+12]]), array([[ 5.86364982e+04, -1.00494860e+05, -7.70227693e+05],
       [-1.00494860e+05,  1.86642812e+05,  1.40271757e+06],
       [-7.70227693e+05,  1.40271757e+06,  1.93874640e+15]])]
group lists [array([ 0,  1,  2,  3,  4,  5,  6,  7,  8,  9, 10, 11, 12, 13, 14, 15, 16,
       17, 18, 19, 20, 21, 22, 23, 24, 25, 26, 27, 28, 29, 30, 32, 34, 36,
       37, 40, 42, 45]), array([31, 33, 35, 38, 39, 41, 44, 47])]
outliers [43 46 48]

adding measurement: 49 from agent 0
measurement: 49
truth group lists [[], [], [], [], [0, 1, 2, 3, 4, 5, 6, 7, 8, 9, 10, 11, 12, 13, 14, 15, 16, 17, 18, 19, 20, 21, 22, 23, 24, 25, 26, 27, 28, 29, 30, 32, 34, 36, 37, 40, 42, 45, 49], [], [31, 33, 35, 38, 39, 41, 44, 47], [43, 46, 48], [], [], [], [], []]
dist_from_measurement_to_model 3964.4187351853952
measurement_mahalonobis_distance 5.08411564831586
measurement_mahalonobis_distance_in_x_y 36.81433356637367
dist_from_measurement_to_model 3607.147852768686
measurement_mahalonobis_distance 107.8740009502236
measurement_mahalonobis_distance_in_x_y 8.06264774614204
ransac prediction [array([ 4551.55636061,  2975.40034804, 56317.90751674]), array([ 3729.97705992,  9348.88059594, 14941.95662752])]
covariance [array([[ 2.39109832e+02,  4.30287355e+01, -2.17921332e+03],
       [ 4.30287355e+01,  3.03770211e+02,  3.23573653e+04],
       [-2.17921332e+03,  3.23573653e+04,  4.63593534e+12]]), array([[ 5.86364982e+04, -1.00494860e+05, -7.70227693e+05],
       [-1.00494860e+05,  1.86642812e+05,  1.40271757e+06],
       [-7.70227693e+05,  1.40271757e+06,  1.93874640e+15]])]
group lists [array([ 0,  1,  2,  3,  4,  5,  6,  7,  8,  9, 10, 11, 12, 13, 14, 15, 16,
       17, 18, 19, 20, 21, 22, 23, 24, 25, 26, 27, 28, 29, 30, 32, 34, 36,
       37, 40, 42, 45]), array([31, 33, 35, 38, 39, 41, 44, 47])]
outliers [43 46 48 49]

adding measurement: 50 from agent 0
measurement: 50
truth group lists [[], [], [], [], [0, 1, 2, 3, 4, 5, 6, 7, 8, 9, 10, 11, 12, 13, 14, 15, 16, 17, 18, 19, 20, 21, 22, 23, 24, 25, 26, 27, 28, 29, 30, 32, 34, 36, 37, 40, 42, 45, 49], [], [31, 33, 35, 38, 39, 41, 44, 47, 50], [43, 46, 48], [], [], [], [], []]
dist_from_measurement_to_model 4017.051923314782
measurement_mahalonobis_distance 1129.6465558617153
measurement_mahalonobis_distance_in_x_y 204.3605208461641
dist_from_measurement_to_model 3607.6177305464435
measurement_mahalonobis_distance 0.03392592643157612
measurement_mahalonobis_distance_in_x_y 1.111025224567124
ransac prediction [array([ 4551.55636061,  2975.40034804, 56317.90751674]), array([ 3673.31552485,  9469.18043848, 15864.19392118])]
covariance [array([[ 2.39109832e+02,  4.30287355e+01, -2.17921332e+03],
       [ 4.30287355e+01,  3.03770211e+02,  3.23573653e+04],
       [-2.17921332e+03,  3.23573653e+04,  4.63593534e+12]]), array([[ 4.79022176e+04, -7.77045798e+04, -6.13493786e+05],
       [-7.77045798e+04,  1.38256069e+05,  1.06555930e+06],
       [-6.13493786e+05,  1.06555930e+06,  1.80761597e+15]])]
group lists [array([ 0,  1,  2,  3,  4,  5,  6,  7,  8,  9, 10, 11, 12, 13, 14, 15, 16,
       17, 18, 19, 20, 21, 22, 23, 24, 25, 26, 27, 28, 29, 30, 32, 34, 36,
       37, 40, 42, 45]), array([31, 33, 35, 38, 39, 41, 44, 47, 50])]
outliers [43 46 48 49]

adding measurement: 51 from agent 0
measurement: 51
truth group lists [[], [], [], [], [0, 1, 2, 3, 4, 5, 6, 7, 8, 9, 10, 11, 12, 13, 14, 15, 16, 17, 18, 19, 20, 21, 22, 23, 24, 25, 26, 27, 28, 29, 30, 32, 34, 36, 37, 40, 42, 45, 49], [], [31, 33, 35, 38, 39, 41, 44, 47, 50, 51], [43, 46, 48], [], [], [], [], []]
dist_from_measurement_to_model 4229.126640485369
measurement_mahalonobis_distance 1029.8146805604965
measurement_mahalonobis_distance_in_x_y 225.35430863846548
dist_from_measurement_to_model 3743.8778631510313
measurement_mahalonobis_distance 0.029699931073450953
measurement_mahalonobis_distance_in_x_y 0.8680301322193656
ransac prediction [array([ 4551.55636061,  2975.40034804, 56317.90751674]), array([ 3719.06246729,  9376.15295931, 15201.17641476])]
covariance [array([[ 2.39109832e+02,  4.30287355e+01, -2.17921332e+03],
       [ 4.30287355e+01,  3.03770211e+02,  3.23573653e+04],
       [-2.17921332e+03,  3.23573653e+04,  4.63593534e+12]]), array([[ 3.97218626e+04, -6.10696362e+04, -4.95652928e+05],
       [-6.10696362e+04,  1.04428522e+05,  8.22924479e+05],
       [-4.95652928e+05,  8.22924479e+05,  1.70801372e+15]])]
group lists [array([ 0,  1,  2,  3,  4,  5,  6,  7,  8,  9, 10, 11, 12, 13, 14, 15, 16,
       17, 18, 19, 20, 21, 22, 23, 24, 25, 26, 27, 28, 29, 30, 32, 34, 36,
       37, 40, 42, 45]), array([31, 33, 35, 38, 39, 41, 44, 47, 50, 51])]
outliers [43 46 48 49]

adding measurement: 52 from agent 0
measurement: 52
truth group lists [[], [], [], [], [0, 1, 2, 3, 4, 5, 6, 7, 8, 9, 10, 11, 12, 13, 14, 15, 16, 17, 18, 19, 20, 21, 22, 23, 24, 25, 26, 27, 28, 29, 30, 32, 34, 36, 37, 40, 42, 45, 49, 52], [], [31, 33, 35, 38, 39, 41, 44, 47, 50, 51], [43, 46, 48], [], [], [], [], []]
dist_from_measurement_to_model 4239.7909300570955
measurement_mahalonobis_distance 0.18257020155631887
measurement_mahalonobis_distance_in_x_y 7.243789354829268
dist_from_measurement_to_model 3646.782850393018
measurement_mahalonobis_distance 120.03228646397743
measurement_mahalonobis_distance_in_x_y 10.918769275150318
ransac prediction [array([ 4551.12637545,  2975.590457  , 56351.27623459]), array([ 3719.06246729,  9376.15295931, 15201.17641476])]
covariance [array([[ 2.38308562e+02,  4.33830004e+01, -2.11690993e+03],
       [ 4.33830004e+01,  3.03613580e+02,  3.23261061e+04],
       [-2.11690993e+03,  3.23261061e+04,  4.63551382e+12]]), array([[ 3.97218626e+04, -6.10696362e+04, -4.95652928e+05],
       [-6.10696362e+04,  1.04428522e+05,  8.22924479e+05],
       [-4.95652928e+05,  8.22924479e+05,  1.70801372e+15]])]
group lists [array([ 0,  1,  2,  3,  4,  5,  6,  7,  8,  9, 10, 11, 12, 13, 14, 15, 16,
       17, 18, 19, 20, 21, 22, 23, 24, 25, 26, 27, 28, 29, 30, 32, 34, 36,
       37, 40, 42, 45, 52]), array([31, 33, 35, 38, 39, 41, 44, 47, 50, 51])]
outliers [43 46 48 49]

adding measurement: 53 from agent 0
measurement: 53
truth group lists [[], [], [], [], [0, 1, 2, 3, 4, 5, 6, 7, 8, 9, 10, 11, 12, 13, 14, 15, 16, 17, 18, 19, 20, 21, 22, 23, 24, 25, 26, 27, 28, 29, 30, 32, 34, 36, 37, 40, 42, 45, 49, 52], [], [31, 33, 35, 38, 39, 41, 44, 47, 50, 51], [43, 46, 48, 53], [], [], [], [], []]
dist_from_measurement_to_model 4389.659599647625
measurement_mahalonobis_distance 817.2508818627878
measurement_mahalonobis_distance_in_x_y 242.9318718277005
dist_from_measurement_to_model 3663.640001448714
measurement_mahalonobis_distance 230.46013801832302
measurement_mahalonobis_distance_in_x_y 5.569320707242489
ransac prediction [array([ 4551.12637545,  2975.590457  , 56351.27623459]), array([ 3719.06246729,  9376.15295931, 15201.17641476])]
covariance [array([[ 2.38308562e+02,  4.33830004e+01, -2.11690993e+03],
       [ 4.33830004e+01,  3.03613580e+02,  3.23261061e+04],
       [-2.11690993e+03,  3.23261061e+04,  4.63551382e+12]]), array([[ 3.97218626e+04, -6.10696362e+04, -4.95652928e+05],
       [-6.10696362e+04,  1.04428522e+05,  8.22924479e+05],
       [-4.95652928e+05,  8.22924479e+05,  1.70801372e+15]])]
group lists [array([ 0,  1,  2,  3,  4,  5,  6,  7,  8,  9, 10, 11, 12, 13, 14, 15, 16,
       17, 18, 19, 20, 21, 22, 23, 24, 25, 26, 27, 28, 29, 30, 32, 34, 36,
       37, 40, 42, 45, 52]), array([31, 33, 35, 38, 39, 41, 44, 47, 50, 51])]
outliers [43 46 48 49 53]

adding measurement: 54 from agent 0
measurement: 54
truth group lists [[], [], [], [], [0, 1, 2, 3, 4, 5, 6, 7, 8, 9, 10, 11, 12, 13, 14, 15, 16, 17, 18, 19, 20, 21, 22, 23, 24, 25, 26, 27, 28, 29, 30, 32, 34, 36, 37, 40, 42, 45, 49, 52], [], [31, 33, 35, 38, 39, 41, 44, 47, 50, 51, 54], [43, 46, 48, 53], [], [], [], [], []]
dist_from_measurement_to_model 4454.18637744944
measurement_mahalonobis_distance 1098.4400853693005
measurement_mahalonobis_distance_in_x_y 237.36852387094586
dist_from_measurement_to_model 3673.077587146608
measurement_mahalonobis_distance 0.1700933612513563
measurement_mahalonobis_distance_in_x_y 2.717711380121812
ransac prediction [array([ 4551.12637545,  2975.590457  , 56351.27623459]), array([ 3611.21710648,  9584.25544163, 16835.6893842 ])]
covariance [array([[ 2.38308562e+02,  4.33830004e+01, -2.11690993e+03],
       [ 4.33830004e+01,  3.03613580e+02,  3.23261061e+04],
       [-2.11690993e+03,  3.23261061e+04,  4.63551382e+12]]), array([[ 3.19691697e+04, -4.61097472e+04, -3.85172942e+05],
       [-4.61097472e+04,  7.55613546e+04,  6.07680435e+05],
       [-3.85172942e+05,  6.07680435e+05,  1.61213323e+15]])]
group lists [array([ 0,  1,  2,  3,  4,  5,  6,  7,  8,  9, 10, 11, 12, 13, 14, 15, 16,
       17, 18, 19, 20, 21, 22, 23, 24, 25, 26, 27, 28, 29, 30, 32, 34, 36,
       37, 40, 42, 45, 52]), array([31, 33, 35, 38, 39, 41, 44, 47, 50, 51, 54])]
outliers [43 46 48 49 53]

adding measurement: 55 from agent 0
measurement: 55
truth group lists [[], [], [], [], [0, 1, 2, 3, 4, 5, 6, 7, 8, 9, 10, 11, 12, 13, 14, 15, 16, 17, 18, 19, 20, 21, 22, 23, 24, 25, 26, 27, 28, 29, 30, 32, 34, 36, 37, 40, 42, 45, 49, 52, 55], [], [31, 33, 35, 38, 39, 41, 44, 47, 50, 51, 54], [43, 46, 48, 53], [], [], [], [], []]
dist_from_measurement_to_model 4508.088209572604
measurement_mahalonobis_distance 8.872128856172905e-09
measurement_mahalonobis_distance_in_x_y 0.001648400794519121
dist_from_measurement_to_model 3899.110585580202
measurement_mahalonobis_distance 124.69474532241378
measurement_mahalonobis_distance_in_x_y 13.569514516685903
ransac prediction [array([ 4551.12629108,  2975.59049843, 56351.17390934]), array([ 3611.21710648,  9584.25544163, 16835.6893842 ])]
covariance [array([[ 2.37632323e+02,  4.37150565e+01, -2.06066393e+03],
       [ 4.37150565e+01,  3.03450529e+02,  3.22956177e+04],
       [-2.06066393e+03,  3.22956177e+04,  4.63518409e+12]]), array([[ 3.19691697e+04, -4.61097472e+04, -3.85172942e+05],
       [-4.61097472e+04,  7.55613546e+04,  6.07680435e+05],
       [-3.85172942e+05,  6.07680435e+05,  1.61213323e+15]])]
group lists [array([ 0,  1,  2,  3,  4,  5,  6,  7,  8,  9, 10, 11, 12, 13, 14, 15, 16,
       17, 18, 19, 20, 21, 22, 23, 24, 25, 26, 27, 28, 29, 30, 32, 34, 36,
       37, 40, 42, 45, 52, 55]), array([31, 33, 35, 38, 39, 41, 44, 47, 50, 51, 54])]
outliers [43 46 48 49 53]

adding measurement: 56 from agent 0
measurement: 56
truth group lists [[], [], [], [], [0, 1, 2, 3, 4, 5, 6, 7, 8, 9, 10, 11, 12, 13, 14, 15, 16, 17, 18, 19, 20, 21, 22, 23, 24, 25, 26, 27, 28, 29, 30, 32, 34, 36, 37, 40, 42, 45, 49, 52, 55], [], [31, 33, 35, 38, 39, 41, 44, 47, 50, 51, 54], [43, 46, 48, 53, 56], [], [], [], [], []]
dist_from_measurement_to_model 4562.103334164254
measurement_mahalonobis_distance 932.158115437425
measurement_mahalonobis_distance_in_x_y 250.74308791434942
dist_from_measurement_to_model 3907.516554882706
measurement_mahalonobis_distance 269.75706198692706
measurement_mahalonobis_distance_in_x_y 7.160843569897275
ransac prediction [array([ 4551.12629108,  2975.59049843, 56351.17390934]), array([ 3611.21710648,  9584.25544163, 16835.6893842 ]), array([ 12049.86367988,   5074.38577287, 166046.19459433])]
covariance [array([[ 2.37632323e+02,  4.37150565e+01, -2.06066393e+03],
       [ 4.37150565e+01,  3.03450529e+02,  3.22956177e+04],
       [-2.06066393e+03,  3.22956177e+04,  4.63518409e+12]]), array([[ 3.19691697e+04, -4.61097472e+04, -3.85172942e+05],
       [-4.61097472e+04,  7.55613546e+04,  6.07680435e+05],
       [-3.85172942e+05,  6.07680435e+05,  1.61213323e+15]]), array([[ 5.45988121e+06, -1.50744874e+06,  3.08754115e+08],
       [-1.50744874e+06,  4.38339549e+05, -8.55759973e+07],
       [ 3.08754115e+08, -8.55759973e+07,  4.38190907e+16]])]
group lists [array([ 0,  1,  2,  3,  4,  5,  6,  7,  8,  9, 10, 11, 12, 13, 14, 15, 16,
       17, 18, 19, 20, 21, 22, 23, 24, 25, 26, 27, 28, 29, 30, 32, 34, 36,
       37, 40, 42, 45, 52, 55]), array([31, 33, 35, 38, 39, 41, 44, 47, 50, 51, 54]), array([43, 46, 48, 53, 56])]
outliers [49]

adding measurement: 57 from agent 0
measurement: 57
truth group lists [[], [], [], [], [0, 1, 2, 3, 4, 5, 6, 7, 8, 9, 10, 11, 12, 13, 14, 15, 16, 17, 18, 19, 20, 21, 22, 23, 24, 25, 26, 27, 28, 29, 30, 32, 34, 36, 37, 40, 42, 45, 49, 52, 55], [], [31, 33, 35, 38, 39, 41, 44, 47, 50, 51, 54, 57], [43, 46, 48, 53, 56], [], [], [], [], []]
dist_from_measurement_to_model 4670.457727096378
measurement_mahalonobis_distance 1090.944615016859
measurement_mahalonobis_distance_in_x_y 252.3038372480396
dist_from_measurement_to_model 3926.889820567934
measurement_mahalonobis_distance 0.21899865209798905
measurement_mahalonobis_distance_in_x_y 3.320700919490907
dist_from_measurement_to_model 5751.766033711403
measurement_mahalonobis_distance 160.20008631163833
measurement_mahalonobis_distance_in_x_y 1.9187745912122303
ransac prediction [array([ 4551.12629108,  2975.59049843, 56351.17390934]), array([ 3520.14590533,  9755.71027354, 18208.84263642]), array([ 12049.86367988,   5074.38577287, 166046.19459433])]
covariance [array([[ 2.37632323e+02,  4.37150565e+01, -2.06066393e+03],
       [ 4.37150565e+01,  3.03450529e+02,  3.22956177e+04],
       [-2.06066393e+03,  3.22956177e+04,  4.63518409e+12]]), array([[ 2.73486169e+04, -3.74108819e+04, -3.20495058e+05],
       [-3.74108819e+04,  5.91844707e+04,  4.84389097e+05],
       [-3.20495058e+05,  4.84389097e+05,  1.54571404e+15]]), array([[ 5.45988121e+06, -1.50744874e+06,  3.08754115e+08],
       [-1.50744874e+06,  4.38339549e+05, -8.55759973e+07],
       [ 3.08754115e+08, -8.55759973e+07,  4.38190907e+16]])]
group lists [array([ 0,  1,  2,  3,  4,  5,  6,  7,  8,  9, 10, 11, 12, 13, 14, 15, 16,
       17, 18, 19, 20, 21, 22, 23, 24, 25, 26, 27, 28, 29, 30, 32, 34, 36,
       37, 40, 42, 45, 52, 55]), array([31, 33, 35, 38, 39, 41, 44, 47, 50, 51, 54, 57]), array([43, 46, 48, 53, 56])]
outliers [49]

adding measurement: 58 from agent 0
measurement: 58
truth group lists [[58], [], [], [], [0, 1, 2, 3, 4, 5, 6, 7, 8, 9, 10, 11, 12, 13, 14, 15, 16, 17, 18, 19, 20, 21, 22, 23, 24, 25, 26, 27, 28, 29, 30, 32, 34, 36, 37, 40, 42, 45, 49, 52, 55], [], [31, 33, 35, 38, 39, 41, 44, 47, 50, 51, 54, 57], [43, 46, 48, 53, 56], [], [], [], [], []]
dist_from_measurement_to_model 4692.178433349973
measurement_mahalonobis_distance 2935.72459570192
measurement_mahalonobis_distance_in_x_y 34.90633224096855
dist_from_measurement_to_model 4109.632573812602
measurement_mahalonobis_distance 65.13735911782298
measurement_mahalonobis_distance_in_x_y 16.41964452250861
dist_from_measurement_to_model 5740.808556310612
measurement_mahalonobis_distance 50.969777675802455
measurement_mahalonobis_distance_in_x_y 2.3785647062947755
ransac prediction [array([ 4551.12629108,  2975.59049843, 56351.17390934]), array([ 3520.14590533,  9755.71027354, 18208.84263642]), array([ 12049.86367988,   5074.38577287, 166046.19459433])]
covariance [array([[ 2.37632323e+02,  4.37150565e+01, -2.06066393e+03],
       [ 4.37150565e+01,  3.03450529e+02,  3.22956177e+04],
       [-2.06066393e+03,  3.22956177e+04,  4.63518409e+12]]), array([[ 2.73486169e+04, -3.74108819e+04, -3.20495058e+05],
       [-3.74108819e+04,  5.91844707e+04,  4.84389097e+05],
       [-3.20495058e+05,  4.84389097e+05,  1.54571404e+15]]), array([[ 5.45988121e+06, -1.50744874e+06,  3.08754115e+08],
       [-1.50744874e+06,  4.38339549e+05, -8.55759973e+07],
       [ 3.08754115e+08, -8.55759973e+07,  4.38190907e+16]])]
group lists [array([ 0,  1,  2,  3,  4,  5,  6,  7,  8,  9, 10, 11, 12, 13, 14, 15, 16,
       17, 18, 19, 20, 21, 22, 23, 24, 25, 26, 27, 28, 29, 30, 32, 34, 36,
       37, 40, 42, 45, 52, 55]), array([31, 33, 35, 38, 39, 41, 44, 47, 50, 51, 54, 57]), array([43, 46, 48, 53, 56])]
outliers [49 58]

adding measurement: 59 from agent 0
measurement: 59
truth group lists [[58], [], [], [], [0, 1, 2, 3, 4, 5, 6, 7, 8, 9, 10, 11, 12, 13, 14, 15, 16, 17, 18, 19, 20, 21, 22, 23, 24, 25, 26, 27, 28, 29, 30, 32, 34, 36, 37, 40, 42, 45, 49, 52, 55], [], [31, 33, 35, 38, 39, 41, 44, 47, 50, 51, 54, 57], [43, 46, 48, 53, 56, 59], [], [], [], [], []]
dist_from_measurement_to_model 4735.667846248854
measurement_mahalonobis_distance 952.8821714865762
measurement_mahalonobis_distance_in_x_y 260.4586606631115
dist_from_measurement_to_model 4117.711897611456
measurement_mahalonobis_distance 318.6457959888973
measurement_mahalonobis_distance_in_x_y 7.699364180727956
dist_from_measurement_to_model 5719.117850465663
measurement_mahalonobis_distance 0.042583763333742135
measurement_mahalonobis_distance_in_x_y 1.315764485747475
ransac prediction [array([ 4551.12629108,  2975.59049843, 56351.17390934]), array([ 3520.14590533,  9755.71027354, 18208.84263642]), array([ 12972.33285801,   4850.94526141, 219818.23275061])]
covariance [array([[ 2.37632323e+02,  4.37150565e+01, -2.06066393e+03],
       [ 4.37150565e+01,  3.03450529e+02,  3.22956177e+04],
       [-2.06066393e+03,  3.22956177e+04,  4.63518409e+12]]), array([[ 2.73486169e+04, -3.74108819e+04, -3.20495058e+05],
       [-3.74108819e+04,  5.91844707e+04,  4.84389097e+05],
       [-3.20495058e+05,  4.84389097e+05,  1.54571404e+15]]), array([[ 3.36698974e+06, -1.00050851e+06,  1.93873407e+08],
       [-1.00050851e+06,  3.15548471e+05, -5.79064154e+07],
       [ 1.93873407e+08, -5.79064154e+07,  3.47880864e+16]])]
group lists [array([ 0,  1,  2,  3,  4,  5,  6,  7,  8,  9, 10, 11, 12, 13, 14, 15, 16,
       17, 18, 19, 20, 21, 22, 23, 24, 25, 26, 27, 28, 29, 30, 32, 34, 36,
       37, 40, 42, 45, 52, 55]), array([31, 33, 35, 38, 39, 41, 44, 47, 50, 51, 54, 57]), array([43, 46, 48, 53, 56, 59])]
outliers [49 58]

adding measurement: 60 from agent 0
measurement: 60
truth group lists [[58], [], [], [], [0, 1, 2, 3, 4, 5, 6, 7, 8, 9, 10, 11, 12, 13, 14, 15, 16, 17, 18, 19, 20, 21, 22, 23, 24, 25, 26, 27, 28, 29, 30, 32, 34, 36, 37, 40, 42, 45, 49, 52, 55, 60], [], [31, 33, 35, 38, 39, 41, 44, 47, 50, 51, 54, 57], [43, 46, 48, 53, 56, 59], [], [], [], [], []]
dist_from_measurement_to_model 4779.219803440299
measurement_mahalonobis_distance 0.24578216141446926
measurement_mahalonobis_distance_in_x_y 8.941036509856374
dist_from_measurement_to_model 4126.306233390862
measurement_mahalonobis_distance 126.31766516482023
measurement_mahalonobis_distance_in_x_y 16.07609694406253
dist_from_measurement_to_model 6638.148981412313
measurement_mahalonobis_distance 96.37969231417298
measurement_mahalonobis_distance_in_x_y 3.499633821341701
ransac prediction [array([ 4551.52407539,  2975.37726269, 56315.96155803]), array([ 3520.14590533,  9755.71027354, 18208.84263642]), array([ 12972.33285801,   4850.94526141, 219818.23275061])]
covariance [array([[ 2.37056217e+02,  4.40238832e+01, -2.00987151e+03],
       [ 4.40238832e+01,  3.03284980e+02,  3.22661437e+04],
       [-2.00987151e+03,  3.22661437e+04,  4.63492308e+12]]), array([[ 2.73486169e+04, -3.74108819e+04, -3.20495058e+05],
       [-3.74108819e+04,  5.91844707e+04,  4.84389097e+05],
       [-3.20495058e+05,  4.84389097e+05,  1.54571404e+15]]), array([[ 3.36698974e+06, -1.00050851e+06,  1.93873407e+08],
       [-1.00050851e+06,  3.15548471e+05, -5.79064154e+07],
       [ 1.93873407e+08, -5.79064154e+07,  3.47880864e+16]])]
group lists [array([ 0,  1,  2,  3,  4,  5,  6,  7,  8,  9, 10, 11, 12, 13, 14, 15, 16,
       17, 18, 19, 20, 21, 22, 23, 24, 25, 26, 27, 28, 29, 30, 32, 34, 36,
       37, 40, 42, 45, 52, 55, 60]), array([31, 33, 35, 38, 39, 41, 44, 47, 50, 51, 54, 57]), array([43, 46, 48, 53, 56, 59])]
outliers [49 58]

adding measurement: 61 from agent 0
measurement: 61
truth group lists [[58, 61], [], [], [], [0, 1, 2, 3, 4, 5, 6, 7, 8, 9, 10, 11, 12, 13, 14, 15, 16, 17, 18, 19, 20, 21, 22, 23, 24, 25, 26, 27, 28, 29, 30, 32, 34, 36, 37, 40, 42, 45, 49, 52, 55, 60], [], [31, 33, 35, 38, 39, 41, 44, 47, 50, 51, 54, 57], [43, 46, 48, 53, 56, 59], [], [], [], [], []]
dist_from_measurement_to_model 4877.432625031657
measurement_mahalonobis_distance 3132.239821939434
measurement_mahalonobis_distance_in_x_y 24.04525350043414
dist_from_measurement_to_model 4147.509607788306
measurement_mahalonobis_distance 68.86378723853868
measurement_mahalonobis_distance_in_x_y 16.471073242384055
dist_from_measurement_to_model 6589.071431614276
measurement_mahalonobis_distance 73.24328856598629
measurement_mahalonobis_distance_in_x_y 3.4666214599944407
ransac prediction [array([ 4551.52407539,  2975.37726269, 56315.96155803]), array([ 3520.14590533,  9755.71027354, 18208.84263642]), array([ 12972.33285801,   4850.94526141, 219818.23275061])]
covariance [array([[ 2.37056217e+02,  4.40238832e+01, -2.00987151e+03],
       [ 4.40238832e+01,  3.03284980e+02,  3.22661437e+04],
       [-2.00987151e+03,  3.22661437e+04,  4.63492308e+12]]), array([[ 2.73486169e+04, -3.74108819e+04, -3.20495058e+05],
       [-3.74108819e+04,  5.91844707e+04,  4.84389097e+05],
       [-3.20495058e+05,  4.84389097e+05,  1.54571404e+15]]), array([[ 3.36698974e+06, -1.00050851e+06,  1.93873407e+08],
       [-1.00050851e+06,  3.15548471e+05, -5.79064154e+07],
       [ 1.93873407e+08, -5.79064154e+07,  3.47880864e+16]])]
group lists [array([ 0,  1,  2,  3,  4,  5,  6,  7,  8,  9, 10, 11, 12, 13, 14, 15, 16,
       17, 18, 19, 20, 21, 22, 23, 24, 25, 26, 27, 28, 29, 30, 32, 34, 36,
       37, 40, 42, 45, 52, 55, 60]), array([31, 33, 35, 38, 39, 41, 44, 47, 50, 51, 54, 57]), array([43, 46, 48, 53, 56, 59])]
outliers [49 58 61]

adding measurement: 62 from agent 0
measurement: 62
truth group lists [[58, 61], [], [], [], [0, 1, 2, 3, 4, 5, 6, 7, 8, 9, 10, 11, 12, 13, 14, 15, 16, 17, 18, 19, 20, 21, 22, 23, 24, 25, 26, 27, 28, 29, 30, 32, 34, 36, 37, 40, 42, 45, 49, 52, 55, 60], [], [31, 33, 35, 38, 39, 41, 44, 47, 50, 51, 54, 57, 62], [43, 46, 48, 53, 56, 59], [], [], [], [], []]
dist_from_measurement_to_model 4899.29670662109
measurement_mahalonobis_distance 935.9297293643366
measurement_mahalonobis_distance_in_x_y 271.00657751812884
dist_from_measurement_to_model 4152.56939697472
measurement_mahalonobis_distance 0.05871908543292853
measurement_mahalonobis_distance_in_x_y 1.366699879768612
dist_from_measurement_to_model 6578.34448999323
measurement_mahalonobis_distance 261.5363404365151
measurement_mahalonobis_distance_in_x_y 2.3817903572554067
ransac prediction [array([ 4551.52407539,  2975.37726269, 56315.96155803]), array([ 3558.56518915,  9685.35141248, 17689.48408836]), array([ 12972.33285801,   4850.94526141, 219818.23275061])]
covariance [array([[ 2.37056217e+02,  4.40238832e+01, -2.00987151e+03],
       [ 4.40238832e+01,  3.03284980e+02,  3.22661437e+04],
       [-2.00987151e+03,  3.22661437e+04,  4.63492308e+12]]), array([[ 2.40953058e+04, -3.14529555e+04, -2.75628565e+05],
       [-3.14529555e+04,  4.82734678e+04,  4.01092184e+05],
       [-2.75628565e+05,  4.01092184e+05,  1.49641132e+15]]), array([[ 3.36698974e+06, -1.00050851e+06,  1.93873407e+08],
       [-1.00050851e+06,  3.15548471e+05, -5.79064154e+07],
       [ 1.93873407e+08, -5.79064154e+07,  3.47880864e+16]])]
group lists [array([ 0,  1,  2,  3,  4,  5,  6,  7,  8,  9, 10, 11, 12, 13, 14, 15, 16,
       17, 18, 19, 20, 21, 22, 23, 24, 25, 26, 27, 28, 29, 30, 32, 34, 36,
       37, 40, 42, 45, 52, 55, 60]), array([31, 33, 35, 38, 39, 41, 44, 47, 50, 51, 54, 57, 62]), array([43, 46, 48, 53, 56, 59])]
outliers [49 58 61]

adding measurement: 63 from agent 0
measurement: 63
truth group lists [[58, 61, 63], [], [], [], [0, 1, 2, 3, 4, 5, 6, 7, 8, 9, 10, 11, 12, 13, 14, 15, 16, 17, 18, 19, 20, 21, 22, 23, 24, 25, 26, 27, 28, 29, 30, 32, 34, 36, 37, 40, 42, 45, 49, 52, 55, 60], [], [31, 33, 35, 38, 39, 41, 44, 47, 50, 51, 54, 57, 62], [43, 46, 48, 53, 56, 59], [], [], [], [], []]
dist_from_measurement_to_model 5052.730552285934
measurement_mahalonobis_distance 3226.461259684159
measurement_mahalonobis_distance_in_x_y 27.777100612091438
dist_from_measurement_to_model 4120.336758770211
measurement_mahalonobis_distance 74.87975719523786
measurement_mahalonobis_distance_in_x_y 17.877852323906854
dist_from_measurement_to_model 6505.117744959472
measurement_mahalonobis_distance 62.399663481099815
measurement_mahalonobis_distance_in_x_y 3.4267422800637095
ransac prediction [array([ 4551.52407539,  2975.37726269, 56315.96155803]), array([ 3558.56518915,  9685.35141248, 17689.48408836]), array([ 12972.33285801,   4850.94526141, 219818.23275061])]
covariance [array([[ 2.37056217e+02,  4.40238832e+01, -2.00987151e+03],
       [ 4.40238832e+01,  3.03284980e+02,  3.22661437e+04],
       [-2.00987151e+03,  3.22661437e+04,  4.63492308e+12]]), array([[ 2.40953058e+04, -3.14529555e+04, -2.75628565e+05],
       [-3.14529555e+04,  4.82734678e+04,  4.01092184e+05],
       [-2.75628565e+05,  4.01092184e+05,  1.49641132e+15]]), array([[ 3.36698974e+06, -1.00050851e+06,  1.93873407e+08],
       [-1.00050851e+06,  3.15548471e+05, -5.79064154e+07],
       [ 1.93873407e+08, -5.79064154e+07,  3.47880864e+16]])]
group lists [array([ 0,  1,  2,  3,  4,  5,  6,  7,  8,  9, 10, 11, 12, 13, 14, 15, 16,
       17, 18, 19, 20, 21, 22, 23, 24, 25, 26, 27, 28, 29, 30, 32, 34, 36,
       37, 40, 42, 45, 52, 55, 60]), array([31, 33, 35, 38, 39, 41, 44, 47, 50, 51, 54, 57, 62]), array([43, 46, 48, 53, 56, 59])]
outliers [49 58 61 63]

adding measurement: 64 from agent 0
measurement: 64
truth group lists [[58, 61, 63], [], [], [], [0, 1, 2, 3, 4, 5, 6, 7, 8, 9, 10, 11, 12, 13, 14, 15, 16, 17, 18, 19, 20, 21, 22, 23, 24, 25, 26, 27, 28, 29, 30, 32, 34, 36, 37, 40, 42, 45, 49, 52, 55, 60], [], [31, 33, 35, 38, 39, 41, 44, 47, 50, 51, 54, 57, 62], [43, 46, 48, 53, 56, 59, 64], [], [], [], [], []]
dist_from_measurement_to_model 5074.702572741459
measurement_mahalonobis_distance 914.4912858824449
measurement_mahalonobis_distance_in_x_y 280.96117284516083
dist_from_measurement_to_model 4126.588911628676
measurement_mahalonobis_distance 339.9379897623172
measurement_mahalonobis_distance_in_x_y 3.943426441262006
dist_from_measurement_to_model 6494.926614973838
measurement_mahalonobis_distance 0.047711350308077036
measurement_mahalonobis_distance_in_x_y 0.8545379760093851
ransac prediction [array([ 4551.52407539,  2975.37726269, 56315.96155803]), array([ 3558.56518915,  9685.35141248, 17689.48408836]), array([ 12333.20891447,   5014.81126563, 184765.41969653])]
covariance [array([[ 2.37056217e+02,  4.40238832e+01, -2.00987151e+03],
       [ 4.40238832e+01,  3.03284980e+02,  3.22661437e+04],
       [-2.00987151e+03,  3.22661437e+04,  4.63492308e+12]]), array([[ 2.40953058e+04, -3.14529555e+04, -2.75628565e+05],
       [-3.14529555e+04,  4.82734678e+04,  4.01092184e+05],
       [-2.75628565e+05,  4.01092184e+05,  1.49641132e+15]]), array([[ 2.43419355e+06, -7.61347412e+05,  1.44191727e+08],
       [-7.61347412e+05,  2.54229576e+05, -4.53794150e+07],
       [ 1.44191727e+08, -4.53794150e+07,  3.09528467e+16]])]
group lists [array([ 0,  1,  2,  3,  4,  5,  6,  7,  8,  9, 10, 11, 12, 13, 14, 15, 16,
       17, 18, 19, 20, 21, 22, 23, 24, 25, 26, 27, 28, 29, 30, 32, 34, 36,
       37, 40, 42, 45, 52, 55, 60]), array([31, 33, 35, 38, 39, 41, 44, 47, 50, 51, 54, 57, 62]), array([43, 46, 48, 53, 56, 59, 64])]
outliers [49 58 61 63]

adding measurement: 65 from agent 0
measurement: 65
truth group lists [[58, 61, 63], [], [], [], [0, 1, 2, 3, 4, 5, 6, 7, 8, 9, 10, 11, 12, 13, 14, 15, 16, 17, 18, 19, 20, 21, 22, 23, 24, 25, 26, 27, 28, 29, 30, 32, 34, 36, 37, 40, 42, 45, 49, 52, 55, 60], [], [31, 33, 35, 38, 39, 41, 44, 47, 50, 51, 54, 57, 62, 65], [43, 46, 48, 53, 56, 59, 64], [], [], [], [], []]
dist_from_measurement_to_model 5118.684586625642
measurement_mahalonobis_distance 943.7922114550041
measurement_mahalonobis_distance_in_x_y 283.7216620477377
dist_from_measurement_to_model 4139.4617386061445
measurement_mahalonobis_distance 0.004386929169609677
measurement_mahalonobis_distance_in_x_y 0.4107501858387947
dist_from_measurement_to_model 5824.529697975458
measurement_mahalonobis_distance 218.7615479287543
measurement_mahalonobis_distance_in_x_y 1.8960271657768726
ransac prediction [array([ 4551.52407539,  2975.37726269, 56315.96155803]), array([ 3548.38196972,  9703.24495471, 17862.25235782]), array([ 12333.20891447,   5014.81126563, 184765.41969653])]
covariance [array([[ 2.37056217e+02,  4.40238832e+01, -2.00987151e+03],
       [ 4.40238832e+01,  3.03284980e+02,  3.22661437e+04],
       [-2.00987151e+03,  3.22661437e+04,  4.63492308e+12]]), array([[ 2.10645983e+04, -2.61275186e+04, -2.34345339e+05],
       [-2.61275186e+04,  3.89158250e+04,  3.27694807e+05],
       [-2.34345339e+05,  3.27694807e+05,  1.44958631e+15]]), array([[ 2.43419355e+06, -7.61347412e+05,  1.44191727e+08],
       [-7.61347412e+05,  2.54229576e+05, -4.53794150e+07],
       [ 1.44191727e+08, -4.53794150e+07,  3.09528467e+16]])]
group lists [array([ 0,  1,  2,  3,  4,  5,  6,  7,  8,  9, 10, 11, 12, 13, 14, 15, 16,
       17, 18, 19, 20, 21, 22, 23, 24, 25, 26, 27, 28, 29, 30, 32, 34, 36,
       37, 40, 42, 45, 52, 55, 60]), array([31, 33, 35, 38, 39, 41, 44, 47, 50, 51, 54, 57, 62, 65]), array([43, 46, 48, 53, 56, 59, 64])]
outliers [49 58 61 63]

adding measurement: 66 from agent 0
measurement: 66
truth group lists [[58, 61, 63, 66], [], [], [], [0, 1, 2, 3, 4, 5, 6, 7, 8, 9, 10, 11, 12, 13, 14, 15, 16, 17, 18, 19, 20, 21, 22, 23, 24, 25, 26, 27, 28, 29, 30, 32, 34, 36, 37, 40, 42, 45, 49, 52, 55, 60], [], [31, 33, 35, 38, 39, 41, 44, 47, 50, 51, 54, 57, 62, 65], [43, 46, 48, 53, 56, 59, 64], [], [], [], [], []]
dist_from_measurement_to_model 5239.886869978854
measurement_mahalonobis_distance 2874.4831938542916
measurement_mahalonobis_distance_in_x_y 105.34985651590335
dist_from_measurement_to_model 4195.322934242582
measurement_mahalonobis_distance 61.42081715389307
measurement_mahalonobis_distance_in_x_y 21.964463114569682
dist_from_measurement_to_model 5772.744544204381
measurement_mahalonobis_distance 70.84788542235636
measurement_mahalonobis_distance_in_x_y 3.4446597833664594
ransac prediction [array([ 4551.52407539,  2975.37726269, 56315.96155803]), array([ 3548.38196972,  9703.24495471, 17862.25235782]), array([ 12333.20891447,   5014.81126563, 184765.41969653])]
covariance [array([[ 2.37056217e+02,  4.40238832e+01, -2.00987151e+03],
       [ 4.40238832e+01,  3.03284980e+02,  3.22661437e+04],
       [-2.00987151e+03,  3.22661437e+04,  4.63492308e+12]]), array([[ 2.10645983e+04, -2.61275186e+04, -2.34345339e+05],
       [-2.61275186e+04,  3.89158250e+04,  3.27694807e+05],
       [-2.34345339e+05,  3.27694807e+05,  1.44958631e+15]]), array([[ 2.43419355e+06, -7.61347412e+05,  1.44191727e+08],
       [-7.61347412e+05,  2.54229576e+05, -4.53794150e+07],
       [ 1.44191727e+08, -4.53794150e+07,  3.09528467e+16]])]
group lists [array([ 0,  1,  2,  3,  4,  5,  6,  7,  8,  9, 10, 11, 12, 13, 14, 15, 16,
       17, 18, 19, 20, 21, 22, 23, 24, 25, 26, 27, 28, 29, 30, 32, 34, 36,
       37, 40, 42, 45, 52, 55, 60]), array([31, 33, 35, 38, 39, 41, 44, 47, 50, 51, 54, 57, 62, 65]), array([43, 46, 48, 53, 56, 59, 64])]
outliers [49 58 61 63 66]

adding measurement: 67 from agent 0
measurement: 67
truth group lists [[58, 61, 63, 66], [], [], [], [0, 1, 2, 3, 4, 5, 6, 7, 8, 9, 10, 11, 12, 13, 14, 15, 16, 17, 18, 19, 20, 21, 22, 23, 24, 25, 26, 27, 28, 29, 30, 32, 34, 36, 37, 40, 42, 45, 49, 52, 55, 60], [], [31, 33, 35, 38, 39, 41, 44, 47, 50, 51, 54, 57, 62, 65], [43, 46, 48, 53, 56, 59, 64, 67], [], [], [], [], []]
dist_from_measurement_to_model 5250.92295354534
measurement_mahalonobis_distance 803.0642351625934
measurement_mahalonobis_distance_in_x_y 291.1746588614658
dist_from_measurement_to_model 4198.920996348187
measurement_mahalonobis_distance 381.26910260793346
measurement_mahalonobis_distance_in_x_y 2.112011743160296
dist_from_measurement_to_model 5768.156142675209
measurement_mahalonobis_distance 0.3987915503795691
measurement_mahalonobis_distance_in_x_y 1.6566992669685523
ransac prediction [array([ 4551.52407539,  2975.37726269, 56315.96155803]), array([ 3548.38196972,  9703.24495471, 17862.25235782]), array([10502.13028672,  5517.9632992 , 77194.25738321])]
covariance [array([[ 2.37056217e+02,  4.40238832e+01, -2.00987151e+03],
       [ 4.40238832e+01,  3.03284980e+02,  3.22661437e+04],
       [-2.00987151e+03,  3.22661437e+04,  4.63492308e+12]]), array([[ 2.10645983e+04, -2.61275186e+04, -2.34345339e+05],
       [-2.61275186e+04,  3.89158250e+04,  3.27694807e+05],
       [-2.34345339e+05,  3.27694807e+05,  1.44958631e+15]]), array([[ 1.54807335e+06, -5.17855314e+05,  9.40042241e+07],
       [-5.17855314e+05,  1.87321721e+05, -3.17137713e+07],
       [ 9.40042241e+07, -3.17137713e+07,  2.62931872e+16]])]
group lists [array([ 0,  1,  2,  3,  4,  5,  6,  7,  8,  9, 10, 11, 12, 13, 14, 15, 16,
       17, 18, 19, 20, 21, 22, 23, 24, 25, 26, 27, 28, 29, 30, 32, 34, 36,
       37, 40, 42, 45, 52, 55, 60]), array([31, 33, 35, 38, 39, 41, 44, 47, 50, 51, 54, 57, 62, 65]), array([43, 46, 48, 53, 56, 59, 64, 67])]
outliers [49 58 61 63 66]

adding measurement: 68 from agent 0
measurement: 68
truth group lists [[58, 61, 63, 66], [], [], [], [0, 1, 2, 3, 4, 5, 6, 7, 8, 9, 10, 11, 12, 13, 14, 15, 16, 17, 18, 19, 20, 21, 22, 23, 24, 25, 26, 27, 28, 29, 30, 32, 34, 36, 37, 40, 42, 45, 49, 52, 55, 60], [], [31, 33, 35, 38, 39, 41, 44, 47, 50, 51, 54, 57, 62, 65, 68], [43, 46, 48, 53, 56, 59, 64, 67], [], [], [], [], []]
dist_from_measurement_to_model 5350.374664367171
measurement_mahalonobis_distance 861.367916214244
measurement_mahalonobis_distance_in_x_y 296.53797871273173
dist_from_measurement_to_model 4232.621496484229
measurement_mahalonobis_distance 0.02915719070934636
measurement_mahalonobis_distance_in_x_y 1.011216223790901
dist_from_measurement_to_model 3886.0768778172423
measurement_mahalonobis_distance 109.19025376319848
measurement_mahalonobis_distance_in_x_y 1.2515215793298897
ransac prediction [array([ 4551.52407539,  2975.37726269, 56315.96155803]), array([ 3571.75780703,  9663.48653166, 17565.40833045]), array([10502.13028672,  5517.9632992 , 77194.25738321])]
covariance [array([[ 2.37056217e+02,  4.40238832e+01, -2.00987151e+03],
       [ 4.40238832e+01,  3.03284980e+02,  3.22661437e+04],
       [-2.00987151e+03,  3.22661437e+04,  4.63492308e+12]]), array([[ 1.85991623e+04, -2.19342209e+04, -2.01226005e+05],
       [-2.19342209e+04,  3.17837209e+04,  2.70715273e+05],
       [-2.01226005e+05,  2.70715273e+05,  1.40924489e+15]]), array([[ 1.54807335e+06, -5.17855314e+05,  9.40042241e+07],
       [-5.17855314e+05,  1.87321721e+05, -3.17137713e+07],
       [ 9.40042241e+07, -3.17137713e+07,  2.62931872e+16]])]
group lists [array([ 0,  1,  2,  3,  4,  5,  6,  7,  8,  9, 10, 11, 12, 13, 14, 15, 16,
       17, 18, 19, 20, 21, 22, 23, 24, 25, 26, 27, 28, 29, 30, 32, 34, 36,
       37, 40, 42, 45, 52, 55, 60]), array([31, 33, 35, 38, 39, 41, 44, 47, 50, 51, 54, 57, 62, 65, 68]), array([43, 46, 48, 53, 56, 59, 64, 67])]
outliers [49 58 61 63 66]

adding measurement: 69 from agent 0
measurement: 69
truth group lists [[58, 61, 63, 66], [], [], [], [0, 1, 2, 3, 4, 5, 6, 7, 8, 9, 10, 11, 12, 13, 14, 15, 16, 17, 18, 19, 20, 21, 22, 23, 24, 25, 26, 27, 28, 29, 30, 32, 34, 36, 37, 40, 42, 45, 49, 52, 55, 60], [], [31, 33, 35, 38, 39, 41, 44, 47, 50, 51, 54, 57, 62, 65, 68], [43, 46, 48, 53, 56, 59, 64, 67, 69], [], [], [], [], []]
dist_from_measurement_to_model 5427.878518016947
measurement_mahalonobis_distance 731.7384529660239
measurement_mahalonobis_distance_in_x_y 299.56662485380065
dist_from_measurement_to_model 4220.952513578266
measurement_mahalonobis_distance 356.5749439814588
measurement_mahalonobis_distance_in_x_y 11.951860187196337
dist_from_measurement_to_model 3863.690940553538
measurement_mahalonobis_distance 0.11643782255472719
measurement_mahalonobis_distance_in_x_y 0.8303645603740509
ransac prediction [array([ 4551.52407539,  2975.37726269, 56315.96155803]), array([ 3571.75780703,  9663.48653166, 17565.40833045]), array([ 9485.88387244,  5830.12466782, 30230.30377155])]
covariance [array([[ 2.37056217e+02,  4.40238832e+01, -2.00987151e+03],
       [ 4.40238832e+01,  3.03284980e+02,  3.22661437e+04],
       [-2.00987151e+03,  3.22661437e+04,  4.63492308e+12]]), array([[ 1.85991623e+04, -2.19342209e+04, -2.01226005e+05],
       [-2.19342209e+04,  3.17837209e+04,  2.70715273e+05],
       [-2.01226005e+05,  2.70715273e+05,  1.40924489e+15]]), array([[ 4.63250359e+05, -1.84629212e+05,  2.47570202e+07],
       [-1.84629212e+05,  8.49643449e+04, -1.00987236e+07],
       [ 2.47570202e+07, -1.00987236e+07,  1.50434921e+16]])]
group lists [array([ 0,  1,  2,  3,  4,  5,  6,  7,  8,  9, 10, 11, 12, 13, 14, 15, 16,
       17, 18, 19, 20, 21, 22, 23, 24, 25, 26, 27, 28, 29, 30, 32, 34, 36,
       37, 40, 42, 45, 52, 55, 60]), array([31, 33, 35, 38, 39, 41, 44, 47, 50, 51, 54, 57, 62, 65, 68]), array([43, 46, 48, 53, 56, 59, 64, 67, 69])]
outliers [49 58 61 63 66]

adding measurement: 70 from agent 0
measurement: 70
truth group lists [[58, 61, 63, 66], [], [], [], [0, 1, 2, 3, 4, 5, 6, 7, 8, 9, 10, 11, 12, 13, 14, 15, 16, 17, 18, 19, 20, 21, 22, 23, 24, 25, 26, 27, 28, 29, 30, 32, 34, 36, 37, 40, 42, 45, 49, 52, 55, 60], [], [31, 33, 35, 38, 39, 41, 44, 47, 50, 51, 54, 57, 62, 65, 68, 70], [43, 46, 48, 53, 56, 59, 64, 67, 69], [], [], [], [], []]
dist_from_measurement_to_model 5572.14790964425
measurement_mahalonobis_distance 845.8160833382087
measurement_mahalonobis_distance_in_x_y 308.0324718454673
dist_from_measurement_to_model 4277.091075170089
measurement_mahalonobis_distance 4.180897276912699e-05
measurement_mahalonobis_distance_in_x_y 0.040581844258952615
dist_from_measurement_to_model 2841.0921663127397
measurement_mahalonobis_distance 83.97293598764797
measurement_mahalonobis_distance_in_x_y 7.201926333507731
ransac prediction [array([ 4551.52407539,  2975.37726269, 56315.96155803]), array([ 3572.56719856,  9662.15512962, 17575.71086963]), array([ 9485.88387244,  5830.12466782, 30230.30377155])]
covariance [array([[ 2.37056217e+02,  4.40238832e+01, -2.00987151e+03],
       [ 4.40238832e+01,  3.03284980e+02,  3.22661437e+04],
       [-2.00987151e+03,  3.22661437e+04,  4.63492308e+12]]), array([[ 1.65050042e+04, -1.84894524e+04, -1.73475943e+05],
       [-1.84894524e+04,  2.61172768e+04,  2.24571047e+05],
       [-1.73475943e+05,  2.24571047e+05,  1.37260975e+15]]), array([[ 4.63250359e+05, -1.84629212e+05,  2.47570202e+07],
       [-1.84629212e+05,  8.49643449e+04, -1.00987236e+07],
       [ 2.47570202e+07, -1.00987236e+07,  1.50434921e+16]])]
group lists [array([ 0,  1,  2,  3,  4,  5,  6,  7,  8,  9, 10, 11, 12, 13, 14, 15, 16,
       17, 18, 19, 20, 21, 22, 23, 24, 25, 26, 27, 28, 29, 30, 32, 34, 36,
       37, 40, 42, 45, 52, 55, 60]), array([31, 33, 35, 38, 39, 41, 44, 47, 50, 51, 54, 57, 62, 65, 68, 70]), array([43, 46, 48, 53, 56, 59, 64, 67, 69])]
outliers [49 58 61 63 66]

adding measurement: 71 from agent 0
measurement: 71
truth group lists [[58, 61, 63, 66, 71], [], [], [], [0, 1, 2, 3, 4, 5, 6, 7, 8, 9, 10, 11, 12, 13, 14, 15, 16, 17, 18, 19, 20, 21, 22, 23, 24, 25, 26, 27, 28, 29, 30, 32, 34, 36, 37, 40, 42, 45, 49, 52, 55, 60], [], [31, 33, 35, 38, 39, 41, 44, 47, 50, 51, 54, 57, 62, 65, 68, 70], [43, 46, 48, 53, 56, 59, 64, 67, 69], [], [], [], [], []]
dist_from_measurement_to_model 5605.499641301423
measurement_mahalonobis_distance 3027.3346724238263
measurement_mahalonobis_distance_in_x_y 120.25475955964988
dist_from_measurement_to_model 4289.397174887241
measurement_mahalonobis_distance 77.15428480829108
measurement_mahalonobis_distance_in_x_y 26.564876203667737
dist_from_measurement_to_model 2837.5517388641197
measurement_mahalonobis_distance 44.9035899826447
measurement_mahalonobis_distance_in_x_y 3.353241346894925
ransac prediction [array([ 4551.52407539,  2975.37726269, 56315.96155803]), array([ 3572.56719856,  9662.15512962, 17575.71086963]), array([ 9485.88387244,  5830.12466782, 30230.30377155]), array([7824.34660617, 9741.50112941, 6231.99030726])]
covariance [array([[ 2.37056217e+02,  4.40238832e+01, -2.00987151e+03],
       [ 4.40238832e+01,  3.03284980e+02,  3.22661437e+04],
       [-2.00987151e+03,  3.22661437e+04,  4.63492308e+12]]), array([[ 1.65050042e+04, -1.84894524e+04, -1.73475943e+05],
       [-1.84894524e+04,  2.61172768e+04,  2.24571047e+05],
       [-1.73475943e+05,  2.24571047e+05,  1.37260975e+15]]), array([[ 4.63250359e+05, -1.84629212e+05,  2.47570202e+07],
       [-1.84629212e+05,  8.49643449e+04, -1.00987236e+07],
       [ 2.47570202e+07, -1.00987236e+07,  1.50434921e+16]]), array([[5.15685744e+04, 1.52181118e+05, 8.77332749e+05],
       [1.52181118e+05, 4.81776953e+05, 2.76082524e+06],
       [8.77332749e+05, 2.76082524e+06, 9.85019056e+14]])]
group lists [array([ 0,  1,  2,  3,  4,  5,  6,  7,  8,  9, 10, 11, 12, 13, 14, 15, 16,
       17, 18, 19, 20, 21, 22, 23, 24, 25, 26, 27, 28, 29, 30, 32, 34, 36,
       37, 40, 42, 45, 52, 55, 60]), array([31, 33, 35, 38, 39, 41, 44, 47, 50, 51, 54, 57, 62, 65, 68, 70]), array([43, 46, 48, 53, 56, 59, 64, 67, 69]), array([58, 61, 63, 66, 71])]
outliers [49]

adding measurement: 72 from agent 0
measurement: 72
truth group lists [[58, 61, 63, 66, 71], [], [], [], [0, 1, 2, 3, 4, 5, 6, 7, 8, 9, 10, 11, 12, 13, 14, 15, 16, 17, 18, 19, 20, 21, 22, 23, 24, 25, 26, 27, 28, 29, 30, 32, 34, 36, 37, 40, 42, 45, 49, 52, 55, 60], [], [31, 33, 35, 38, 39, 41, 44, 47, 50, 51, 54, 57, 62, 65, 68, 70], [43, 46, 48, 53, 56, 59, 64, 67, 69, 72], [], [], [], [], []]
dist_from_measurement_to_model 5772.56927520306
measurement_mahalonobis_distance 830.4881922951531
measurement_mahalonobis_distance_in_x_y 320.0957912028333
dist_from_measurement_to_model 4361.1119267671875
measurement_mahalonobis_distance 349.5540422891655
measurement_mahalonobis_distance_in_x_y 16.08325617063068
dist_from_measurement_to_model 2826.3290744297014
measurement_mahalonobis_distance 0.21510055903639216
measurement_mahalonobis_distance_in_x_y 1.974483149513988
dist_from_measurement_to_model 1859.3812395712348
measurement_mahalonobis_distance 61.450983288307675
measurement_mahalonobis_distance_in_x_y 2.3593617851994684
ransac prediction [array([ 4551.52407539,  2975.37726269, 56315.96155803]), array([ 3572.56719856,  9662.15512962, 17575.71086963]), array([10238.06201159,  5557.60547897, 67202.59275585]), array([7824.34660617, 9741.50112941, 6231.99030726])]
covariance [array([[ 2.37056217e+02,  4.40238832e+01, -2.00987151e+03],
       [ 4.40238832e+01,  3.03284980e+02,  3.22661437e+04],
       [-2.00987151e+03,  3.22661437e+04,  4.63492308e+12]]), array([[ 1.65050042e+04, -1.84894524e+04, -1.73475943e+05],
       [-1.84894524e+04,  2.61172768e+04,  2.24571047e+05],
       [-1.73475943e+05,  2.24571047e+05,  1.37260975e+15]]), array([[ 1.00089988e+05, -5.30537720e+04,  3.62320377e+06],
       [-5.30537720e+04,  3.72936796e+04, -2.08152261e+06],
       [ 3.62320377e+06, -2.08152261e+06,  6.03132833e+15]]), array([[5.15685744e+04, 1.52181118e+05, 8.77332749e+05],
       [1.52181118e+05, 4.81776953e+05, 2.76082524e+06],
       [8.77332749e+05, 2.76082524e+06, 9.85019056e+14]])]
group lists [array([ 0,  1,  2,  3,  4,  5,  6,  7,  8,  9, 10, 11, 12, 13, 14, 15, 16,
       17, 18, 19, 20, 21, 22, 23, 24, 25, 26, 27, 28, 29, 30, 32, 34, 36,
       37, 40, 42, 45, 52, 55, 60]), array([31, 33, 35, 38, 39, 41, 44, 47, 50, 51, 54, 57, 62, 65, 68, 70]), array([43, 46, 48, 53, 56, 59, 64, 67, 69, 72]), array([58, 61, 63, 66, 71])]
outliers [49]

adding measurement: 73 from agent 0
measurement: 73
truth group lists [[58, 61, 63, 66, 71], [], [], [], [0, 1, 2, 3, 4, 5, 6, 7, 8, 9, 10, 11, 12, 13, 14, 15, 16, 17, 18, 19, 20, 21, 22, 23, 24, 25, 26, 27, 28, 29, 30, 32, 34, 36, 37, 40, 42, 45, 49, 52, 55, 60], [], [31, 33, 35, 38, 39, 41, 44, 47, 50, 51, 54, 57, 62, 65, 68, 70, 73], [43, 46, 48, 53, 56, 59, 64, 67, 69, 72], [], [], [], [], []]
dist_from_measurement_to_model 5806.042891565303
measurement_mahalonobis_distance 879.7644198254668
measurement_mahalonobis_distance_in_x_y 320.94309941762793
dist_from_measurement_to_model 4376.158488967588
measurement_mahalonobis_distance 0.1664560311627231
measurement_mahalonobis_distance_in_x_y 2.8938912511577364
dist_from_measurement_to_model 3552.1989256814236
measurement_mahalonobis_distance 264.98826082156535
measurement_mahalonobis_distance_in_x_y 10.566670117399397
dist_from_measurement_to_model 1832.9909926091523
measurement_mahalonobis_distance 19.607924854587825
measurement_mahalonobis_distance_in_x_y 2.402909450664696
ransac prediction [array([ 4551.52407539,  2975.37726269, 56315.96155803]), array([ 3527.21321315,  9734.5689987 , 18190.30732801]), array([10238.06201159,  5557.60547897, 67202.59275585]), array([7824.34660617, 9741.50112941, 6231.99030726])]
covariance [array([[ 2.37056217e+02,  4.40238832e+01, -2.00987151e+03],
       [ 4.40238832e+01,  3.03284980e+02,  3.22661437e+04],
       [-2.00987151e+03,  3.22661437e+04,  4.63492308e+12]]), array([[ 1.48012486e+04, -1.57691726e+04, -1.51222193e+05],
       [-1.57691726e+04,  2.17739764e+04,  1.88659493e+05],
       [-1.51222193e+05,  1.88659493e+05,  1.34080451e+15]]), array([[ 1.00089988e+05, -5.30537720e+04,  3.62320377e+06],
       [-5.30537720e+04,  3.72936796e+04, -2.08152261e+06],
       [ 3.62320377e+06, -2.08152261e+06,  6.03132833e+15]]), array([[5.15685744e+04, 1.52181118e+05, 8.77332749e+05],
       [1.52181118e+05, 4.81776953e+05, 2.76082524e+06],
       [8.77332749e+05, 2.76082524e+06, 9.85019056e+14]])]
group lists [array([ 0,  1,  2,  3,  4,  5,  6,  7,  8,  9, 10, 11, 12, 13, 14, 15, 16,
       17, 18, 19, 20, 21, 22, 23, 24, 25, 26, 27, 28, 29, 30, 32, 34, 36,
       37, 40, 42, 45, 52, 55, 60]), array([31, 33, 35, 38, 39, 41, 44, 47, 50, 51, 54, 57, 62, 65, 68, 70, 73]), array([43, 46, 48, 53, 56, 59, 64, 67, 69, 72]), array([58, 61, 63, 66, 71])]
outliers [49]

adding measurement: 74 from agent 0
measurement: 74
truth group lists [[58, 61, 63, 66, 71], [], [], [], [0, 1, 2, 3, 4, 5, 6, 7, 8, 9, 10, 11, 12, 13, 14, 15, 16, 17, 18, 19, 20, 21, 22, 23, 24, 25, 26, 27, 28, 29, 30, 32, 34, 36, 37, 40, 42, 45, 49, 52, 55, 60], [], [31, 33, 35, 38, 39, 41, 44, 47, 50, 51, 54, 57, 62, 65, 68, 70, 73], [43, 46, 48, 53, 56, 59, 64, 67, 69, 72, 74], [], [], [], [], []]
dist_from_measurement_to_model 5951.311783069252
measurement_mahalonobis_distance 833.0739007259318
measurement_mahalonobis_distance_in_x_y 329.8812501335753
dist_from_measurement_to_model 4513.118841312044
measurement_mahalonobis_distance 368.40772380671666
measurement_mahalonobis_distance_in_x_y 23.258315765817006
dist_from_measurement_to_model 3536.2752897044575
measurement_mahalonobis_distance 0.1731493345382775
measurement_mahalonobis_distance_in_x_y 2.6192136970573534
dist_from_measurement_to_model 1722.2304627892252
measurement_mahalonobis_distance 46.1202863749458
measurement_mahalonobis_distance_in_x_y 2.0711996430293396
ransac prediction [array([ 4551.52407539,  2975.37726269, 56315.96155803]), array([ 3527.21321315,  9734.5689987 , 18190.30732801]), array([10414.70963005,  5500.52707598, 75536.05837131]), array([7824.34660617, 9741.50112941, 6231.99030726])]
covariance [array([[ 2.37056217e+02,  4.40238832e+01, -2.00987151e+03],
       [ 4.40238832e+01,  3.03284980e+02,  3.22661437e+04],
       [-2.00987151e+03,  3.22661437e+04,  4.63492308e+12]]), array([[ 1.48012486e+04, -1.57691726e+04, -1.51222193e+05],
       [-1.57691726e+04,  2.17739764e+04,  1.88659493e+05],
       [-1.51222193e+05,  1.88659493e+05,  1.34080451e+15]]), array([[ 7.95270446e+04, -4.64094708e+04,  3.04054797e+06],
       [-4.64094708e+04,  3.51467721e+04, -1.93009296e+06],
       [ 3.04054797e+06, -1.93009296e+06,  4.84658809e+15]]), array([[5.15685744e+04, 1.52181118e+05, 8.77332749e+05],
       [1.52181118e+05, 4.81776953e+05, 2.76082524e+06],
       [8.77332749e+05, 2.76082524e+06, 9.85019056e+14]])]
group lists [array([ 0,  1,  2,  3,  4,  5,  6,  7,  8,  9, 10, 11, 12, 13, 14, 15, 16,
       17, 18, 19, 20, 21, 22, 23, 24, 25, 26, 27, 28, 29, 30, 32, 34, 36,
       37, 40, 42, 45, 52, 55, 60]), array([31, 33, 35, 38, 39, 41, 44, 47, 50, 51, 54, 57, 62, 65, 68, 70, 73]), array([43, 46, 48, 53, 56, 59, 64, 67, 69, 72, 74]), array([58, 61, 63, 66, 71])]
outliers [49]

adding measurement: 75 from agent 0
measurement: 75
truth group lists [[58, 61, 63, 66, 71, 75], [], [], [], [0, 1, 2, 3, 4, 5, 6, 7, 8, 9, 10, 11, 12, 13, 14, 15, 16, 17, 18, 19, 20, 21, 22, 23, 24, 25, 26, 27, 28, 29, 30, 32, 34, 36, 37, 40, 42, 45, 49, 52, 55, 60], [], [31, 33, 35, 38, 39, 41, 44, 47, 50, 51, 54, 57, 62, 65, 68, 70, 73], [43, 46, 48, 53, 56, 59, 64, 67, 69, 72, 74], [], [], [], [], []]
dist_from_measurement_to_model 5973.691025411675
measurement_mahalonobis_distance 3207.437727168754
measurement_mahalonobis_distance_in_x_y 130.99436280213249
dist_from_measurement_to_model 4523.687785061632
measurement_mahalonobis_distance 91.16945592109789
measurement_mahalonobis_distance_in_x_y 30.071979474387447
dist_from_measurement_to_model 3701.2085007689584
measurement_mahalonobis_distance 165.6882313942976
measurement_mahalonobis_distance_in_x_y 10.228238087093413
dist_from_measurement_to_model 1705.75590386503
measurement_mahalonobis_distance 0.253868923466999
measurement_mahalonobis_distance_in_x_y 3.4799569836742523
ransac prediction [array([ 4551.52407539,  2975.37726269, 56315.96155803]), array([ 3527.21321315,  9734.5689987 , 18190.30732801]), array([10414.70963005,  5500.52707598, 75536.05837131]), array([ 8105.3558673 , 10557.61202838, 10534.00787148])]
covariance [array([[ 2.37056217e+02,  4.40238832e+01, -2.00987151e+03],
       [ 4.40238832e+01,  3.03284980e+02,  3.22661437e+04],
       [-2.00987151e+03,  3.22661437e+04,  4.63492308e+12]]), array([[ 1.48012486e+04, -1.57691726e+04, -1.51222193e+05],
       [-1.57691726e+04,  2.17739764e+04,  1.88659493e+05],
       [-1.51222193e+05,  1.88659493e+05,  1.34080451e+15]]), array([[ 7.95270446e+04, -4.64094708e+04,  3.04054797e+06],
       [-4.64094708e+04,  3.51467721e+04, -1.93009296e+06],
       [ 3.04054797e+06, -1.93009296e+06,  4.84658809e+15]]), array([[9.77206039e+03, 3.07951164e+04, 1.98776375e+05],
       [3.07951164e+04, 1.29246085e+05, 8.23500004e+05],
       [1.98776375e+05, 8.23500004e+05, 5.66932174e+14]])]
group lists [array([ 0,  1,  2,  3,  4,  5,  6,  7,  8,  9, 10, 11, 12, 13, 14, 15, 16,
       17, 18, 19, 20, 21, 22, 23, 24, 25, 26, 27, 28, 29, 30, 32, 34, 36,
       37, 40, 42, 45, 52, 55, 60]), array([31, 33, 35, 38, 39, 41, 44, 47, 50, 51, 54, 57, 62, 65, 68, 70, 73]), array([43, 46, 48, 53, 56, 59, 64, 67, 69, 72, 74]), array([58, 61, 63, 66, 71, 75])]
outliers [49]

adding measurement: 76 from agent 0
measurement: 76
truth group lists [[58, 61, 63, 66, 71, 75], [], [], [], [0, 1, 2, 3, 4, 5, 6, 7, 8, 9, 10, 11, 12, 13, 14, 15, 16, 17, 18, 19, 20, 21, 22, 23, 24, 25, 26, 27, 28, 29, 30, 32, 34, 36, 37, 40, 42, 45, 49, 52, 55, 60], [], [31, 33, 35, 38, 39, 41, 44, 47, 50, 51, 54, 57, 62, 65, 68, 70, 73, 76], [43, 46, 48, 53, 56, 59, 64, 67, 69, 72, 74], [], [], [], [], []]
dist_from_measurement_to_model 6029.673037283751
measurement_mahalonobis_distance 801.7601690458725
measurement_mahalonobis_distance_in_x_y 329.6665691041842
dist_from_measurement_to_model 4550.529208673524
measurement_mahalonobis_distance 0.012669584141374313
measurement_mahalonobis_distance_in_x_y 0.7742604857575885
dist_from_measurement_to_model 3695.8588903329883
measurement_mahalonobis_distance 276.96256586492314
measurement_mahalonobis_distance_in_x_y 14.569940309574571
dist_from_measurement_to_model 2503.5700235906265
measurement_mahalonobis_distance 71.57371708719849
measurement_mahalonobis_distance_in_x_y 6.629675513021296
ransac prediction [array([ 4551.52407539,  2975.37726269, 56315.96155803]), array([ 3516.62676233,  9751.12303374, 18340.86904038]), array([10414.70963005,  5500.52707598, 75536.05837131]), array([ 8105.3558673 , 10557.61202838, 10534.00787148])]
covariance [array([[ 2.37056217e+02,  4.40238832e+01, -2.00987151e+03],
       [ 4.40238832e+01,  3.03284980e+02,  3.22661437e+04],
       [-2.00987151e+03,  3.22661437e+04,  4.63492308e+12]]), array([[ 1.35100983e+04, -1.37502005e+04, -1.34586798e+05],
       [-1.37502005e+04,  1.86169095e+04,  1.62345350e+05],
       [-1.34586798e+05,  1.62345350e+05,  1.31474785e+15]]), array([[ 7.95270446e+04, -4.64094708e+04,  3.04054797e+06],
       [-4.64094708e+04,  3.51467721e+04, -1.93009296e+06],
       [ 3.04054797e+06, -1.93009296e+06,  4.84658809e+15]]), array([[9.77206039e+03, 3.07951164e+04, 1.98776375e+05],
       [3.07951164e+04, 1.29246085e+05, 8.23500004e+05],
       [1.98776375e+05, 8.23500004e+05, 5.66932174e+14]])]
group lists [array([ 0,  1,  2,  3,  4,  5,  6,  7,  8,  9, 10, 11, 12, 13, 14, 15, 16,
       17, 18, 19, 20, 21, 22, 23, 24, 25, 26, 27, 28, 29, 30, 32, 34, 36,
       37, 40, 42, 45, 52, 55, 60]), array([31, 33, 35, 38, 39, 41, 44, 47, 50, 51, 54, 57, 62, 65, 68, 70, 73,
       76]), array([43, 46, 48, 53, 56, 59, 64, 67, 69, 72, 74]), array([58, 61, 63, 66, 71, 75])]
outliers [49]

adding measurement: 77 from agent 0
measurement: 77
truth group lists [[58, 61, 63, 66, 71, 75], [], [], [], [0, 1, 2, 3, 4, 5, 6, 7, 8, 9, 10, 11, 12, 13, 14, 15, 16, 17, 18, 19, 20, 21, 22, 23, 24, 25, 26, 27, 28, 29, 30, 32, 34, 36, 37, 40, 42, 45, 49, 52, 55, 60], [], [31, 33, 35, 38, 39, 41, 44, 47, 50, 51, 54, 57, 62, 65, 68, 70, 73, 76], [43, 46, 48, 53, 56, 59, 64, 67, 69, 72, 74, 77], [], [], [], [], []]
dist_from_measurement_to_model 6130.55915244111
measurement_mahalonobis_distance 796.7078539486471
measurement_mahalonobis_distance_in_x_y 338.71878951142367
dist_from_measurement_to_model 4615.989987260636
measurement_mahalonobis_distance 364.9107550726385
measurement_mahalonobis_distance_in_x_y 36.04597391958265
dist_from_measurement_to_model 3688.5488345979043
measurement_mahalonobis_distance 0.0678544357896797
measurement_mahalonobis_distance_in_x_y 1.6677988118951965
dist_from_measurement_to_model 2425.3191458788237
measurement_mahalonobis_distance 176.5644136214951
measurement_mahalonobis_distance_in_x_y 6.002289101606227
ransac prediction [array([ 4551.52407539,  2975.37726269, 56315.96155803]), array([ 3516.62676233,  9751.12303374, 18340.86904038]), array([10497.67047243,  5470.97777486, 80133.20995256]), array([ 8105.3558673 , 10557.61202838, 10534.00787148])]
covariance [array([[ 2.37056217e+02,  4.40238832e+01, -2.00987151e+03],
       [ 4.40238832e+01,  3.03284980e+02,  3.22661437e+04],
       [-2.00987151e+03,  3.22661437e+04,  4.63492308e+12]]), array([[ 1.35100983e+04, -1.37502005e+04, -1.34586798e+05],
       [-1.37502005e+04,  1.86169095e+04,  1.62345350e+05],
       [-1.34586798e+05,  1.62345350e+05,  1.31474785e+15]]), array([[ 6.70396053e+04, -4.19616483e+04,  2.69309504e+06],
       [-4.19616483e+04,  3.35625301e+04, -1.83706094e+06],
       [ 2.69309504e+06, -1.83706094e+06,  4.15677859e+15]]), array([[9.77206039e+03, 3.07951164e+04, 1.98776375e+05],
       [3.07951164e+04, 1.29246085e+05, 8.23500004e+05],
       [1.98776375e+05, 8.23500004e+05, 5.66932174e+14]])]
group lists [array([ 0,  1,  2,  3,  4,  5,  6,  7,  8,  9, 10, 11, 12, 13, 14, 15, 16,
       17, 18, 19, 20, 21, 22, 23, 24, 25, 26, 27, 28, 29, 30, 32, 34, 36,
       37, 40, 42, 45, 52, 55, 60]), array([31, 33, 35, 38, 39, 41, 44, 47, 50, 51, 54, 57, 62, 65, 68, 70, 73,
       76]), array([43, 46, 48, 53, 56, 59, 64, 67, 69, 72, 74, 77]), array([58, 61, 63, 66, 71, 75])]
outliers [49]

adding measurement: 78 from agent 0
measurement: 78
truth group lists [[58, 61, 63, 66, 71, 75, 78], [], [], [], [0, 1, 2, 3, 4, 5, 6, 7, 8, 9, 10, 11, 12, 13, 14, 15, 16, 17, 18, 19, 20, 21, 22, 23, 24, 25, 26, 27, 28, 29, 30, 32, 34, 36, 37, 40, 42, 45, 49, 52, 55, 60], [], [31, 33, 35, 38, 39, 41, 44, 47, 50, 51, 54, 57, 62, 65, 68, 70, 73, 76], [43, 46, 48, 53, 56, 59, 64, 67, 69, 72, 74, 77], [], [], [], [], []]
dist_from_measurement_to_model 6164.220666333828
measurement_mahalonobis_distance 3105.087914957211
measurement_mahalonobis_distance_in_x_y 167.24511490645324
dist_from_measurement_to_model 4632.923304349815
measurement_mahalonobis_distance 90.8515942018934
measurement_mahalonobis_distance_in_x_y 34.17238423600264
dist_from_measurement_to_model 3765.6123284327755
measurement_mahalonobis_distance 197.88810586513742
measurement_mahalonobis_distance_in_x_y 10.691820263533305
dist_from_measurement_to_model 2399.6953344431026
measurement_mahalonobis_distance 0.08970481289231814
measurement_mahalonobis_distance_in_x_y 2.118578222768645
ransac prediction [array([ 4551.52407539,  2975.37726269, 56315.96155803]), array([ 3516.62676233,  9751.12303374, 18340.86904038]), array([10497.67047243,  5470.97777486, 80133.20995256]), array([ 8145.23427503, 10664.63490957, 11055.47601576])]
covariance [array([[ 2.37056217e+02,  4.40238832e+01, -2.00987151e+03],
       [ 4.40238832e+01,  3.03284980e+02,  3.22661437e+04],
       [-2.00987151e+03,  3.22661437e+04,  4.63492308e+12]]), array([[ 1.35100983e+04, -1.37502005e+04, -1.34586798e+05],
       [-1.37502005e+04,  1.86169095e+04,  1.62345350e+05],
       [-1.34586798e+05,  1.62345350e+05,  1.31474785e+15]]), array([[ 6.70396053e+04, -4.19616483e+04,  2.69309504e+06],
       [-4.19616483e+04,  3.35625301e+04, -1.83706094e+06],
       [ 2.69309504e+06, -1.83706094e+06,  4.15677859e+15]]), array([[7.59203855e+03, 2.49445263e+04, 1.66907584e+05],
       [2.49445263e+04, 1.13544680e+05, 7.49807220e+05],
       [1.66907584e+05, 7.49807220e+05, 5.11505904e+14]])]
group lists [array([ 0,  1,  2,  3,  4,  5,  6,  7,  8,  9, 10, 11, 12, 13, 14, 15, 16,
       17, 18, 19, 20, 21, 22, 23, 24, 25, 26, 27, 28, 29, 30, 32, 34, 36,
       37, 40, 42, 45, 52, 55, 60]), array([31, 33, 35, 38, 39, 41, 44, 47, 50, 51, 54, 57, 62, 65, 68, 70, 73,
       76]), array([43, 46, 48, 53, 56, 59, 64, 67, 69, 72, 74, 77]), array([58, 61, 63, 66, 71, 75, 78])]
outliers [49]

adding measurement: 79 from agent 0
measurement: 79
truth group lists [[58, 61, 63, 66, 71, 75, 78, 79], [], [], [], [0, 1, 2, 3, 4, 5, 6, 7, 8, 9, 10, 11, 12, 13, 14, 15, 16, 17, 18, 19, 20, 21, 22, 23, 24, 25, 26, 27, 28, 29, 30, 32, 34, 36, 37, 40, 42, 45, 49, 52, 55, 60], [], [31, 33, 35, 38, 39, 41, 44, 47, 50, 51, 54, 57, 62, 65, 68, 70, 73, 76], [43, 46, 48, 53, 56, 59, 64, 67, 69, 72, 74, 77], [], [], [], [], []]
dist_from_measurement_to_model 6344.01206852081
measurement_mahalonobis_distance 3217.234568985991
measurement_mahalonobis_distance_in_x_y 168.760878064613
dist_from_measurement_to_model 4726.613136130253
measurement_mahalonobis_distance 95.59266309997744
measurement_mahalonobis_distance_in_x_y 34.69594002741852
dist_from_measurement_to_model 3759.7321782040103
measurement_mahalonobis_distance 183.64873134285816
measurement_mahalonobis_distance_in_x_y 10.331186546456248
dist_from_measurement_to_model 2376.1570520697223
measurement_mahalonobis_distance 0.4098964571375984
measurement_mahalonobis_distance_in_x_y 5.450458430321563
ransac prediction [array([ 4551.52407539,  2975.37726269, 56315.96155803]), array([ 3516.62676233,  9751.12303374, 18340.86904038]), array([10497.67047243,  5470.97777486, 80133.20995256]), array([ 8224.51489391, 10902.49859186, 12530.73069476])]
covariance [array([[ 2.37056217e+02,  4.40238832e+01, -2.00987151e+03],
       [ 4.40238832e+01,  3.03284980e+02,  3.22661437e+04],
       [-2.00987151e+03,  3.22661437e+04,  4.63492308e+12]]), array([[ 1.35100983e+04, -1.37502005e+04, -1.34586798e+05],
       [-1.37502005e+04,  1.86169095e+04,  1.62345350e+05],
       [-1.34586798e+05,  1.62345350e+05,  1.31474785e+15]]), array([[ 6.70396053e+04, -4.19616483e+04,  2.69309504e+06],
       [-4.19616483e+04,  3.35625301e+04, -1.83706094e+06],
       [ 2.69309504e+06, -1.83706094e+06,  4.15677859e+15]]), array([[5.73599098e+03, 1.93758726e+04, 1.34420658e+05],
       [1.93758726e+04, 9.68371860e+04, 6.62646738e+05],
       [1.34420658e+05, 6.62646738e+05, 4.64289069e+14]])]
group lists [array([ 0,  1,  2,  3,  4,  5,  6,  7,  8,  9, 10, 11, 12, 13, 14, 15, 16,
       17, 18, 19, 20, 21, 22, 23, 24, 25, 26, 27, 28, 29, 30, 32, 34, 36,
       37, 40, 42, 45, 52, 55, 60]), array([31, 33, 35, 38, 39, 41, 44, 47, 50, 51, 54, 57, 62, 65, 68, 70, 73,
       76]), array([43, 46, 48, 53, 56, 59, 64, 67, 69, 72, 74, 77]), array([58, 61, 63, 66, 71, 75, 78, 79])]
outliers [49]

adding measurement: 80 from agent 0
measurement: 80
truth group lists [[58, 61, 63, 66, 71, 75, 78, 79], [], [], [], [0, 1, 2, 3, 4, 5, 6, 7, 8, 9, 10, 11, 12, 13, 14, 15, 16, 17, 18, 19, 20, 21, 22, 23, 24, 25, 26, 27, 28, 29, 30, 32, 34, 36, 37, 40, 42, 45, 49, 52, 55, 60], [], [31, 33, 35, 38, 39, 41, 44, 47, 50, 51, 54, 57, 62, 65, 68, 70, 73, 76], [43, 46, 48, 53, 56, 59, 64, 67, 69, 72, 74, 77, 80], [], [], [], [], []]
dist_from_measurement_to_model 6479.1310136659695
measurement_mahalonobis_distance 765.9540449145319
measurement_mahalonobis_distance_in_x_y 355.98233605337424
dist_from_measurement_to_model 4800.472562636694
measurement_mahalonobis_distance 312.71726599838485
measurement_mahalonobis_distance_in_x_y 54.020006484243034
dist_from_measurement_to_model 3761.4350286368076
measurement_mahalonobis_distance 0.08849725212157188
measurement_mahalonobis_distance_in_x_y 1.9114846644205445
dist_from_measurement_to_model 2520.427211476016
measurement_mahalonobis_distance 215.49604654351162
measurement_mahalonobis_distance_in_x_y 6.88292077041816
ransac prediction [array([ 4551.52407539,  2975.37726269, 56315.96155803]), array([ 3516.62676233,  9751.12303374, 18340.86904038]), array([10593.14104562,  5428.58386875, 85012.45872915]), array([ 8224.51489391, 10902.49859186, 12530.73069476])]
covariance [array([[ 2.37056217e+02,  4.40238832e+01, -2.00987151e+03],
       [ 4.40238832e+01,  3.03284980e+02,  3.22661437e+04],
       [-2.00987151e+03,  3.22661437e+04,  4.63492308e+12]]), array([[ 1.35100983e+04, -1.37502005e+04, -1.34586798e+05],
       [-1.37502005e+04,  1.86169095e+04,  1.62345350e+05],
       [-1.34586798e+05,  1.62345350e+05,  1.31474785e+15]]), array([[ 5.44862215e+04, -3.63872922e+04,  2.28654048e+06],
       [-3.63872922e+04,  3.10872257e+04, -1.67747629e+06],
       [ 2.28654048e+06, -1.67747629e+06,  3.67331957e+15]]), array([[5.73599098e+03, 1.93758726e+04, 1.34420658e+05],
       [1.93758726e+04, 9.68371860e+04, 6.62646738e+05],
       [1.34420658e+05, 6.62646738e+05, 4.64289069e+14]])]
group lists [array([ 0,  1,  2,  3,  4,  5,  6,  7,  8,  9, 10, 11, 12, 13, 14, 15, 16,
       17, 18, 19, 20, 21, 22, 23, 24, 25, 26, 27, 28, 29, 30, 32, 34, 36,
       37, 40, 42, 45, 52, 55, 60]), array([31, 33, 35, 38, 39, 41, 44, 47, 50, 51, 54, 57, 62, 65, 68, 70, 73,
       76]), array([43, 46, 48, 53, 56, 59, 64, 67, 69, 72, 74, 77, 80]), array([58, 61, 63, 66, 71, 75, 78, 79])]
outliers [49]

adding measurement: 81 from agent 0
measurement: 81
truth group lists [[58, 61, 63, 66, 71, 75, 78, 79], [], [], [], [0, 1, 2, 3, 4, 5, 6, 7, 8, 9, 10, 11, 12, 13, 14, 15, 16, 17, 18, 19, 20, 21, 22, 23, 24, 25, 26, 27, 28, 29, 30, 32, 34, 36, 37, 40, 42, 45, 49, 52, 55, 60], [], [31, 33, 35, 38, 39, 41, 44, 47, 50, 51, 54, 57, 62, 65, 68, 70, 73, 76, 81], [43, 46, 48, 53, 56, 59, 64, 67, 69, 72, 74, 77, 80], [], [], [], [], []]
dist_from_measurement_to_model 6490.401045092727
measurement_mahalonobis_distance 698.8989907920619
measurement_mahalonobis_distance_in_x_y 344.64333862018964
dist_from_measurement_to_model 4806.761399507305
measurement_mahalonobis_distance 0.010429167555493385
measurement_mahalonobis_distance_in_x_y 0.6830246574512865
dist_from_measurement_to_model 3855.182459876624
measurement_mahalonobis_distance 259.55957177284074
measurement_mahalonobis_distance_in_x_y 18.560865065746444
dist_from_measurement_to_model 2512.4004075460375
measurement_mahalonobis_distance 68.00006909314975
measurement_mahalonobis_distance_in_x_y 7.7189739594205085
ransac prediction [array([ 4551.52407539,  2975.37726269, 56315.96155803]), array([ 3525.74303027,  9737.53065001, 18234.82554179]), array([10593.14104562,  5428.58386875, 85012.45872915]), array([ 8224.51489391, 10902.49859186, 12530.73069476])]
covariance [array([[ 2.37056217e+02,  4.40238832e+01, -2.00987151e+03],
       [ 4.40238832e+01,  3.03284980e+02,  3.22661437e+04],
       [-2.00987151e+03,  3.22661437e+04,  4.63492308e+12]]), array([[ 1.23254003e+04, -1.19838121e+04, -1.19652442e+05],
       [-1.19838121e+04,  1.59832189e+04,  1.39885421e+05],
       [-1.19652442e+05,  1.39885421e+05,  1.29454065e+15]]), array([[ 5.44862215e+04, -3.63872922e+04,  2.28654048e+06],
       [-3.63872922e+04,  3.10872257e+04, -1.67747629e+06],
       [ 2.28654048e+06, -1.67747629e+06,  3.67331957e+15]]), array([[5.73599098e+03, 1.93758726e+04, 1.34420658e+05],
       [1.93758726e+04, 9.68371860e+04, 6.62646738e+05],
       [1.34420658e+05, 6.62646738e+05, 4.64289069e+14]])]
group lists [array([ 0,  1,  2,  3,  4,  5,  6,  7,  8,  9, 10, 11, 12, 13, 14, 15, 16,
       17, 18, 19, 20, 21, 22, 23, 24, 25, 26, 27, 28, 29, 30, 32, 34, 36,
       37, 40, 42, 45, 52, 55, 60]), array([31, 33, 35, 38, 39, 41, 44, 47, 50, 51, 54, 57, 62, 65, 68, 70, 73,
       76, 81]), array([43, 46, 48, 53, 56, 59, 64, 67, 69, 72, 74, 77, 80]), array([58, 61, 63, 66, 71, 75, 78, 79])]
outliers [49]

adding measurement: 82 from agent 0
measurement: 82
truth group lists [[58, 61, 63, 66, 71, 75, 78, 79, 82], [], [], [], [0, 1, 2, 3, 4, 5, 6, 7, 8, 9, 10, 11, 12, 13, 14, 15, 16, 17, 18, 19, 20, 21, 22, 23, 24, 25, 26, 27, 28, 29, 30, 32, 34, 36, 37, 40, 42, 45, 49, 52, 55, 60], [], [31, 33, 35, 38, 39, 41, 44, 47, 50, 51, 54, 57, 62, 65, 68, 70, 73, 76, 81], [43, 46, 48, 53, 56, 59, 64, 67, 69, 72, 74, 77, 80], [], [], [], [], []]
dist_from_measurement_to_model 6535.496282740198
measurement_mahalonobis_distance 3526.98504613215
measurement_mahalonobis_distance_in_x_y 140.01159390861454
dist_from_measurement_to_model 4819.6279832840755
measurement_mahalonobis_distance 120.36927598650534
measurement_mahalonobis_distance_in_x_y 35.35780502889511
dist_from_measurement_to_model 3856.477219411005
measurement_mahalonobis_distance 190.21551296508207
measurement_mahalonobis_distance_in_x_y 11.71275865025569
dist_from_measurement_to_model 2480.5853191923097
measurement_mahalonobis_distance 2.0136670063430664
measurement_mahalonobis_distance_in_x_y 12.559980073446456
ransac prediction [array([ 4551.52407539,  2975.37726269, 56315.96155803]), array([ 3525.74303027,  9737.53065001, 18234.82554179]), array([10593.14104562,  5428.58386875, 85012.45872915]), array([ 8367.0658548 , 11362.74130567, 15716.92064958])]
covariance [array([[ 2.37056217e+02,  4.40238832e+01, -2.00987151e+03],
       [ 4.40238832e+01,  3.03284980e+02,  3.22661437e+04],
       [-2.00987151e+03,  3.22661437e+04,  4.63492308e+12]]), array([[ 1.23254003e+04, -1.19838121e+04, -1.19652442e+05],
       [-1.19838121e+04,  1.59832189e+04,  1.39885421e+05],
       [-1.19652442e+05,  1.39885421e+05,  1.29454065e+15]]), array([[ 5.44862215e+04, -3.63872922e+04,  2.28654048e+06],
       [-3.63872922e+04,  3.10872257e+04, -1.67747629e+06],
       [ 2.28654048e+06, -1.67747629e+06,  3.67331957e+15]]), array([[4.46542217e+03, 1.52736902e+04, 1.09474732e+05],
       [1.52736902e+04, 8.35928029e+04, 5.90599933e+05],
       [1.09474732e+05, 5.90599933e+05, 4.30806958e+14]])]
group lists [array([ 0,  1,  2,  3,  4,  5,  6,  7,  8,  9, 10, 11, 12, 13, 14, 15, 16,
       17, 18, 19, 20, 21, 22, 23, 24, 25, 26, 27, 28, 29, 30, 32, 34, 36,
       37, 40, 42, 45, 52, 55, 60]), array([31, 33, 35, 38, 39, 41, 44, 47, 50, 51, 54, 57, 62, 65, 68, 70, 73,
       76, 81]), array([43, 46, 48, 53, 56, 59, 64, 67, 69, 72, 74, 77, 80]), array([58, 61, 63, 66, 71, 75, 78, 79, 82])]
outliers [49]

adding measurement: 83 from agent 0
measurement: 83
truth group lists [[58, 61, 63, 66, 71, 75, 78, 79, 82], [], [], [], [0, 1, 2, 3, 4, 5, 6, 7, 8, 9, 10, 11, 12, 13, 14, 15, 16, 17, 18, 19, 20, 21, 22, 23, 24, 25, 26, 27, 28, 29, 30, 32, 34, 36, 37, 40, 42, 45, 49, 52, 55, 60], [], [31, 33, 35, 38, 39, 41, 44, 47, 50, 51, 54, 57, 62, 65, 68, 70, 73, 76, 81], [43, 46, 48, 53, 56, 59, 64, 67, 69, 72, 74, 77, 80, 83], [], [], [], [], []]
dist_from_measurement_to_model 6659.629481775158
measurement_mahalonobis_distance 762.0092969097806
measurement_mahalonobis_distance_in_x_y 365.1321836058336
dist_from_measurement_to_model 4891.222327536977
measurement_mahalonobis_distance 315.05058827376394
measurement_mahalonobis_distance_in_x_y 62.0702146370786
dist_from_measurement_to_model 3862.9601916534243
measurement_mahalonobis_distance 0.12852733320857546
measurement_mahalonobis_distance_in_x_y 2.44680415394125
dist_from_measurement_to_model 2857.63375168858
measurement_mahalonobis_distance 280.2189481842105
measurement_mahalonobis_distance_in_x_y 8.418095894780278
ransac prediction [array([ 4551.52407539,  2975.37726269, 56315.96155803]), array([ 3525.74303027,  9737.53065001, 18234.82554179]), array([10687.36985788,  5383.67180009, 89685.86460266]), array([ 8367.0658548 , 11362.74130567, 15716.92064958])]
covariance [array([[ 2.37056217e+02,  4.40238832e+01, -2.00987151e+03],
       [ 4.40238832e+01,  3.03284980e+02,  3.22661437e+04],
       [-2.00987151e+03,  3.22661437e+04,  4.63492308e+12]]), array([[ 1.23254003e+04, -1.19838121e+04, -1.19652442e+05],
       [-1.19838121e+04,  1.59832189e+04,  1.39885421e+05],
       [-1.19652442e+05,  1.39885421e+05,  1.29454065e+15]]), array([[ 4.56148553e+04, -3.21589527e+04,  1.98867005e+06],
       [-3.21589527e+04,  2.90718817e+04, -1.55172915e+06],
       [ 1.98867005e+06, -1.55172915e+06,  3.32561668e+15]]), array([[4.46542217e+03, 1.52736902e+04, 1.09474732e+05],
       [1.52736902e+04, 8.35928029e+04, 5.90599933e+05],
       [1.09474732e+05, 5.90599933e+05, 4.30806958e+14]])]
group lists [array([ 0,  1,  2,  3,  4,  5,  6,  7,  8,  9, 10, 11, 12, 13, 14, 15, 16,
       17, 18, 19, 20, 21, 22, 23, 24, 25, 26, 27, 28, 29, 30, 32, 34, 36,
       37, 40, 42, 45, 52, 55, 60]), array([31, 33, 35, 38, 39, 41, 44, 47, 50, 51, 54, 57, 62, 65, 68, 70, 73,
       76, 81]), array([43, 46, 48, 53, 56, 59, 64, 67, 69, 72, 74, 77, 80, 83]), array([58, 61, 63, 66, 71, 75, 78, 79, 82])]
outliers [49]

adding measurement: 84 from agent 0
measurement: 84
truth group lists [[58, 61, 63, 66, 71, 75, 78, 79, 82], [], [], [], [0, 1, 2, 3, 4, 5, 6, 7, 8, 9, 10, 11, 12, 13, 14, 15, 16, 17, 18, 19, 20, 21, 22, 23, 24, 25, 26, 27, 28, 29, 30, 32, 34, 36, 37, 40, 42, 45, 49, 52, 55, 60], [], [31, 33, 35, 38, 39, 41, 44, 47, 50, 51, 54, 57, 62, 65, 68, 70, 73, 76, 81, 84], [43, 46, 48, 53, 56, 59, 64, 67, 69, 72, 74, 77, 80, 83], [], [], [], [], []]
dist_from_measurement_to_model 6716.110496708012
measurement_mahalonobis_distance 661.514246132101
measurement_mahalonobis_distance_in_x_y 350.96189236316906
dist_from_measurement_to_model 4924.533087531016
measurement_mahalonobis_distance 0.015857267921265402
measurement_mahalonobis_distance_in_x_y 0.8631096932354876
dist_from_measurement_to_model 3959.604744367827
measurement_mahalonobis_distance 253.35335370568694
measurement_mahalonobis_distance_in_x_y 20.233162579756733
dist_from_measurement_to_model 2817.9437436138764
measurement_mahalonobis_distance 85.1703401612517
measurement_mahalonobis_distance_in_x_y 9.394107448229686
ransac prediction [array([ 4551.52407539,  2975.37726269, 56315.96155803]), array([ 3535.74637254,  9722.94089677, 18118.22117789]), array([10687.36985788,  5383.67180009, 89685.86460266]), array([ 8367.0658548 , 11362.74130567, 15716.92064958])]
covariance [array([[ 2.37056217e+02,  4.40238832e+01, -2.00987151e+03],
       [ 4.40238832e+01,  3.03284980e+02,  3.22661437e+04],
       [-2.00987151e+03,  3.22661437e+04,  4.63492308e+12]]), array([[ 1.13502903e+04, -1.05616260e+04, -1.07510805e+05],
       [-1.05616260e+04,  1.39089777e+04,  1.22024073e+05],
       [-1.07510805e+05,  1.22024073e+05,  1.27672866e+15]]), array([[ 4.56148553e+04, -3.21589527e+04,  1.98867005e+06],
       [-3.21589527e+04,  2.90718817e+04, -1.55172915e+06],
       [ 1.98867005e+06, -1.55172915e+06,  3.32561668e+15]]), array([[4.46542217e+03, 1.52736902e+04, 1.09474732e+05],
       [1.52736902e+04, 8.35928029e+04, 5.90599933e+05],
       [1.09474732e+05, 5.90599933e+05, 4.30806958e+14]])]
group lists [array([ 0,  1,  2,  3,  4,  5,  6,  7,  8,  9, 10, 11, 12, 13, 14, 15, 16,
       17, 18, 19, 20, 21, 22, 23, 24, 25, 26, 27, 28, 29, 30, 32, 34, 36,
       37, 40, 42, 45, 52, 55, 60]), array([31, 33, 35, 38, 39, 41, 44, 47, 50, 51, 54, 57, 62, 65, 68, 70, 73,
       76, 81, 84]), array([43, 46, 48, 53, 56, 59, 64, 67, 69, 72, 74, 77, 80, 83]), array([58, 61, 63, 66, 71, 75, 78, 79, 82])]
outliers [49]

adding measurement: 85 from agent 0
measurement: 85
truth group lists [[58, 61, 63, 66, 71, 75, 78, 79, 82], [], [], [], [0, 1, 2, 3, 4, 5, 6, 7, 8, 9, 10, 11, 12, 13, 14, 15, 16, 17, 18, 19, 20, 21, 22, 23, 24, 25, 26, 27, 28, 29, 30, 32, 34, 36, 37, 40, 42, 45, 49, 52, 55, 60], [], [31, 33, 35, 38, 39, 41, 44, 47, 50, 51, 54, 57, 62, 65, 68, 70, 73, 76, 81, 84], [43, 46, 48, 53, 56, 59, 64, 67, 69, 72, 74, 77, 80, 83, 85], [], [], [], [], []]
dist_from_measurement_to_model 6840.488188485485
measurement_mahalonobis_distance 639.9289520706826
measurement_mahalonobis_distance_in_x_y 366.11630768819646
dist_from_measurement_to_model 4986.472767117909
measurement_mahalonobis_distance 290.4592207160134
measurement_mahalonobis_distance_in_x_y 70.26019548442247
dist_from_measurement_to_model 3970.6397570817185
measurement_mahalonobis_distance 0.05567886399366949
measurement_mahalonobis_distance_in_x_y 1.39224931449801
dist_from_measurement_to_model 2733.0055626754297
measurement_mahalonobis_distance 260.5810543369113
measurement_mahalonobis_distance_in_x_y 7.1346586544865485
ransac prediction [array([ 4551.52407539,  2975.37726269, 56315.96155803]), array([ 3535.74637254,  9722.94089677, 18118.22117789]), array([10634.9684332 ,  5410.33053183, 88486.8707075 ]), array([ 8367.0658548 , 11362.74130567, 15716.92064958])]
covariance [array([[ 2.37056217e+02,  4.40238832e+01, -2.00987151e+03],
       [ 4.40238832e+01,  3.03284980e+02,  3.22661437e+04],
       [-2.00987151e+03,  3.22661437e+04,  4.63492308e+12]]), array([[ 1.13502903e+04, -1.05616260e+04, -1.07510805e+05],
       [-1.05616260e+04,  1.39089777e+04,  1.22024073e+05],
       [-1.07510805e+05,  1.22024073e+05,  1.27672866e+15]]), array([[ 3.89729131e+04, -2.87799271e+04,  1.75673115e+06],
       [-2.87799271e+04,  2.73528342e+04, -1.44642309e+06],
       [ 1.75673115e+06, -1.44642309e+06,  3.06565362e+15]]), array([[4.46542217e+03, 1.52736902e+04, 1.09474732e+05],
       [1.52736902e+04, 8.35928029e+04, 5.90599933e+05],
       [1.09474732e+05, 5.90599933e+05, 4.30806958e+14]])]
group lists [array([ 0,  1,  2,  3,  4,  5,  6,  7,  8,  9, 10, 11, 12, 13, 14, 15, 16,
       17, 18, 19, 20, 21, 22, 23, 24, 25, 26, 27, 28, 29, 30, 32, 34, 36,
       37, 40, 42, 45, 52, 55, 60]), array([31, 33, 35, 38, 39, 41, 44, 47, 50, 51, 54, 57, 62, 65, 68, 70, 73,
       76, 81, 84]), array([43, 46, 48, 53, 56, 59, 64, 67, 69, 72, 74, 77, 80, 83, 85]), array([58, 61, 63, 66, 71, 75, 78, 79, 82])]
outliers [49]

agentOrder [0]
agentOrder [0]
initialWaypoints [8697.2939528  2598.28865862]

List of user-set options:

                                    Name   Value                used
                        file_print_level = 5                     yes
                   hessian_approximation = limited-memory        yes
                                  hsllib = /home/ggs24/packages/ThirdParty-HSL/.libs/libcoinhsl.so  yes
                           linear_solver = ma97                  yes
                                max_iter = 200                   yes
                             output_file = IPOPT.out             yes
                             print_level = 5                     yes
                      print_user_options = yes                   yes
                                      sb = yes                   yes
                                     tol = 1e-05                 yes
This is Ipopt version 3.14.7, running with linear solver ma97.

Number of nonzeros in equality constraint Jacobian...:        0
Number of nonzeros in inequality constraint Jacobian.:        2
Number of nonzeros in Lagrangian Hessian.............:        0

Total number of variables............................:        2
                     variables with only lower bounds:        0
                variables with lower and upper bounds:        2
                     variables with only upper bounds:        0
Total number of equality constraints.................:        0
Total number of inequality constraints...............:        1
        inequality constraints with only lower bounds:        0
   inequality constraints with lower and upper bounds:        1
        inequality constraints with only upper bounds:        0

iter    objective    inf_pr   inf_du lg(mu)  ||d||  lg(rg) alpha_du alpha_pr  ls
   0  1.0000000e+00 0.00e+00 1.85e-04   0.0 0.00e+00    -  0.00e+00 0.00e+00   0
   1  9.9999988e-01 0.00e+00 1.86e-04  -2.1 3.08e-04    -  9.90e-01 1.00e+00f  1
   2  9.9996563e-01 0.00e+00 5.87e-02   1.8 1.17e-01    -  1.00e+00 1.00e+00f  1
   3  9.7812541e-01 0.00e+00 2.17e-03  -4.2 1.15e+02    -  9.77e-01 1.00e+00f  1
   4  8.1036647e-01 0.00e+00 3.40e-04  -1.2 2.97e+03    -  8.00e-01 5.00e-01h  2
   5  6.5592509e-01 0.00e+00 3.55e-04  -0.8 9.20e+03    -  2.82e-01 2.50e-01h  3
   6  8.7352419e-01 0.00e+00 3.80e-04  -1.9 3.07e+03    -  9.43e-01 1.00e+00h  1
   7  4.1234557e-01 0.00e+00 1.99e-04  -1.6 3.07e+03    -  1.00e+00 1.00e+00h  1
   8  3.5556347e-01 0.00e+00 3.84e-05  -7.6 1.91e+03    -  3.95e-01 1.00e+00h  1
   9  3.5554400e-01 0.00e+00 1.65e-06  -4.0 2.96e+02    -  9.96e-01 1.00e+00h  1
iter    objective    inf_pr   inf_du lg(mu)  ||d||  lg(rg) alpha_du alpha_pr  ls
  10  3.5542786e-01 0.00e+00 6.90e-07  -5.5 6.92e+01    -  1.00e+00 1.00e+00h  1
  11  3.5539943e-01 0.00e+00 4.10e-07  -7.2 4.04e+01    -  1.00e+00 1.00e+00h  1

Number of Iterations....: 11

                                   (scaled)                 (unscaled)
Objective...............:   3.5539942589221685e-01    3.5539942589221685e-01
Dual infeasibility......:   4.1033536469699009e-07    4.1033536469699009e-07
Constraint violation....:   0.0000000000000000e+00    0.0000000000000000e+00
Variable bound violation:   0.0000000000000000e+00    0.0000000000000000e+00
Complementarity.........:   5.1015095969086727e-07    5.1015095969086727e-07
Overall NLP error.......:   5.1015095969086727e-07    5.1015095969086727e-07


Number of objective function evaluations             = 18
Number of objective gradient evaluations             = 12
Number of equality constraint evaluations            = 0
Number of inequality constraint evaluations          = 20
Number of equality constraint Jacobian evaluations   = 0
Number of inequality constraint Jacobian evaluations = 12
Number of Lagrangian Hessian evaluations             = 0
Total seconds in IPOPT                               = 0.785

EXIT: Optimal Solution Found.
OPTIMIZATION SUCCESSFUL
fStar [0.35539943]
new best [0.35539943]

List of user-set options:

                                    Name   Value                used
                        file_print_level = 5                     yes
                   hessian_approximation = limited-memory        yes
                                  hsllib = /home/ggs24/packages/ThirdParty-HSL/.libs/libcoinhsl.so  yes
                           linear_solver = ma97                  yes
                                max_iter = 200                   yes
                             output_file = IPOPT.out             yes
                             print_level = 5                     yes
                      print_user_options = yes                   yes
                                      sb = yes                   yes
                                     tol = 1e-05                 yes
This is Ipopt version 3.14.7, running with linear solver ma97.

Number of nonzeros in equality constraint Jacobian...:        0
Number of nonzeros in inequality constraint Jacobian.:        2
Number of nonzeros in Lagrangian Hessian.............:        0

Total number of variables............................:        2
                     variables with only lower bounds:        0
                variables with lower and upper bounds:        2
                     variables with only upper bounds:        0
Total number of equality constraints.................:        0
Total number of inequality constraints...............:        1
        inequality constraints with only lower bounds:        0
   inequality constraints with lower and upper bounds:        1
        inequality constraints with only upper bounds:        0

iter    objective    inf_pr   inf_du lg(mu)  ||d||  lg(rg) alpha_du alpha_pr  ls
   0  2.1146262e+00 2.16e+03 1.25e-04   0.0 0.00e+00    -  0.00e+00 0.00e+00   0
   1  2.1142848e+00 2.16e+03 6.27e+01   3.3 2.16e+03    -  9.95e-01 3.07e-02h  1
   2  1.4684720e+00 0.00e+00 1.08e+03   3.1 1.91e+03    -  1.00e+00 1.00e+00h  1
   3  1.4684720e+00 0.00e+00 1.08e+01  -3.0 3.84e-05    -  9.90e-01 1.00e+00h  1
   4  1.4682924e+00 0.00e+00 1.99e-01   0.9 3.99e-01    -  1.00e+00 1.00e+00f  1
   5  1.4682611e+00 0.00e+00 3.53e-02  -1.2 6.95e-02    -  9.97e-01 1.00e+00f  1
   6  1.4682604e+00 0.00e+00 8.34e-04  -3.2 1.48e-03    -  9.97e-01 1.00e+00f  1
   7  1.4682602e+00 0.00e+00 2.26e-04  -9.1 4.49e-04    -  9.98e-01 1.00e+00f  1
   8  1.4682600e+00 0.00e+00 2.25e-04  -8.0 4.50e-04    -  1.00e+00 1.00e+00f  1
   9  1.4682598e+00 0.00e+00 2.25e-04 -10.0 4.50e-04    -  1.00e+00 1.00e+00h  1
iter    objective    inf_pr   inf_du lg(mu)  ||d||  lg(rg) alpha_du alpha_pr  ls
  10  1.4682596e+00 0.00e+00 2.25e-04 -11.0 4.50e-04    -  1.00e+00 1.00e+00f  1
  11  1.4682594e+00 0.00e+00 2.25e-04 -11.0 4.50e-04    -  1.00e+00 1.00e+00f  1
  12  1.4682592e+00 0.00e+00 2.25e-04 -11.0 4.50e-04    -  1.00e+00 1.00e+00f  1
  13  1.4682590e+00 0.00e+00 2.25e-04 -11.0 4.50e-04    -  1.00e+00 1.00e+00f  1
  14  1.4682588e+00 0.00e+00 2.25e-04 -11.0 4.50e-04    -  1.00e+00 1.00e+00h  1
  15  1.4682586e+00 0.00e+00 2.25e-04 -11.0 4.50e-04    -  1.00e+00 1.00e+00h  1
  16  1.4682584e+00 0.00e+00 2.25e-04 -11.0 4.50e-04    -  1.00e+00 1.00e+00f  1
  17  1.4682581e+00 0.00e+00 2.25e-04 -11.0 4.50e-04    -  1.00e+00 1.00e+00h  1
  18  1.4682579e+00 0.00e+00 2.25e-04 -11.0 4.50e-04    -  1.00e+00 1.00e+00f  1
  19  1.4682577e+00 0.00e+00 2.25e-04 -11.0 4.50e-04    -  1.00e+00 1.00e+00h  1
iter    objective    inf_pr   inf_du lg(mu)  ||d||  lg(rg) alpha_du alpha_pr  ls
  20  1.4682575e+00 0.00e+00 2.25e-04 -11.0 4.50e-04    -  1.00e+00 1.00e+00f  1
  21  1.4682573e+00 0.00e+00 2.25e-04 -11.0 4.50e-04    -  1.00e+00 1.00e+00h  1
  22  1.4682571e+00 0.00e+00 2.25e-04 -11.0 4.50e-04    -  1.00e+00 1.00e+00f  1
  23  1.4682569e+00 0.00e+00 2.25e-04 -11.0 4.50e-04    -  1.00e+00 1.00e+00f  1
  24  1.4682567e+00 0.00e+00 2.25e-04 -11.0 4.50e-04    -  1.00e+00 1.00e+00f  1
  25  1.4682565e+00 0.00e+00 2.25e-04 -11.0 4.50e-04    -  1.00e+00 1.00e+00f  1
  26  1.4682563e+00 0.00e+00 2.25e-04 -11.0 4.50e-04    -  1.00e+00 1.00e+00f  1
  27  1.4682561e+00 0.00e+00 2.25e-04 -11.0 4.50e-04    -  1.00e+00 1.00e+00h  1
  28  1.4682559e+00 0.00e+00 2.25e-04 -11.0 4.50e-04    -  1.00e+00 1.00e+00h  1
  29  1.4682557e+00 0.00e+00 2.25e-04 -11.0 4.50e-04    -  1.00e+00 1.00e+00h  1
iter    objective    inf_pr   inf_du lg(mu)  ||d||  lg(rg) alpha_du alpha_pr  ls
  30  1.4682555e+00 0.00e+00 2.25e-04 -11.0 4.50e-04    -  1.00e+00 1.00e+00h  1
  31  1.4682553e+00 0.00e+00 2.25e-04 -11.0 4.50e-04    -  1.00e+00 1.00e+00f  1
  32  1.4682551e+00 0.00e+00 2.25e-04 -11.0 4.50e-04    -  1.00e+00 1.00e+00h  1
  33  1.4682549e+00 0.00e+00 2.25e-04 -11.0 4.50e-04    -  1.00e+00 1.00e+00h  1
  34  1.4682547e+00 0.00e+00 2.25e-04 -11.0 4.50e-04    -  1.00e+00 1.00e+00f  1
  35  1.4682545e+00 0.00e+00 2.25e-04 -11.0 4.50e-04    -  1.00e+00 1.00e+00h  1
  36  1.4682543e+00 0.00e+00 2.25e-04 -11.0 4.50e-04    -  1.00e+00 1.00e+00h  1
  37  1.4682541e+00 0.00e+00 2.25e-04 -11.0 4.50e-04    -  1.00e+00 1.00e+00h  1
  38  1.4682538e+00 0.00e+00 2.25e-04 -11.0 4.50e-04    -  1.00e+00 1.00e+00f  1
  39  1.4682536e+00 0.00e+00 2.25e-04 -11.0 4.50e-04    -  1.00e+00 1.00e+00f  1
iter    objective    inf_pr   inf_du lg(mu)  ||d||  lg(rg) alpha_du alpha_pr  ls
  40  1.4682534e+00 0.00e+00 2.25e-04 -11.0 4.50e-04    -  1.00e+00 1.00e+00f  1
  41  1.4682532e+00 0.00e+00 2.25e-04 -11.0 4.50e-04    -  1.00e+00 1.00e+00h  1
  42  1.4682530e+00 0.00e+00 2.25e-04 -11.0 4.50e-04    -  1.00e+00 1.00e+00h  1
  43  1.4682528e+00 0.00e+00 2.25e-04 -11.0 4.50e-04    -  1.00e+00 1.00e+00h  1
  44  1.4682526e+00 0.00e+00 2.25e-04 -11.0 4.50e-04    -  1.00e+00 1.00e+00f  1
  45  1.4682524e+00 0.00e+00 2.25e-04 -11.0 4.50e-04    -  1.00e+00 1.00e+00f  1
  46  1.4682522e+00 0.00e+00 2.25e-04 -11.0 4.50e-04    -  1.00e+00 1.00e+00h  1
  47  1.4682520e+00 0.00e+00 2.25e-04 -11.0 4.50e-04    -  1.00e+00 1.00e+00f  1
  48  1.4682518e+00 0.00e+00 2.25e-04 -11.0 4.50e-04    -  1.00e+00 1.00e+00f  1
  49  1.4682516e+00 0.00e+00 2.25e-04 -11.0 4.50e-04    -  1.00e+00 1.00e+00f  1
iter    objective    inf_pr   inf_du lg(mu)  ||d||  lg(rg) alpha_du alpha_pr  ls
  50  1.4682514e+00 0.00e+00 2.25e-04 -11.0 4.50e-04    -  1.00e+00 1.00e+00h  1
  51  1.4682512e+00 0.00e+00 2.25e-04 -11.0 4.50e-04    -  1.00e+00 1.00e+00h  1
  52  1.4682510e+00 0.00e+00 2.25e-04 -11.0 4.50e-04    -  1.00e+00 1.00e+00h  1
  53  1.4682508e+00 0.00e+00 2.25e-04 -11.0 4.50e-04    -  1.00e+00 1.00e+00h  1
  54  1.4682506e+00 0.00e+00 2.25e-04 -11.0 4.50e-04    -  1.00e+00 1.00e+00h  1
  55  1.4682504e+00 0.00e+00 2.25e-04 -11.0 4.50e-04    -  1.00e+00 1.00e+00f  1
  56  1.4682502e+00 0.00e+00 2.25e-04 -11.0 4.50e-04    -  1.00e+00 1.00e+00h  1
  57  1.4682500e+00 0.00e+00 2.25e-04 -11.0 4.50e-04    -  1.00e+00 1.00e+00f  1
  58  1.4682498e+00 0.00e+00 2.25e-04 -11.0 4.50e-04    -  1.00e+00 1.00e+00h  1
  59  1.4682496e+00 0.00e+00 2.25e-04 -11.0 4.50e-04    -  1.00e+00 1.00e+00f  1
iter    objective    inf_pr   inf_du lg(mu)  ||d||  lg(rg) alpha_du alpha_pr  ls
  60  1.4682493e+00 0.00e+00 2.25e-04 -11.0 4.50e-04    -  1.00e+00 1.00e+00h  1
  61  1.4682491e+00 0.00e+00 2.25e-04 -11.0 4.50e-04    -  1.00e+00 1.00e+00f  1
  62  1.4682489e+00 0.00e+00 2.25e-04 -11.0 4.50e-04    -  1.00e+00 1.00e+00f  1
  63  1.4682487e+00 0.00e+00 2.25e-04 -11.0 4.50e-04    -  1.00e+00 1.00e+00f  1
  64  1.4682485e+00 0.00e+00 2.25e-04 -11.0 4.50e-04    -  1.00e+00 1.00e+00f  1
  65  1.4682483e+00 0.00e+00 2.25e-04 -11.0 4.50e-04    -  1.00e+00 1.00e+00f  1
  66  1.4682481e+00 0.00e+00 2.25e-04 -11.0 4.50e-04    -  1.00e+00 1.00e+00h  1
  67  1.4682479e+00 0.00e+00 2.25e-04 -11.0 4.50e-04    -  1.00e+00 1.00e+00f  1
  68  1.4682477e+00 0.00e+00 2.25e-04 -11.0 4.50e-04    -  1.00e+00 1.00e+00h  1
  69  1.4682475e+00 0.00e+00 2.25e-04 -11.0 4.50e-04    -  1.00e+00 1.00e+00h  1
iter    objective    inf_pr   inf_du lg(mu)  ||d||  lg(rg) alpha_du alpha_pr  ls
  70  1.4682473e+00 0.00e+00 2.25e-04 -11.0 4.50e-04    -  1.00e+00 1.00e+00h  1
  71  1.4682471e+00 0.00e+00 2.25e-04 -11.0 4.50e-04    -  1.00e+00 1.00e+00f  1
  72  1.4682469e+00 0.00e+00 2.25e-04 -11.0 4.50e-04    -  1.00e+00 1.00e+00f  1
  73  1.4682467e+00 0.00e+00 2.25e-04 -11.0 4.50e-04    -  1.00e+00 1.00e+00h  1
  74  1.4682465e+00 0.00e+00 2.25e-04 -11.0 4.50e-04    -  1.00e+00 1.00e+00f  1
  75  1.4682463e+00 0.00e+00 2.25e-04 -11.0 4.50e-04    -  1.00e+00 1.00e+00h  1
  76  1.4682461e+00 0.00e+00 2.25e-04 -11.0 4.50e-04    -  1.00e+00 1.00e+00f  1
  77  1.4682459e+00 0.00e+00 2.25e-04 -11.0 4.50e-04    -  1.00e+00 1.00e+00h  1
  78  1.4682457e+00 0.00e+00 2.25e-04 -11.0 4.50e-04    -  1.00e+00 1.00e+00h  1
  79  1.4682455e+00 0.00e+00 2.25e-04 -11.0 4.50e-04    -  1.00e+00 1.00e+00f  1
iter    objective    inf_pr   inf_du lg(mu)  ||d||  lg(rg) alpha_du alpha_pr  ls
  80  1.4682453e+00 0.00e+00 2.25e-04 -11.0 4.50e-04    -  1.00e+00 1.00e+00f  1
  81  1.4682450e+00 0.00e+00 2.25e-04 -11.0 4.50e-04    -  1.00e+00 1.00e+00h  1
  82  1.4682448e+00 0.00e+00 2.25e-04 -11.0 4.50e-04    -  1.00e+00 1.00e+00f  1
  83  1.4682446e+00 0.00e+00 2.25e-04 -11.0 4.50e-04    -  1.00e+00 1.00e+00h  1
  84  1.4682444e+00 0.00e+00 2.25e-04 -11.0 4.50e-04    -  1.00e+00 1.00e+00f  1
  85  1.4682442e+00 0.00e+00 2.25e-04 -11.0 4.50e-04    -  1.00e+00 1.00e+00f  1
  86  1.4682440e+00 0.00e+00 2.25e-04 -11.0 4.50e-04    -  1.00e+00 1.00e+00f  1
  87  1.4682438e+00 0.00e+00 2.25e-04 -11.0 4.50e-04    -  1.00e+00 1.00e+00h  1
  88  1.4682436e+00 0.00e+00 2.25e-04 -11.0 4.50e-04    -  1.00e+00 1.00e+00h  1
  89  1.4682434e+00 0.00e+00 2.25e-04 -11.0 4.50e-04    -  1.00e+00 1.00e+00h  1
iter    objective    inf_pr   inf_du lg(mu)  ||d||  lg(rg) alpha_du alpha_pr  ls
  90  1.4682432e+00 0.00e+00 2.25e-04 -11.0 4.50e-04    -  1.00e+00 1.00e+00f  1
  91  1.4682430e+00 0.00e+00 2.25e-04 -11.0 4.50e-04    -  1.00e+00 1.00e+00h  1
  92  1.4682428e+00 0.00e+00 2.25e-04 -11.0 4.50e-04    -  1.00e+00 1.00e+00f  1
  93  1.4682426e+00 0.00e+00 2.25e-04 -11.0 4.50e-04    -  1.00e+00 1.00e+00h  1
  94  1.4682424e+00 0.00e+00 2.25e-04 -11.0 4.50e-04    -  1.00e+00 1.00e+00f  1
  95  1.4682422e+00 0.00e+00 2.25e-04 -11.0 4.50e-04    -  1.00e+00 1.00e+00h  1
  96  1.4682420e+00 0.00e+00 2.25e-04 -11.0 4.50e-04    -  1.00e+00 1.00e+00h  1
  97  1.4682418e+00 0.00e+00 2.25e-04 -11.0 4.50e-04    -  1.00e+00 1.00e+00h  1
  98  1.4682416e+00 0.00e+00 2.25e-04 -11.0 4.50e-04    -  1.00e+00 1.00e+00h  1
  99  1.4682414e+00 0.00e+00 2.25e-04 -11.0 4.50e-04    -  1.00e+00 1.00e+00f  1
iter    objective    inf_pr   inf_du lg(mu)  ||d||  lg(rg) alpha_du alpha_pr  ls
 100  1.4682412e+00 0.00e+00 2.25e-04 -11.0 4.50e-04    -  1.00e+00 1.00e+00f  1
 101  1.4682410e+00 0.00e+00 2.25e-04 -11.0 4.50e-04    -  1.00e+00 1.00e+00h  1
 102  1.4682407e+00 0.00e+00 2.25e-04 -11.0 4.50e-04    -  1.00e+00 1.00e+00f  1
 103  1.4682405e+00 0.00e+00 2.25e-04 -11.0 4.50e-04    -  1.00e+00 1.00e+00f  1
 104  1.4682403e+00 0.00e+00 2.25e-04 -11.0 4.50e-04    -  1.00e+00 1.00e+00h  1
 105  1.4682401e+00 0.00e+00 2.25e-04 -11.0 4.50e-04    -  1.00e+00 1.00e+00h  1
 106  1.4682399e+00 0.00e+00 2.25e-04 -11.0 4.50e-04    -  1.00e+00 1.00e+00h  1
 107  1.4682397e+00 0.00e+00 2.25e-04 -11.0 4.50e-04    -  1.00e+00 1.00e+00h  1
 108  1.4682395e+00 0.00e+00 2.25e-04 -11.0 4.50e-04    -  1.00e+00 1.00e+00h  1
 109  1.4682393e+00 0.00e+00 2.25e-04 -11.0 4.50e-04    -  1.00e+00 1.00e+00f  1
iter    objective    inf_pr   inf_du lg(mu)  ||d||  lg(rg) alpha_du alpha_pr  ls
 110  1.4682391e+00 0.00e+00 2.25e-04 -11.0 4.50e-04    -  1.00e+00 1.00e+00h  1
 111  1.4682389e+00 0.00e+00 2.25e-04 -11.0 4.50e-04    -  1.00e+00 1.00e+00h  1
 112  1.4682387e+00 0.00e+00 2.25e-04 -11.0 4.50e-04    -  1.00e+00 1.00e+00f  1
 113  1.4682385e+00 0.00e+00 2.25e-04 -11.0 4.50e-04    -  1.00e+00 1.00e+00f  1
 114  1.4682383e+00 0.00e+00 2.25e-04 -11.0 4.50e-04    -  1.00e+00 1.00e+00f  1
 115  1.4682381e+00 0.00e+00 2.25e-04 -11.0 4.50e-04    -  1.00e+00 1.00e+00h  1
 116  1.4682379e+00 0.00e+00 2.25e-04 -11.0 4.50e-04    -  1.00e+00 1.00e+00h  1
 117  1.4682377e+00 0.00e+00 2.25e-04 -11.0 4.50e-04    -  1.00e+00 1.00e+00f  1
 118  1.4682375e+00 0.00e+00 2.25e-04 -11.0 4.50e-04    -  1.00e+00 1.00e+00h  1
 119  1.4682373e+00 0.00e+00 2.25e-04 -11.0 4.50e-04    -  1.00e+00 1.00e+00h  1
iter    objective    inf_pr   inf_du lg(mu)  ||d||  lg(rg) alpha_du alpha_pr  ls
 120  1.4682371e+00 0.00e+00 2.25e-04 -11.0 4.50e-04    -  1.00e+00 1.00e+00f  1
 121  1.4682369e+00 0.00e+00 2.25e-04 -11.0 4.50e-04    -  1.00e+00 1.00e+00f  1
 122  1.4682367e+00 0.00e+00 2.25e-04 -11.0 4.50e-04    -  1.00e+00 1.00e+00h  1
 123  1.4682365e+00 0.00e+00 2.25e-04 -11.0 4.50e-04    -  1.00e+00 1.00e+00h  1
 124  1.4682362e+00 0.00e+00 2.25e-04 -11.0 4.50e-04    -  1.00e+00 1.00e+00f  1
 125  1.4682360e+00 0.00e+00 2.25e-04 -11.0 4.50e-04    -  1.00e+00 1.00e+00h  1
 126  1.4682358e+00 0.00e+00 2.25e-04 -11.0 4.50e-04    -  1.00e+00 1.00e+00h  1
 127  1.4682356e+00 0.00e+00 2.25e-04 -11.0 4.50e-04    -  1.00e+00 1.00e+00h  1
 128  1.4682354e+00 0.00e+00 2.25e-04 -11.0 4.50e-04    -  1.00e+00 1.00e+00f  1
 129  1.4682352e+00 0.00e+00 2.25e-04 -11.0 4.50e-04    -  1.00e+00 1.00e+00f  1
iter    objective    inf_pr   inf_du lg(mu)  ||d||  lg(rg) alpha_du alpha_pr  ls
 130  1.4682350e+00 0.00e+00 2.25e-04 -11.0 4.50e-04    -  1.00e+00 1.00e+00h  1
 131  1.4682348e+00 0.00e+00 2.25e-04 -11.0 4.50e-04    -  1.00e+00 1.00e+00f  1
 132  1.4682346e+00 0.00e+00 2.25e-04 -11.0 4.50e-04    -  1.00e+00 1.00e+00f  1
 133  1.4682344e+00 0.00e+00 2.25e-04 -11.0 4.50e-04    -  1.00e+00 1.00e+00h  1
 134  1.4682342e+00 0.00e+00 2.25e-04 -11.0 4.50e-04    -  1.00e+00 1.00e+00f  1
 135  1.4682340e+00 0.00e+00 2.25e-04 -11.0 4.50e-04    -  1.00e+00 1.00e+00f  1
 136  1.4682338e+00 0.00e+00 2.25e-04 -11.0 4.50e-04    -  1.00e+00 1.00e+00f  1
 137  1.4682336e+00 0.00e+00 2.25e-04 -11.0 4.50e-04    -  1.00e+00 1.00e+00f  1
 138  1.4682334e+00 0.00e+00 2.25e-04 -11.0 4.50e-04    -  1.00e+00 1.00e+00f  1
 139  1.4682332e+00 0.00e+00 2.25e-04 -11.0 4.50e-04    -  1.00e+00 1.00e+00h  1
iter    objective    inf_pr   inf_du lg(mu)  ||d||  lg(rg) alpha_du alpha_pr  ls
 140  1.4682330e+00 0.00e+00 2.25e-04 -11.0 4.50e-04    -  1.00e+00 1.00e+00f  1
 141  1.4682328e+00 0.00e+00 2.25e-04 -11.0 4.50e-04    -  1.00e+00 1.00e+00f  1
 142  1.4682326e+00 0.00e+00 2.25e-04 -11.0 4.50e-04    -  1.00e+00 1.00e+00f  1
 143  1.4682324e+00 0.00e+00 2.25e-04 -11.0 4.50e-04    -  1.00e+00 1.00e+00f  1
 144  1.4682322e+00 0.00e+00 2.25e-04 -11.0 4.50e-04    -  1.00e+00 1.00e+00h  1
 145  1.4682319e+00 0.00e+00 2.25e-04 -11.0 4.50e-04    -  1.00e+00 1.00e+00h  1
 146  1.4682317e+00 0.00e+00 2.25e-04 -11.0 4.50e-04    -  1.00e+00 1.00e+00f  1
 147  1.4682315e+00 0.00e+00 2.25e-04 -11.0 4.50e-04    -  1.00e+00 1.00e+00f  1
 148  1.4682313e+00 0.00e+00 2.25e-04 -11.0 4.50e-04    -  1.00e+00 1.00e+00h  1
 149  1.4682311e+00 0.00e+00 2.25e-04 -11.0 4.50e-04    -  1.00e+00 1.00e+00h  1
iter    objective    inf_pr   inf_du lg(mu)  ||d||  lg(rg) alpha_du alpha_pr  ls
 150  1.4682309e+00 0.00e+00 2.25e-04 -11.0 4.50e-04    -  1.00e+00 1.00e+00h  1
 151  1.4682307e+00 0.00e+00 2.25e-04 -11.0 4.50e-04    -  1.00e+00 1.00e+00h  1
 152  1.4682305e+00 0.00e+00 2.25e-04 -11.0 4.50e-04    -  1.00e+00 1.00e+00f  1
 153  1.4682303e+00 0.00e+00 2.25e-04 -11.0 4.50e-04    -  1.00e+00 1.00e+00h  1
 154  1.4682301e+00 0.00e+00 2.25e-04 -11.0 4.50e-04    -  1.00e+00 1.00e+00h  1
 155  1.4682299e+00 0.00e+00 2.25e-04 -11.0 4.50e-04    -  1.00e+00 1.00e+00h  1
 156  1.4682297e+00 0.00e+00 2.25e-04 -11.0 4.50e-04    -  1.00e+00 1.00e+00f  1
 157  1.4682295e+00 0.00e+00 2.25e-04 -11.0 4.50e-04    -  1.00e+00 1.00e+00h  1
 158  1.4682293e+00 0.00e+00 2.25e-04 -11.0 4.50e-04    -  1.00e+00 1.00e+00h  1
 159  1.4682291e+00 0.00e+00 2.25e-04 -11.0 4.50e-04    -  1.00e+00 1.00e+00h  1
iter    objective    inf_pr   inf_du lg(mu)  ||d||  lg(rg) alpha_du alpha_pr  ls
 160  1.4682289e+00 0.00e+00 2.25e-04 -11.0 4.50e-04    -  1.00e+00 1.00e+00h  1
 161  1.4682287e+00 0.00e+00 2.25e-04 -11.0 4.50e-04    -  1.00e+00 1.00e+00h  1
 162  1.4682285e+00 0.00e+00 2.25e-04 -11.0 4.50e-04    -  1.00e+00 1.00e+00f  1
 163  1.4682283e+00 0.00e+00 2.25e-04 -11.0 4.50e-04    -  1.00e+00 1.00e+00f  1
 164  1.4682281e+00 0.00e+00 2.25e-04 -11.0 4.50e-04    -  1.00e+00 1.00e+00h  1
 165  1.4682279e+00 0.00e+00 2.25e-04 -11.0 4.50e-04    -  1.00e+00 1.00e+00f  1
 166  1.4682277e+00 0.00e+00 2.25e-04 -11.0 4.50e-04    -  1.00e+00 1.00e+00h  1
 167  1.4682274e+00 0.00e+00 2.25e-04 -11.0 4.50e-04    -  1.00e+00 1.00e+00h  1
 168  1.4682272e+00 0.00e+00 2.25e-04 -11.0 4.50e-04    -  1.00e+00 1.00e+00h  1
 169  1.4682270e+00 0.00e+00 2.25e-04 -11.0 4.50e-04    -  1.00e+00 1.00e+00h  1
iter    objective    inf_pr   inf_du lg(mu)  ||d||  lg(rg) alpha_du alpha_pr  ls
 170  1.4682268e+00 0.00e+00 2.25e-04 -11.0 4.50e-04    -  1.00e+00 1.00e+00f  1
 171  1.4682266e+00 0.00e+00 2.25e-04 -11.0 4.50e-04    -  1.00e+00 1.00e+00h  1
 172  1.4682264e+00 0.00e+00 2.25e-04 -11.0 4.50e-04    -  1.00e+00 1.00e+00h  1
 173  1.4682262e+00 0.00e+00 2.25e-04 -11.0 4.50e-04    -  1.00e+00 1.00e+00h  1
 174  1.4682260e+00 0.00e+00 2.25e-04 -11.0 4.50e-04    -  1.00e+00 1.00e+00h  1
 175  1.4682258e+00 0.00e+00 2.25e-04 -11.0 4.50e-04    -  1.00e+00 1.00e+00f  1
 176  1.4682256e+00 0.00e+00 2.25e-04 -11.0 4.50e-04    -  1.00e+00 1.00e+00h  1
 177  1.4682254e+00 0.00e+00 2.25e-04 -11.0 4.50e-04    -  1.00e+00 1.00e+00h  1
 178  1.4682252e+00 0.00e+00 2.25e-04 -11.0 4.50e-04    -  1.00e+00 1.00e+00h  1
 179  1.4682250e+00 0.00e+00 2.25e-04 -11.0 4.50e-04    -  1.00e+00 1.00e+00h  1
iter    objective    inf_pr   inf_du lg(mu)  ||d||  lg(rg) alpha_du alpha_pr  ls
 180  1.4682248e+00 0.00e+00 2.25e-04 -11.0 4.50e-04    -  1.00e+00 1.00e+00f  1
 181  1.4682246e+00 0.00e+00 2.25e-04 -11.0 4.50e-04    -  1.00e+00 1.00e+00f  1
 182  1.4682244e+00 0.00e+00 2.25e-04 -11.0 4.50e-04    -  1.00e+00 1.00e+00f  1
 183  1.4682242e+00 0.00e+00 2.25e-04 -11.0 4.50e-04    -  1.00e+00 1.00e+00f  1
 184  1.4682240e+00 0.00e+00 2.25e-04 -11.0 4.50e-04    -  1.00e+00 1.00e+00h  1
 185  1.4682238e+00 0.00e+00 2.25e-04 -11.0 4.50e-04    -  1.00e+00 1.00e+00h  1
 186  1.4682236e+00 0.00e+00 2.25e-04 -11.0 4.50e-04    -  1.00e+00 1.00e+00f  1
 187  1.4682234e+00 0.00e+00 2.25e-04 -11.0 4.50e-04    -  1.00e+00 1.00e+00h  1
 188  1.4682231e+00 0.00e+00 2.25e-04 -11.0 4.50e-04    -  1.00e+00 1.00e+00f  1
 189  1.4682229e+00 0.00e+00 2.25e-04 -11.0 4.50e-04    -  1.00e+00 1.00e+00f  1
iter    objective    inf_pr   inf_du lg(mu)  ||d||  lg(rg) alpha_du alpha_pr  ls
 190  1.4682227e+00 0.00e+00 2.25e-04 -11.0 4.50e-04    -  1.00e+00 1.00e+00f  1
 191  1.4682225e+00 0.00e+00 2.25e-04 -11.0 4.50e-04    -  1.00e+00 1.00e+00h  1
 192  1.4682223e+00 0.00e+00 2.25e-04 -11.0 4.50e-04    -  1.00e+00 1.00e+00f  1
 193  1.4682221e+00 0.00e+00 2.25e-04 -11.0 4.50e-04    -  1.00e+00 1.00e+00h  1
 194  1.4682219e+00 0.00e+00 2.25e-04 -11.0 4.50e-04    -  1.00e+00 1.00e+00f  1
 195  1.4682217e+00 0.00e+00 2.25e-04 -11.0 4.50e-04    -  1.00e+00 1.00e+00f  1
 196  1.4682215e+00 0.00e+00 2.25e-04 -11.0 4.50e-04    -  1.00e+00 1.00e+00f  1
 197  1.4682213e+00 0.00e+00 2.25e-04 -11.0 4.50e-04    -  1.00e+00 1.00e+00f  1
 198  1.4682211e+00 0.00e+00 2.25e-04 -11.0 4.50e-04    -  1.00e+00 1.00e+00h  1
 199  1.4682209e+00 0.00e+00 2.25e-04 -11.0 4.50e-04    -  1.00e+00 1.00e+00f  1
iter    objective    inf_pr   inf_du lg(mu)  ||d||  lg(rg) alpha_du alpha_pr  ls
 200  1.4682207e+00 0.00e+00 2.25e-04 -11.0 4.50e-04    -  1.00e+00 1.00e+00f  1

Number of Iterations....: 200

                                   (scaled)                 (unscaled)
Objective...............:   1.4682206929219164e+00    1.4682206929219164e+00
Dual infeasibility......:   2.2518979901037654e-04    2.2518979901037654e-04
Constraint violation....:   0.0000000000000000e+00    0.0000000000000000e+00
Variable bound violation:   0.0000000000000000e+00    0.0000000000000000e+00
Complementarity.........:   9.9999999999999929e-12    9.9999999999999929e-12
Overall NLP error.......:   2.2518979901037654e-04    2.2518979901037654e-04


Number of objective function evaluations             = 201
Number of objective gradient evaluations             = 201
Number of equality constraint evaluations            = 0
Number of inequality constraint evaluations          = 201
Number of equality constraint Jacobian evaluations   = 0
Number of inequality constraint Jacobian evaluations = 201
Number of Lagrangian Hessian evaluations             = 0
Total seconds in IPOPT                               = 8.556

EXIT: Maximum Number of Iterations Exceeded.
OPTIMIZATION FAILED
fStar None

List of user-set options:

                                    Name   Value                used
                        file_print_level = 5                     yes
                   hessian_approximation = limited-memory        yes
                                  hsllib = /home/ggs24/packages/ThirdParty-HSL/.libs/libcoinhsl.so  yes
                           linear_solver = ma97                  yes
                                max_iter = 200                   yes
                             output_file = IPOPT.out             yes
                             print_level = 5                     yes
                      print_user_options = yes                   yes
                                      sb = yes                   yes
                                     tol = 1e-05                 yes
This is Ipopt version 3.14.7, running with linear solver ma97.

Number of nonzeros in equality constraint Jacobian...:        0
Number of nonzeros in inequality constraint Jacobian.:        2
Number of nonzeros in Lagrangian Hessian.............:        0

Total number of variables............................:        2
                     variables with only lower bounds:        0
                variables with lower and upper bounds:        2
                     variables with only upper bounds:        0
Total number of equality constraints.................:        0
Total number of inequality constraints...............:        1
        inequality constraints with only lower bounds:        0
   inequality constraints with lower and upper bounds:        1
        inequality constraints with only upper bounds:        0

iter    objective    inf_pr   inf_du lg(mu)  ||d||  lg(rg) alpha_du alpha_pr  ls
   0  2.4445749e+00 1.76e+02 7.66e-06   0.0 0.00e+00    -  0.00e+00 0.00e+00   0
   1  2.4445411e+00 1.73e+02 5.58e+00   2.5 2.35e+02    -  9.98e-01 2.83e-01h  1
   2  2.4418481e+00 0.00e+00 8.67e+01   2.0 1.50e+02    -  1.00e+00 1.00e+00h  1
   3  2.4418481e+00 0.00e+00 8.67e-01  -4.0 1.48e-06    -  9.90e-01 1.00e+00h  1
   4  2.4418415e+00 0.00e+00 2.11e-01  -0.1 4.23e-01    -  1.00e+00 1.00e+00f  1
   5  2.4418388e+00 0.00e+00 8.52e-02  -0.8 1.70e-01    -  1.00e+00 1.00e+00f  1
   6  2.4418387e+00 0.00e+00 9.26e-04  -2.9 1.45e-03    -  9.98e-01 1.00e+00f  1
   7  2.4418387e+00 0.00e+00 9.24e-06  -8.8 1.57e-05    -  9.98e-01 1.00e+00h  1

Number of Iterations....: 7

                                   (scaled)                 (unscaled)
Objective...............:   2.4418387471833545e+00    2.4418387471833545e+00
Dual infeasibility......:   9.2419732606037538e-06    9.2419732606037538e-06
Constraint violation....:   0.0000000000000000e+00    0.0000000000000000e+00
Variable bound violation:   0.0000000000000000e+00    0.0000000000000000e+00
Complementarity.........:   2.2601597089846990e-06    2.2601597089846990e-06
Overall NLP error.......:   9.2419732606037538e-06    9.2419732606037538e-06


Number of objective function evaluations             = 8
Number of objective gradient evaluations             = 8
Number of equality constraint evaluations            = 0
Number of inequality constraint evaluations          = 8
Number of equality constraint Jacobian evaluations   = 0
Number of inequality constraint Jacobian evaluations = 8
Number of Lagrangian Hessian evaluations             = 0
Total seconds in IPOPT                               = 0.369

EXIT: Optimal Solution Found.
OPTIMIZATION SUCCESSFUL
fStar [2.44183875]

List of user-set options:

                                    Name   Value                used
                        file_print_level = 5                     yes
                   hessian_approximation = limited-memory        yes
                                  hsllib = /home/ggs24/packages/ThirdParty-HSL/.libs/libcoinhsl.so  yes
                           linear_solver = ma97                  yes
                                max_iter = 200                   yes
                             output_file = IPOPT.out             yes
                             print_level = 5                     yes
                      print_user_options = yes                   yes
                                      sb = yes                   yes
                                     tol = 1e-05                 yes
This is Ipopt version 3.14.7, running with linear solver ma97.

Number of nonzeros in equality constraint Jacobian...:        0
Number of nonzeros in inequality constraint Jacobian.:        2
Number of nonzeros in Lagrangian Hessian.............:        0

Total number of variables............................:        2
                     variables with only lower bounds:        0
                variables with lower and upper bounds:        2
                     variables with only upper bounds:        0
Total number of equality constraints.................:        0
Total number of inequality constraints...............:        1
        inequality constraints with only lower bounds:        0
   inequality constraints with lower and upper bounds:        1
        inequality constraints with only upper bounds:        0

iter    objective    inf_pr   inf_du lg(mu)  ||d||  lg(rg) alpha_du alpha_pr  ls
   0  2.2520600e+00 5.75e+03 2.54e-05   0.0 0.00e+00    -  0.00e+00 0.00e+00   0
   1  2.2519639e+00 5.75e+03 1.38e+02   3.7 5.66e+03    -  8.86e-01 1.17e-02h  1
   2  1.8255492e+00 1.26e+03 4.51e+03   3.6 5.75e+03    -  1.88e-01 7.81e-01h  1
   3  1.6042683e+00 0.00e+00 6.29e+02   1.8 1.26e+03    -  1.00e+00 1.00e+00f  1
   4  1.6042683e+00 0.00e+00 6.29e+00  -4.0 8.16e-05    -  9.90e-01 1.00e+00h  1
   5  1.6042506e+00 0.00e+00 6.29e-02  -0.0 7.13e-02    -  9.90e-01 1.00e+00f  1
   6  1.6038269e+00 0.00e+00 1.47e-03  -6.1 5.20e+00    -  9.88e-01 1.00e+00h  1
   7  1.5743740e+00 3.31e+02 5.36e-04  -8.1 1.66e+04    -  4.43e-01 1.29e-01f  3
   8  1.5877893e+00 1.87e+02 2.84e-04  -8.3 1.42e+03    -  4.15e-01 1.00e+00h  1
   9  6.6614065e-01 0.00e+00 4.38e-04  -2.6 1.62e+03    -  1.79e-02 1.00e+00f  1
iter    objective    inf_pr   inf_du lg(mu)  ||d||  lg(rg) alpha_du alpha_pr  ls
  10  3.6264504e-01 0.00e+00 8.32e-05  -4.1 8.19e+03    -  5.34e-01 2.50e-01h  3
  11  3.5690422e-01 0.00e+00 1.10e-05  -8.8 3.21e+02    -  9.28e-01 1.00e+00h  1
  12  3.5637991e-01 0.00e+00 7.50e-06  -6.6 7.16e+01    -  9.96e-01 1.00e+00h  1

Number of Iterations....: 12

                                   (scaled)                 (unscaled)
Objective...............:   3.5637991091986615e-01    3.5637991091986615e-01
Dual infeasibility......:   7.5017247669174383e-06    7.5017247669174383e-06
Constraint violation....:   0.0000000000000000e+00    0.0000000000000000e+00
Variable bound violation:   0.0000000000000000e+00    0.0000000000000000e+00
Complementarity.........:   6.0943874419378291e-07    6.0943874419378291e-07
Overall NLP error.......:   7.5017247669174383e-06    7.5017247669174383e-06


Number of objective function evaluations             = 21
Number of objective gradient evaluations             = 13
Number of equality constraint evaluations            = 0
Number of inequality constraint evaluations          = 21
Number of equality constraint Jacobian evaluations   = 0
Number of inequality constraint Jacobian evaluations = 13
Number of Lagrangian Hessian evaluations             = 0
Total seconds in IPOPT                               = 0.842

EXIT: Optimal Solution Found.
OPTIMIZATION SUCCESSFUL
fStar [0.35637991]

List of user-set options:

                                    Name   Value                used
                        file_print_level = 5                     yes
                   hessian_approximation = limited-memory        yes
                                  hsllib = /home/ggs24/packages/ThirdParty-HSL/.libs/libcoinhsl.so  yes
                           linear_solver = ma97                  yes
                                max_iter = 200                   yes
                             output_file = IPOPT.out             yes
                             print_level = 5                     yes
                      print_user_options = yes                   yes
                                      sb = yes                   yes
                                     tol = 1e-05                 yes
This is Ipopt version 3.14.7, running with linear solver ma97.

Number of nonzeros in equality constraint Jacobian...:        0
Number of nonzeros in inequality constraint Jacobian.:        2
Number of nonzeros in Lagrangian Hessian.............:        0

Total number of variables............................:        2
                     variables with only lower bounds:        0
                variables with lower and upper bounds:        2
                     variables with only upper bounds:        0
Total number of equality constraints.................:        0
Total number of inequality constraints...............:        1
        inequality constraints with only lower bounds:        0
   inequality constraints with lower and upper bounds:        1
        inequality constraints with only upper bounds:        0

iter    objective    inf_pr   inf_du lg(mu)  ||d||  lg(rg) alpha_du alpha_pr  ls
   0  2.5174990e+00 5.25e+03 1.21e-06   0.0 0.00e+00    -  0.00e+00 0.00e+00   0
   1  2.5174955e+00 5.25e+03 1.43e+02   3.7 5.17e+03    -  9.59e-01 1.28e-02h  1
   2  2.4784149e+00 1.58e+02 8.78e+01  -2.5 5.22e+03    -  3.80e-01 1.00e+00h  1
   3  2.4740423e+00 0.00e+00 2.79e+00  -2.8 1.47e+02    -  9.69e-01 1.00e+00h  1
   4  2.4740238e+00 0.00e+00 2.84e-02  -4.3 1.54e+00    -  9.90e-01 1.00e+00h  1
   5  2.4740000e+00 0.00e+00 3.11e-04  -6.3 2.44e+00    -  9.89e-01 1.00e+00h  1
   6  2.4739744e+00 0.00e+00 2.99e-05  -8.3 2.51e+00    -  9.04e-01 1.00e+00h  1
   7  2.4739744e+00 0.00e+00 1.44e-05  -9.3 8.74e-04    -  9.99e-01 1.00e+00h  1
   8  2.4739744e+00 0.00e+00 1.44e-05 -11.0 2.69e-05    -  1.00e+00 1.00e+00f  1
   9  2.4739744e+00 0.00e+00 1.44e-05 -11.0 2.69e-05    -  1.00e+00 1.00e+00h  1
iter    objective    inf_pr   inf_du lg(mu)  ||d||  lg(rg) alpha_du alpha_pr  ls
  10  2.4739744e+00 0.00e+00 1.44e-05 -11.0 2.69e-05    -  1.00e+00 1.00e+00h  1
  11  2.4739744e+00 0.00e+00 1.44e-05 -11.0 2.69e-05    -  1.00e+00 1.00e+00h  1
  12  2.4739744e+00 0.00e+00 1.44e-05 -11.0 2.69e-05    -  1.00e+00 1.00e+00h  1
  13  2.4739744e+00 0.00e+00 1.44e-05 -11.0 2.69e-05    -  1.00e+00 1.00e+00f  1
  14  2.4739744e+00 0.00e+00 1.44e-05 -11.0 2.69e-05    -  1.00e+00 1.00e+00f  1
  15  2.4739744e+00 0.00e+00 1.44e-05 -11.0 2.69e-05    -  1.00e+00 1.00e+00h  1
  16  2.4739744e+00 0.00e+00 1.44e-05 -11.0 2.69e-05    -  1.00e+00 1.00e+00h  1
  17  2.4739744e+00 0.00e+00 1.44e-05 -11.0 2.69e-05    -  1.00e+00 1.00e+00h  1
  18  2.4739744e+00 0.00e+00 1.44e-05 -11.0 2.69e-05    -  1.00e+00 1.00e+00f  1
  19  2.4739744e+00 0.00e+00 1.44e-05 -11.0 2.69e-05    -  1.00e+00 1.00e+00h  1
iter    objective    inf_pr   inf_du lg(mu)  ||d||  lg(rg) alpha_du alpha_pr  ls
  20  2.4739744e+00 0.00e+00 1.44e-05 -11.0 2.69e-05    -  1.00e+00 1.00e+00h  1
  21  2.4739744e+00 0.00e+00 1.44e-05 -11.0 2.69e-05    -  1.00e+00 1.00e+00f  1
  22  2.4739744e+00 0.00e+00 1.44e-05 -11.0 2.69e-05    -  1.00e+00 1.00e+00f  1
  23  2.4739744e+00 0.00e+00 1.44e-05 -11.0 2.69e-05    -  1.00e+00 1.00e+00h  1
  24  2.4739744e+00 0.00e+00 1.44e-05 -11.0 2.69e-05    -  1.00e+00 1.00e+00h  1
  25  2.4739744e+00 0.00e+00 1.44e-05 -11.0 2.69e-05    -  1.00e+00 1.00e+00f  1
  26  2.4739744e+00 0.00e+00 1.44e-05 -11.0 2.69e-05    -  1.00e+00 1.00e+00f  1
  27  2.4739744e+00 0.00e+00 1.44e-05 -11.0 2.69e-05    -  1.00e+00 1.00e+00f  1
  28  2.4739744e+00 0.00e+00 1.44e-05 -11.0 2.69e-05    -  1.00e+00 1.00e+00h  1
  29  2.4739744e+00 0.00e+00 1.44e-05 -11.0 2.69e-05    -  1.00e+00 1.00e+00h  1
iter    objective    inf_pr   inf_du lg(mu)  ||d||  lg(rg) alpha_du alpha_pr  ls
  30  2.4739744e+00 0.00e+00 1.44e-05 -11.0 2.69e-05    -  1.00e+00 1.00e+00h  1
  31  2.4739744e+00 0.00e+00 1.44e-05 -11.0 2.69e-05    -  1.00e+00 1.00e+00h  1
  32  2.4739744e+00 0.00e+00 1.44e-05 -11.0 2.69e-05    -  1.00e+00 1.00e+00h  1
  33  2.4739744e+00 0.00e+00 1.44e-05 -11.0 2.69e-05    -  1.00e+00 1.00e+00f  1
  34  2.4739744e+00 0.00e+00 1.44e-05 -11.0 2.69e-05    -  1.00e+00 1.00e+00h  1
  35  2.4739744e+00 0.00e+00 1.44e-05 -11.0 2.69e-05    -  1.00e+00 1.00e+00h  1
  36  2.4739744e+00 0.00e+00 1.44e-05 -11.0 2.69e-05    -  1.00e+00 1.00e+00f  1
  37  2.4739744e+00 0.00e+00 1.44e-05 -11.0 2.69e-05    -  1.00e+00 1.00e+00f  1
  38  2.4739744e+00 0.00e+00 1.44e-05 -11.0 2.69e-05    -  1.00e+00 1.00e+00f  1
  39  2.4739744e+00 0.00e+00 1.44e-05 -11.0 2.69e-05    -  1.00e+00 1.00e+00f  1
iter    objective    inf_pr   inf_du lg(mu)  ||d||  lg(rg) alpha_du alpha_pr  ls
  40  2.4739744e+00 0.00e+00 1.44e-05 -11.0 2.69e-05    -  1.00e+00 1.00e+00f  1
  41  2.4739744e+00 0.00e+00 1.44e-05 -11.0 2.69e-05    -  1.00e+00 1.00e+00f  1
  42  2.4739744e+00 0.00e+00 1.44e-05 -11.0 2.69e-05    -  1.00e+00 1.00e+00f  1
  43  2.4739744e+00 0.00e+00 1.44e-05 -11.0 2.69e-05    -  1.00e+00 1.00e+00f  1
  44  2.4739744e+00 0.00e+00 1.44e-05 -11.0 2.69e-05    -  1.00e+00 1.00e+00f  1
  45  2.4739744e+00 0.00e+00 1.44e-05 -11.0 2.69e-05    -  1.00e+00 1.00e+00f  1
  46  2.4739744e+00 0.00e+00 1.44e-05 -11.0 2.69e-05    -  1.00e+00 1.00e+00f  1
  47  2.4739744e+00 0.00e+00 1.44e-05 -11.0 2.69e-05    -  1.00e+00 1.00e+00f  1
  48  2.4739744e+00 0.00e+00 1.44e-05 -11.0 2.69e-05    -  1.00e+00 1.00e+00f  1
  49  2.4739744e+00 0.00e+00 1.44e-05 -11.0 2.69e-05    -  1.00e+00 1.00e+00f  1
iter    objective    inf_pr   inf_du lg(mu)  ||d||  lg(rg) alpha_du alpha_pr  ls
  50  2.4739744e+00 0.00e+00 1.44e-05 -11.0 2.69e-05    -  1.00e+00 1.00e+00f  1
  51  2.4739744e+00 0.00e+00 1.44e-05 -11.0 2.69e-05    -  1.00e+00 1.00e+00h  1
  52  2.4739744e+00 0.00e+00 1.44e-05 -11.0 2.69e-05    -  1.00e+00 1.00e+00h  1
  53  2.4739744e+00 0.00e+00 1.44e-05 -11.0 2.69e-05    -  1.00e+00 1.00e+00f  1
  54  2.4739744e+00 0.00e+00 1.44e-05 -11.0 2.69e-05    -  1.00e+00 1.00e+00h  1
  55  2.4739744e+00 0.00e+00 1.44e-05 -11.0 2.69e-05    -  1.00e+00 1.00e+00f  1
  56  2.4739744e+00 0.00e+00 1.44e-05 -11.0 2.69e-05    -  1.00e+00 1.00e+00h  1
  57  2.4739744e+00 0.00e+00 1.44e-05 -11.0 2.69e-05    -  1.00e+00 1.00e+00f  1
  58  2.4739744e+00 0.00e+00 1.44e-05 -11.0 2.69e-05    -  1.00e+00 1.00e+00h  1
  59  2.4739744e+00 0.00e+00 1.44e-05 -11.0 2.69e-05    -  1.00e+00 1.00e+00f  1
iter    objective    inf_pr   inf_du lg(mu)  ||d||  lg(rg) alpha_du alpha_pr  ls
  60  2.4739744e+00 0.00e+00 1.44e-05 -11.0 2.69e-05    -  1.00e+00 1.00e+00h  1
  61  2.4739744e+00 0.00e+00 1.44e-05 -11.0 2.69e-05    -  1.00e+00 1.00e+00f  1
  62  2.4739744e+00 0.00e+00 1.44e-05 -11.0 2.69e-05    -  1.00e+00 1.00e+00h  1
  63  2.4739744e+00 0.00e+00 1.44e-05 -11.0 2.69e-05    -  1.00e+00 1.00e+00f  1
  64  2.4739744e+00 0.00e+00 1.44e-05 -11.0 2.69e-05    -  1.00e+00 1.00e+00h  1
  65  2.4739744e+00 0.00e+00 1.44e-05 -11.0 2.69e-05    -  1.00e+00 1.00e+00h  1
  66  2.4739744e+00 0.00e+00 1.44e-05 -11.0 2.69e-05    -  1.00e+00 1.00e+00h  1
  67  2.4739744e+00 0.00e+00 1.44e-05 -11.0 2.69e-05    -  1.00e+00 1.00e+00f  1
  68  2.4739744e+00 0.00e+00 1.44e-05 -11.0 2.69e-05    -  1.00e+00 1.00e+00f  1
  69  2.4739744e+00 0.00e+00 1.44e-05 -11.0 2.69e-05    -  1.00e+00 1.00e+00f  1
iter    objective    inf_pr   inf_du lg(mu)  ||d||  lg(rg) alpha_du alpha_pr  ls
  70  2.4739744e+00 0.00e+00 1.44e-05 -11.0 2.69e-05    -  1.00e+00 1.00e+00h  1
  71  2.4739744e+00 0.00e+00 1.44e-05 -11.0 2.69e-05    -  1.00e+00 1.00e+00f  1
  72  2.4739744e+00 0.00e+00 1.44e-05 -11.0 2.69e-05    -  1.00e+00 1.00e+00f  1
  73  2.4739744e+00 0.00e+00 1.44e-05 -11.0 2.69e-05    -  1.00e+00 1.00e+00f  1
  74  2.4739744e+00 0.00e+00 1.44e-05 -11.0 2.69e-05    -  1.00e+00 1.00e+00h  1
  75  2.4739744e+00 0.00e+00 1.44e-05 -11.0 2.69e-05    -  1.00e+00 1.00e+00h  1
  76  2.4739744e+00 0.00e+00 1.44e-05 -11.0 2.69e-05    -  1.00e+00 1.00e+00f  1
  77  2.4739744e+00 0.00e+00 1.44e-05 -11.0 2.69e-05    -  1.00e+00 1.00e+00f  1
  78  2.4739744e+00 0.00e+00 1.44e-05 -11.0 2.69e-05    -  1.00e+00 1.00e+00h  1
  79  2.4739744e+00 0.00e+00 1.44e-05 -11.0 2.69e-05    -  1.00e+00 1.00e+00f  1
iter    objective    inf_pr   inf_du lg(mu)  ||d||  lg(rg) alpha_du alpha_pr  ls
  80  2.4739744e+00 0.00e+00 1.44e-05 -11.0 2.69e-05    -  1.00e+00 1.00e+00h  1
  81  2.4739744e+00 0.00e+00 1.44e-05 -11.0 2.69e-05    -  1.00e+00 1.00e+00f  1
  82  2.4739744e+00 0.00e+00 1.44e-05 -11.0 2.69e-05    -  1.00e+00 1.00e+00f  1
  83  2.4739744e+00 0.00e+00 1.44e-05 -11.0 2.69e-05    -  1.00e+00 1.00e+00f  1
  84  2.4739744e+00 0.00e+00 1.44e-05 -11.0 2.69e-05    -  1.00e+00 1.00e+00h  1
  85  2.4739744e+00 0.00e+00 1.44e-05 -11.0 2.69e-05    -  1.00e+00 1.00e+00f  1
  86  2.4739743e+00 0.00e+00 1.44e-05 -11.0 2.69e-05    -  1.00e+00 1.00e+00h  1
  87  2.4739743e+00 0.00e+00 1.44e-05 -11.0 2.69e-05    -  1.00e+00 1.00e+00h  1
  88  2.4739743e+00 0.00e+00 1.44e-05 -11.0 2.69e-05    -  1.00e+00 1.00e+00h  1
  89  2.4739743e+00 0.00e+00 1.44e-05 -11.0 2.69e-05    -  1.00e+00 1.00e+00h  1
iter    objective    inf_pr   inf_du lg(mu)  ||d||  lg(rg) alpha_du alpha_pr  ls
  90  2.4739743e+00 0.00e+00 1.44e-05 -11.0 2.69e-05    -  1.00e+00 1.00e+00f  1
  91  2.4739743e+00 0.00e+00 1.44e-05 -11.0 2.69e-05    -  1.00e+00 1.00e+00f  1
  92  2.4739743e+00 0.00e+00 1.44e-05 -11.0 2.69e-05    -  1.00e+00 1.00e+00f  1
  93  2.4739743e+00 0.00e+00 1.44e-05 -11.0 2.69e-05    -  1.00e+00 1.00e+00f  1
  94  2.4739743e+00 0.00e+00 1.44e-05 -11.0 2.69e-05    -  1.00e+00 1.00e+00f  1
  95  2.4739743e+00 0.00e+00 1.44e-05 -11.0 2.69e-05    -  1.00e+00 1.00e+00h  1
  96  2.4739743e+00 0.00e+00 1.44e-05 -11.0 2.69e-05    -  1.00e+00 1.00e+00h  1
  97  2.4739743e+00 0.00e+00 1.44e-05 -11.0 2.69e-05    -  1.00e+00 1.00e+00f  1
  98  2.4739743e+00 0.00e+00 1.44e-05 -11.0 2.69e-05    -  1.00e+00 1.00e+00f  1
  99  2.4739743e+00 0.00e+00 1.44e-05 -11.0 2.69e-05    -  1.00e+00 1.00e+00h  1
iter    objective    inf_pr   inf_du lg(mu)  ||d||  lg(rg) alpha_du alpha_pr  ls
 100  2.4739743e+00 0.00e+00 1.44e-05 -11.0 2.69e-05    -  1.00e+00 1.00e+00f  1
 101  2.4739743e+00 0.00e+00 1.44e-05 -11.0 2.69e-05    -  1.00e+00 1.00e+00f  1
 102  2.4739743e+00 0.00e+00 1.44e-05 -11.0 2.69e-05    -  1.00e+00 1.00e+00f  1
 103  2.4739743e+00 0.00e+00 1.44e-05 -11.0 2.69e-05    -  1.00e+00 1.00e+00f  1
 104  2.4739743e+00 0.00e+00 1.44e-05 -11.0 2.69e-05    -  1.00e+00 1.00e+00f  1
 105  2.4739743e+00 0.00e+00 1.44e-05 -11.0 2.69e-05    -  1.00e+00 1.00e+00h  1
 106  2.4739743e+00 0.00e+00 1.44e-05 -11.0 2.69e-05    -  1.00e+00 1.00e+00f  1
 107  2.4739743e+00 0.00e+00 1.44e-05 -11.0 2.69e-05    -  1.00e+00 1.00e+00f  1
 108  2.4739743e+00 0.00e+00 1.44e-05 -11.0 2.69e-05    -  1.00e+00 1.00e+00h  1
 109  2.4739743e+00 0.00e+00 1.44e-05 -11.0 2.69e-05    -  1.00e+00 1.00e+00f  1
iter    objective    inf_pr   inf_du lg(mu)  ||d||  lg(rg) alpha_du alpha_pr  ls
 110  2.4739743e+00 0.00e+00 1.44e-05 -11.0 2.69e-05    -  1.00e+00 1.00e+00h  1
 111  2.4739743e+00 0.00e+00 1.44e-05 -11.0 2.69e-05    -  1.00e+00 1.00e+00f  1
 112  2.4739743e+00 0.00e+00 1.44e-05 -11.0 2.69e-05    -  1.00e+00 1.00e+00f  1
 113  2.4739743e+00 0.00e+00 1.44e-05 -11.0 2.69e-05    -  1.00e+00 1.00e+00f  1
 114  2.4739743e+00 0.00e+00 1.44e-05 -11.0 2.69e-05    -  1.00e+00 1.00e+00f  1
 115  2.4739743e+00 0.00e+00 1.44e-05 -11.0 2.69e-05    -  1.00e+00 1.00e+00h  1
 116  2.4739743e+00 0.00e+00 1.44e-05 -11.0 2.69e-05    -  1.00e+00 1.00e+00f  1
 117  2.4739743e+00 0.00e+00 1.44e-05 -11.0 2.69e-05    -  1.00e+00 1.00e+00f  1
 118  2.4739743e+00 0.00e+00 1.44e-05 -11.0 2.69e-05    -  1.00e+00 1.00e+00h  1
 119  2.4739743e+00 0.00e+00 1.44e-05 -11.0 2.69e-05    -  1.00e+00 1.00e+00h  1
iter    objective    inf_pr   inf_du lg(mu)  ||d||  lg(rg) alpha_du alpha_pr  ls
 120  2.4739743e+00 0.00e+00 1.44e-05 -11.0 2.69e-05    -  1.00e+00 1.00e+00f  1
 121  2.4739743e+00 0.00e+00 1.44e-05 -11.0 2.69e-05    -  1.00e+00 1.00e+00f  1
 122  2.4739743e+00 0.00e+00 1.44e-05 -11.0 2.69e-05    -  1.00e+00 1.00e+00h  1
 123  2.4739743e+00 0.00e+00 1.44e-05 -11.0 2.69e-05    -  1.00e+00 1.00e+00h  1
 124  2.4739743e+00 0.00e+00 1.44e-05 -11.0 2.69e-05    -  1.00e+00 1.00e+00f  1
 125  2.4739743e+00 0.00e+00 1.44e-05 -11.0 2.69e-05    -  1.00e+00 1.00e+00h  1
 126  2.4739743e+00 0.00e+00 1.44e-05 -11.0 2.69e-05    -  1.00e+00 1.00e+00f  1
 127  2.4739743e+00 0.00e+00 1.44e-05 -11.0 2.69e-05    -  1.00e+00 1.00e+00h  1
 128  2.4739743e+00 0.00e+00 1.44e-05 -11.0 2.69e-05    -  1.00e+00 1.00e+00h  1
 129  2.4739743e+00 0.00e+00 1.44e-05 -11.0 2.69e-05    -  1.00e+00 1.00e+00f  1
iter    objective    inf_pr   inf_du lg(mu)  ||d||  lg(rg) alpha_du alpha_pr  ls
 130  2.4739743e+00 0.00e+00 1.44e-05 -11.0 2.69e-05    -  1.00e+00 1.00e+00h  1
 131  2.4739743e+00 0.00e+00 1.44e-05 -11.0 2.69e-05    -  1.00e+00 1.00e+00h  1
 132  2.4739743e+00 0.00e+00 1.44e-05 -11.0 2.69e-05    -  1.00e+00 1.00e+00f  1
 133  2.4739743e+00 0.00e+00 1.44e-05 -11.0 2.69e-05    -  1.00e+00 1.00e+00h  1
 134  2.4739743e+00 0.00e+00 1.44e-05 -11.0 2.69e-05    -  1.00e+00 1.00e+00h  1
 135  2.4739743e+00 0.00e+00 1.44e-05 -11.0 2.69e-05    -  1.00e+00 1.00e+00f  1
 136  2.4739743e+00 0.00e+00 1.44e-05 -11.0 2.69e-05    -  1.00e+00 1.00e+00h  1
 137  2.4739743e+00 0.00e+00 1.44e-05 -11.0 2.69e-05    -  1.00e+00 1.00e+00h  1
 138  2.4739743e+00 0.00e+00 1.44e-05 -11.0 2.69e-05    -  1.00e+00 1.00e+00h  1
 139  2.4739743e+00 0.00e+00 1.44e-05 -11.0 2.69e-05    -  1.00e+00 1.00e+00h  1
iter    objective    inf_pr   inf_du lg(mu)  ||d||  lg(rg) alpha_du alpha_pr  ls
 140  2.4739743e+00 0.00e+00 1.44e-05 -11.0 2.69e-05    -  1.00e+00 1.00e+00f  1
 141  2.4739743e+00 0.00e+00 1.44e-05 -11.0 2.69e-05    -  1.00e+00 1.00e+00f  1
 142  2.4739743e+00 0.00e+00 1.44e-05 -11.0 2.69e-05    -  1.00e+00 1.00e+00h  1
 143  2.4739743e+00 0.00e+00 1.44e-05 -11.0 2.69e-05    -  1.00e+00 1.00e+00h  1
 144  2.4739743e+00 0.00e+00 1.44e-05 -11.0 2.69e-05    -  1.00e+00 1.00e+00h  1
 145  2.4739743e+00 0.00e+00 1.44e-05 -11.0 2.69e-05    -  1.00e+00 1.00e+00h  1
 146  2.4739743e+00 0.00e+00 1.44e-05 -11.0 2.69e-05    -  1.00e+00 1.00e+00h  1
 147  2.4739743e+00 0.00e+00 1.44e-05 -11.0 2.69e-05    -  1.00e+00 1.00e+00h  1
 148  2.4739743e+00 0.00e+00 1.44e-05 -11.0 2.69e-05    -  1.00e+00 1.00e+00h  1
 149  2.4739743e+00 0.00e+00 1.44e-05 -11.0 2.69e-05    -  1.00e+00 1.00e+00f  1
iter    objective    inf_pr   inf_du lg(mu)  ||d||  lg(rg) alpha_du alpha_pr  ls
 150  2.4739743e+00 0.00e+00 1.44e-05 -11.0 2.69e-05    -  1.00e+00 1.00e+00f  1
 151  2.4739743e+00 0.00e+00 1.44e-05 -11.0 2.69e-05    -  1.00e+00 1.00e+00h  1
 152  2.4739743e+00 0.00e+00 1.44e-05 -11.0 2.69e-05    -  1.00e+00 1.00e+00h  1
 153  2.4739743e+00 0.00e+00 1.44e-05 -11.0 2.69e-05    -  1.00e+00 1.00e+00h  1
 154  2.4739743e+00 0.00e+00 1.44e-05 -11.0 2.69e-05    -  1.00e+00 1.00e+00h  1
 155  2.4739743e+00 0.00e+00 1.44e-05 -11.0 2.69e-05    -  1.00e+00 1.00e+00f  1
 156  2.4739743e+00 0.00e+00 1.44e-05 -11.0 2.69e-05    -  1.00e+00 1.00e+00h  1
 157  2.4739743e+00 0.00e+00 1.44e-05 -11.0 2.69e-05    -  1.00e+00 1.00e+00h  1
 158  2.4739743e+00 0.00e+00 1.44e-05 -11.0 2.69e-05    -  1.00e+00 1.00e+00f  1
 159  2.4739743e+00 0.00e+00 1.44e-05 -11.0 2.69e-05    -  1.00e+00 1.00e+00h  1
iter    objective    inf_pr   inf_du lg(mu)  ||d||  lg(rg) alpha_du alpha_pr  ls
 160  2.4739743e+00 0.00e+00 1.44e-05 -11.0 2.69e-05    -  1.00e+00 1.00e+00h  1
 161  2.4739743e+00 0.00e+00 1.44e-05 -11.0 2.69e-05    -  1.00e+00 1.00e+00h  1
 162  2.4739743e+00 0.00e+00 1.44e-05 -11.0 2.69e-05    -  1.00e+00 1.00e+00h  1
 163  2.4739743e+00 0.00e+00 1.44e-05 -11.0 2.69e-05    -  1.00e+00 1.00e+00f  1
 164  2.4739743e+00 0.00e+00 1.44e-05 -11.0 2.69e-05    -  1.00e+00 1.00e+00h  1
 165  2.4739743e+00 0.00e+00 1.44e-05 -11.0 2.69e-05    -  1.00e+00 1.00e+00h  1
 166  2.4739743e+00 0.00e+00 1.44e-05 -11.0 2.69e-05    -  1.00e+00 1.00e+00h  1
 167  2.4739743e+00 0.00e+00 1.44e-05 -11.0 2.69e-05    -  1.00e+00 1.00e+00f  1
 168  2.4739743e+00 0.00e+00 1.44e-05 -11.0 2.69e-05    -  1.00e+00 1.00e+00h  1
 169  2.4739743e+00 0.00e+00 1.44e-05 -11.0 2.69e-05    -  1.00e+00 1.00e+00h  1
iter    objective    inf_pr   inf_du lg(mu)  ||d||  lg(rg) alpha_du alpha_pr  ls
 170  2.4739743e+00 0.00e+00 1.44e-05 -11.0 2.69e-05    -  1.00e+00 1.00e+00h  1
 171  2.4739743e+00 0.00e+00 1.44e-05 -11.0 2.69e-05    -  1.00e+00 1.00e+00f  1
 172  2.4739743e+00 0.00e+00 1.44e-05 -11.0 2.69e-05    -  1.00e+00 1.00e+00f  1
 173  2.4739743e+00 0.00e+00 1.44e-05 -11.0 2.69e-05    -  1.00e+00 1.00e+00f  1
 174  2.4739743e+00 0.00e+00 1.44e-05 -11.0 2.69e-05    -  1.00e+00 1.00e+00f  1
 175  2.4739743e+00 0.00e+00 1.44e-05 -11.0 2.69e-05    -  1.00e+00 1.00e+00f  1
 176  2.4739743e+00 0.00e+00 1.44e-05 -11.0 2.69e-05    -  1.00e+00 1.00e+00h  1
 177  2.4739743e+00 0.00e+00 1.44e-05 -11.0 2.69e-05    -  1.00e+00 1.00e+00f  1
 178  2.4739743e+00 0.00e+00 1.44e-05 -11.0 2.69e-05    -  1.00e+00 1.00e+00f  1
 179  2.4739743e+00 0.00e+00 1.44e-05 -11.0 2.69e-05    -  1.00e+00 1.00e+00f  1
iter    objective    inf_pr   inf_du lg(mu)  ||d||  lg(rg) alpha_du alpha_pr  ls
 180  2.4739743e+00 0.00e+00 1.44e-05 -11.0 2.69e-05    -  1.00e+00 1.00e+00h  1
 181  2.4739743e+00 0.00e+00 1.44e-05 -11.0 2.69e-05    -  1.00e+00 1.00e+00h  1
 182  2.4739743e+00 0.00e+00 1.44e-05 -11.0 2.69e-05    -  1.00e+00 1.00e+00h  1
 183  2.4739743e+00 0.00e+00 1.44e-05 -11.0 2.69e-05    -  1.00e+00 1.00e+00f  1
 184  2.4739743e+00 0.00e+00 1.44e-05 -11.0 2.69e-05    -  1.00e+00 1.00e+00h  1
 185  2.4739743e+00 0.00e+00 1.44e-05 -11.0 2.69e-05    -  1.00e+00 1.00e+00f  1
 186  2.4739743e+00 0.00e+00 1.44e-05 -11.0 2.69e-05    -  1.00e+00 1.00e+00f  1
 187  2.4739743e+00 0.00e+00 1.44e-05 -11.0 2.69e-05    -  1.00e+00 1.00e+00f  1
 188  2.4739743e+00 0.00e+00 1.44e-05 -11.0 2.69e-05    -  1.00e+00 1.00e+00f  1
 189  2.4739743e+00 0.00e+00 1.44e-05 -11.0 2.69e-05    -  1.00e+00 1.00e+00f  1
iter    objective    inf_pr   inf_du lg(mu)  ||d||  lg(rg) alpha_du alpha_pr  ls
 190  2.4739743e+00 0.00e+00 1.44e-05 -11.0 2.69e-05    -  1.00e+00 1.00e+00h  1
 191  2.4739743e+00 0.00e+00 1.44e-05 -11.0 2.69e-05    -  1.00e+00 1.00e+00f  1
 192  2.4739743e+00 0.00e+00 1.44e-05 -11.0 2.69e-05    -  1.00e+00 1.00e+00h  1
 193  2.4739743e+00 0.00e+00 1.44e-05 -11.0 2.69e-05    -  1.00e+00 1.00e+00h  1
 194  2.4739743e+00 0.00e+00 1.44e-05 -11.0 2.69e-05    -  1.00e+00 1.00e+00f  1
 195  2.4739743e+00 0.00e+00 1.44e-05 -11.0 2.69e-05    -  1.00e+00 1.00e+00h  1
 196  2.4739743e+00 0.00e+00 1.44e-05 -11.0 2.69e-05    -  1.00e+00 1.00e+00h  1
 197  2.4739743e+00 0.00e+00 1.44e-05 -11.0 2.69e-05    -  1.00e+00 1.00e+00h  1
 198  2.4739743e+00 0.00e+00 1.44e-05 -11.0 2.69e-05    -  1.00e+00 1.00e+00h  1
 199  2.4739743e+00 0.00e+00 1.44e-05 -11.0 2.69e-05    -  1.00e+00 1.00e+00h  1
iter    objective    inf_pr   inf_du lg(mu)  ||d||  lg(rg) alpha_du alpha_pr  ls
 200  2.4739743e+00 0.00e+00 1.44e-05 -11.0 2.69e-05    -  1.00e+00 1.00e+00h  1

Number of Iterations....: 200

                                   (scaled)                 (unscaled)
Objective...............:   2.4739742616564682e+00    2.4739742616564682e+00
Dual infeasibility......:   1.4366110493919186e-05    1.4366110493919186e-05
Constraint violation....:   0.0000000000000000e+00    0.0000000000000000e+00
Variable bound violation:   0.0000000000000000e+00    0.0000000000000000e+00
Complementarity.........:   9.9999999999999994e-12    9.9999999999999994e-12
Overall NLP error.......:   1.4366110493919186e-05    1.4366110493919186e-05


Number of objective function evaluations             = 201
Number of objective gradient evaluations             = 201
Number of equality constraint evaluations            = 0
Number of inequality constraint evaluations          = 201
Number of equality constraint Jacobian evaluations   = 0
Number of inequality constraint Jacobian evaluations = 201
Number of Lagrangian Hessian evaluations             = 0
Total seconds in IPOPT                               = 8.715

EXIT: Maximum Number of Iterations Exceeded.
OPTIMIZATION FAILED
fStar None

List of user-set options:

                                    Name   Value                used
                        file_print_level = 5                     yes
                   hessian_approximation = limited-memory        yes
                                  hsllib = /home/ggs24/packages/ThirdParty-HSL/.libs/libcoinhsl.so  yes
                           linear_solver = ma97                  yes
                                max_iter = 200                   yes
                             output_file = IPOPT.out             yes
                             print_level = 5                     yes
                      print_user_options = yes                   yes
                                      sb = yes                   yes
                                     tol = 1e-05                 yes
This is Ipopt version 3.14.7, running with linear solver ma97.

Number of nonzeros in equality constraint Jacobian...:        0
Number of nonzeros in inequality constraint Jacobian.:        2
Number of nonzeros in Lagrangian Hessian.............:        0

Total number of variables............................:        2
                     variables with only lower bounds:        0
                variables with lower and upper bounds:        2
                     variables with only upper bounds:        0
Total number of equality constraints.................:        0
Total number of inequality constraints...............:        1
        inequality constraints with only lower bounds:        0
   inequality constraints with lower and upper bounds:        1
        inequality constraints with only upper bounds:        0

iter    objective    inf_pr   inf_du lg(mu)  ||d||  lg(rg) alpha_du alpha_pr  ls
   0  2.4407180e+00 6.02e+03 2.86e-05   0.0 0.00e+00    -  0.00e+00 0.00e+00   0
   1  2.4406734e+00 6.01e+03 1.48e+02   3.7 5.91e+03    -  8.98e-01 1.12e-02h  1
   2  1.9490998e+00 1.09e+03 4.17e+03   3.6 5.09e+03    -  4.95e-01 8.19e-01h  1
   3  1.5055246e+00 0.00e+00 5.44e+02   2.0 9.19e+02    -  1.00e+00 1.00e+00f  1
   4  1.5055246e+00 0.00e+00 5.44e+00  -3.9 8.69e-05    -  9.90e-01 1.00e+00h  1
   5  1.5054457e+00 0.00e+00 1.09e-01   0.0 2.63e-01    -  9.90e-01 1.00e+00f  1
   6  1.4786086e+00 1.49e+01 8.61e-03  -6.0 3.80e+02    -  9.21e-01 1.00e+00f  1
   7  1.4642422e+00 1.20e+01 4.75e-04  -3.3 3.63e+02    -  9.44e-01 1.00e+00h  1
   8  1.4582789e+00 0.00e+00 3.90e-04  -8.3 1.19e+02    -  1.70e-01 1.00e+00h  1
   9  9.9659402e-01 0.00e+00 2.82e-04  -2.4 6.45e+03    -  2.71e-02 1.00e+00f  1
iter    objective    inf_pr   inf_du lg(mu)  ||d||  lg(rg) alpha_du alpha_pr  ls
  10  3.9178073e-01 0.00e+00 1.24e-04  -3.1 3.80e+03    -  9.95e-01 1.00e+00h  1
  11  3.5537134e-01 0.00e+00 2.00e-07  -3.4 1.48e+03    -  9.98e-01 1.00e+00h  1
  12  3.5537133e-01 0.00e+00 2.44e-08  -5.6 1.70e+02    -  1.00e+00 1.00e+00h  1
  13  3.5537090e-01 0.00e+00 6.25e-09 -11.0 3.62e+01    -  9.90e-01 1.00e+00h  1

Number of Iterations....: 13

                                   (scaled)                 (unscaled)
Objective...............:   3.5537089805210426e-01    3.5537089805210426e-01
Dual infeasibility......:   6.2497019661024204e-09    6.2497019661024204e-09
Constraint violation....:   0.0000000000000000e+00    0.0000000000000000e+00
Variable bound violation:   0.0000000000000000e+00    0.0000000000000000e+00
Complementarity.........:   3.9007924565074046e-08    3.9007924565074046e-08
Overall NLP error.......:   3.9007924565074046e-08    3.9007924565074046e-08


Number of objective function evaluations             = 14
Number of objective gradient evaluations             = 14
Number of equality constraint evaluations            = 0
Number of inequality constraint evaluations          = 14
Number of equality constraint Jacobian evaluations   = 0
Number of inequality constraint Jacobian evaluations = 14
Number of Lagrangian Hessian evaluations             = 0
Total seconds in IPOPT                               = 0.653

EXIT: Optimal Solution Found.
OPTIMIZATION SUCCESSFUL
fStar [0.3553709]
new best [0.3553709]

List of user-set options:

                                    Name   Value                used
                        file_print_level = 5                     yes
                   hessian_approximation = limited-memory        yes
                                  hsllib = /home/ggs24/packages/ThirdParty-HSL/.libs/libcoinhsl.so  yes
                           linear_solver = ma97                  yes
                                max_iter = 200                   yes
                             output_file = IPOPT.out             yes
                             print_level = 5                     yes
                      print_user_options = yes                   yes
                                      sb = yes                   yes
                                     tol = 1e-05                 yes
This is Ipopt version 3.14.7, running with linear solver ma97.

Number of nonzeros in equality constraint Jacobian...:        0
Number of nonzeros in inequality constraint Jacobian.:        2
Number of nonzeros in Lagrangian Hessian.............:        0

Total number of variables............................:        2
                     variables with only lower bounds:        0
                variables with lower and upper bounds:        2
                     variables with only upper bounds:        0
Total number of equality constraints.................:        0
Total number of inequality constraints...............:        1
        inequality constraints with only lower bounds:        0
   inequality constraints with lower and upper bounds:        1
        inequality constraints with only upper bounds:        0

iter    objective    inf_pr   inf_du lg(mu)  ||d||  lg(rg) alpha_du alpha_pr  ls
   0  2.4694309e+00 0.00e+00 2.41e-05   0.0 0.00e+00    -  0.00e+00 0.00e+00   0
   1  2.4694309e+00 0.00e+00 3.27e-05  -2.1 5.50e-05    -  9.90e-01 1.00e+00f  1
   2  2.4694265e+00 0.00e+00 7.36e-02   1.8 1.47e-01    -  1.00e+00 1.00e+00f  1
   3  2.4694256e+00 0.00e+00 1.47e-02   1.1 2.94e-02    -  1.00e+00 1.00e+00f  1
   4  2.4694255e+00 0.00e+00 2.96e-03   0.4 5.91e-03    -  1.00e+00 1.00e+00f  1
   5  2.4694254e+00 0.00e+00 6.03e-04  -0.3 1.21e-03    -  1.00e+00 1.00e+00f  1
   6  2.4694254e+00 0.00e+00 2.97e-05  -2.4 4.67e-05    -  9.98e-01 1.00e+00f  1
   7  2.4694254e+00 0.00e+00 2.86e-05  -2.4 4.66e-05    -  1.00e+00 1.00e+00h  1
   8  2.4694254e+00 0.00e+00 2.44e-05  -3.5 3.84e-05    -  1.00e+00 1.00e+00h  1
   9  2.4694254e+00 0.00e+00 2.41e-05  -9.5 3.78e-05    -  1.00e+00 1.00e+00f  1
iter    objective    inf_pr   inf_du lg(mu)  ||d||  lg(rg) alpha_du alpha_pr  ls
  10  2.4694254e+00 0.00e+00 2.41e-05 -11.0 3.78e-05    -  1.00e+00 1.00e+00f  1
  11  2.4694254e+00 0.00e+00 2.41e-05 -11.0 3.78e-05    -  1.00e+00 1.00e+00h  1
  12  2.4694254e+00 0.00e+00 2.41e-05 -11.0 3.78e-05    -  1.00e+00 1.00e+00f  1
  13  2.4694254e+00 0.00e+00 2.41e-05 -11.0 3.78e-05    -  1.00e+00 1.00e+00h  1
  14  2.4694254e+00 0.00e+00 2.41e-05 -11.0 3.78e-05    -  1.00e+00 1.00e+00h  1
  15  2.4694254e+00 0.00e+00 2.41e-05 -11.0 3.78e-05    -  1.00e+00 1.00e+00f  1
  16  2.4694254e+00 0.00e+00 2.41e-05 -11.0 3.78e-05    -  1.00e+00 1.00e+00h  1
  17  2.4694254e+00 0.00e+00 2.41e-05 -11.0 3.78e-05    -  1.00e+00 1.00e+00f  1
  18  2.4694254e+00 0.00e+00 2.41e-05 -11.0 3.78e-05    -  1.00e+00 1.00e+00h  1
  19  2.4694254e+00 0.00e+00 2.41e-05 -11.0 3.78e-05    -  1.00e+00 1.00e+00h  1
iter    objective    inf_pr   inf_du lg(mu)  ||d||  lg(rg) alpha_du alpha_pr  ls
  20  2.4694254e+00 0.00e+00 2.41e-05 -11.0 3.78e-05    -  1.00e+00 1.00e+00f  1
  21  2.4694254e+00 0.00e+00 2.41e-05 -11.0 3.78e-05    -  1.00e+00 1.00e+00f  1
  22  2.4694254e+00 0.00e+00 2.41e-05 -11.0 3.78e-05    -  1.00e+00 1.00e+00f  1
  23  2.4694254e+00 0.00e+00 2.41e-05 -11.0 3.78e-05    -  1.00e+00 1.00e+00h  1
  24  2.4694254e+00 0.00e+00 2.41e-05 -11.0 3.78e-05    -  1.00e+00 1.00e+00h  1
  25  2.4694254e+00 0.00e+00 2.41e-05 -11.0 3.78e-05    -  1.00e+00 1.00e+00f  1
  26  2.4694254e+00 0.00e+00 2.41e-05 -11.0 3.78e-05    -  1.00e+00 1.00e+00h  1
  27  2.4694254e+00 0.00e+00 2.41e-05 -11.0 3.78e-05    -  1.00e+00 1.00e+00h  1
  28  2.4694254e+00 0.00e+00 2.41e-05 -11.0 3.78e-05    -  1.00e+00 1.00e+00h  1
  29  2.4694254e+00 0.00e+00 2.41e-05 -11.0 3.78e-05    -  1.00e+00 1.00e+00h  1
iter    objective    inf_pr   inf_du lg(mu)  ||d||  lg(rg) alpha_du alpha_pr  ls
  30  2.4694254e+00 0.00e+00 2.41e-05 -11.0 3.78e-05    -  1.00e+00 1.00e+00f  1
  31  2.4694254e+00 0.00e+00 2.41e-05 -11.0 3.78e-05    -  1.00e+00 1.00e+00f  1
  32  2.4694254e+00 0.00e+00 2.41e-05 -11.0 3.78e-05    -  1.00e+00 1.00e+00h  1
  33  2.4694254e+00 0.00e+00 2.41e-05 -11.0 3.78e-05    -  1.00e+00 1.00e+00f  1
  34  2.4694254e+00 0.00e+00 2.41e-05 -11.0 3.78e-05    -  1.00e+00 1.00e+00f  1
  35  2.4694254e+00 0.00e+00 2.41e-05 -11.0 3.78e-05    -  1.00e+00 1.00e+00f  1
  36  2.4694254e+00 0.00e+00 2.41e-05 -11.0 3.78e-05    -  1.00e+00 1.00e+00h  1
  37  2.4694254e+00 0.00e+00 2.41e-05 -11.0 3.78e-05    -  1.00e+00 1.00e+00h  1
  38  2.4694254e+00 0.00e+00 2.41e-05 -11.0 3.78e-05    -  1.00e+00 1.00e+00h  1
  39  2.4694254e+00 0.00e+00 2.41e-05 -11.0 3.78e-05    -  1.00e+00 1.00e+00h  1
iter    objective    inf_pr   inf_du lg(mu)  ||d||  lg(rg) alpha_du alpha_pr  ls
  40  2.4694254e+00 0.00e+00 2.41e-05 -11.0 3.78e-05    -  1.00e+00 1.00e+00f  1
  41  2.4694254e+00 0.00e+00 2.41e-05 -11.0 3.78e-05    -  1.00e+00 1.00e+00f  1
  42  2.4694254e+00 0.00e+00 2.41e-05 -11.0 3.78e-05    -  1.00e+00 1.00e+00f  1
  43  2.4694254e+00 0.00e+00 2.41e-05 -11.0 3.78e-05    -  1.00e+00 1.00e+00f  1
  44  2.4694254e+00 0.00e+00 2.41e-05 -11.0 3.78e-05    -  1.00e+00 1.00e+00f  1
  45  2.4694254e+00 0.00e+00 2.41e-05 -11.0 3.78e-05    -  1.00e+00 1.00e+00f  1
  46  2.4694254e+00 0.00e+00 2.41e-05 -11.0 3.78e-05    -  1.00e+00 1.00e+00f  1
  47  2.4694254e+00 0.00e+00 2.41e-05 -11.0 3.78e-05    -  1.00e+00 1.00e+00f  1
  48  2.4694254e+00 0.00e+00 2.41e-05 -11.0 3.78e-05    -  1.00e+00 1.00e+00f  1
  49  2.4694254e+00 0.00e+00 2.41e-05 -11.0 3.78e-05    -  1.00e+00 1.00e+00h  1
iter    objective    inf_pr   inf_du lg(mu)  ||d||  lg(rg) alpha_du alpha_pr  ls
  50  2.4694254e+00 0.00e+00 2.41e-05 -11.0 3.78e-05    -  1.00e+00 1.00e+00f  1
  51  2.4694254e+00 0.00e+00 2.41e-05 -11.0 3.78e-05    -  1.00e+00 1.00e+00f  1
  52  2.4694253e+00 0.00e+00 2.41e-05 -11.0 3.78e-05    -  1.00e+00 1.00e+00h  1
  53  2.4694253e+00 0.00e+00 2.41e-05 -11.0 3.78e-05    -  1.00e+00 1.00e+00h  1
  54  2.4694253e+00 0.00e+00 2.41e-05 -11.0 3.78e-05    -  1.00e+00 1.00e+00h  1
  55  2.4694253e+00 0.00e+00 2.41e-05 -11.0 3.78e-05    -  1.00e+00 1.00e+00h  1
  56  2.4694253e+00 0.00e+00 2.41e-05 -11.0 3.78e-05    -  1.00e+00 1.00e+00h  1
  57  2.4694253e+00 0.00e+00 2.41e-05 -11.0 3.78e-05    -  1.00e+00 1.00e+00h  1
  58  2.4694253e+00 0.00e+00 2.41e-05 -11.0 3.78e-05    -  1.00e+00 1.00e+00h  1
  59  2.4694253e+00 0.00e+00 2.41e-05 -11.0 3.78e-05    -  1.00e+00 1.00e+00h  1
iter    objective    inf_pr   inf_du lg(mu)  ||d||  lg(rg) alpha_du alpha_pr  ls
  60  2.4694253e+00 0.00e+00 2.41e-05 -11.0 3.78e-05    -  1.00e+00 1.00e+00f  1
  61  2.4694253e+00 0.00e+00 2.41e-05 -11.0 3.78e-05    -  1.00e+00 1.00e+00f  1
  62  2.4694253e+00 0.00e+00 2.41e-05 -11.0 3.78e-05    -  1.00e+00 1.00e+00f  1
  63  2.4694253e+00 0.00e+00 2.41e-05 -11.0 3.78e-05    -  1.00e+00 1.00e+00f  1
  64  2.4694253e+00 0.00e+00 2.41e-05 -11.0 3.78e-05    -  1.00e+00 1.00e+00h  1
  65  2.4694253e+00 0.00e+00 2.41e-05 -11.0 3.78e-05    -  1.00e+00 1.00e+00h  1
  66  2.4694253e+00 0.00e+00 2.41e-05 -11.0 3.78e-05    -  1.00e+00 1.00e+00h  1
  67  2.4694253e+00 0.00e+00 2.41e-05 -11.0 3.78e-05    -  1.00e+00 1.00e+00h  1
  68  2.4694253e+00 0.00e+00 2.41e-05 -11.0 3.78e-05    -  1.00e+00 1.00e+00f  1
  69  2.4694253e+00 0.00e+00 2.41e-05 -11.0 3.78e-05    -  1.00e+00 1.00e+00h  1
iter    objective    inf_pr   inf_du lg(mu)  ||d||  lg(rg) alpha_du alpha_pr  ls
  70  2.4694253e+00 0.00e+00 2.41e-05 -11.0 3.78e-05    -  1.00e+00 1.00e+00h  1
  71  2.4694253e+00 0.00e+00 2.41e-05 -11.0 3.78e-05    -  1.00e+00 1.00e+00f  1
  72  2.4694253e+00 0.00e+00 2.41e-05 -11.0 3.78e-05    -  1.00e+00 1.00e+00h  1
  73  2.4694253e+00 0.00e+00 2.41e-05 -11.0 3.78e-05    -  1.00e+00 1.00e+00h  1
  74  2.4694253e+00 0.00e+00 2.41e-05 -11.0 3.78e-05    -  1.00e+00 1.00e+00h  1
  75  2.4694253e+00 0.00e+00 2.41e-05 -11.0 3.78e-05    -  1.00e+00 1.00e+00h  1
  76  2.4694253e+00 0.00e+00 2.41e-05 -11.0 3.78e-05    -  1.00e+00 1.00e+00h  1
  77  2.4694253e+00 0.00e+00 2.41e-05 -11.0 3.78e-05    -  1.00e+00 1.00e+00h  1
  78  2.4694253e+00 0.00e+00 2.41e-05 -11.0 3.78e-05    -  1.00e+00 1.00e+00h  1
  79  2.4694253e+00 0.00e+00 2.41e-05 -11.0 3.78e-05    -  1.00e+00 1.00e+00h  1
iter    objective    inf_pr   inf_du lg(mu)  ||d||  lg(rg) alpha_du alpha_pr  ls
  80  2.4694253e+00 0.00e+00 2.41e-05 -11.0 3.78e-05    -  1.00e+00 1.00e+00f  1
  81  2.4694253e+00 0.00e+00 2.41e-05 -11.0 3.78e-05    -  1.00e+00 1.00e+00h  1
  82  2.4694253e+00 0.00e+00 2.41e-05 -11.0 3.78e-05    -  1.00e+00 1.00e+00h  1
  83  2.4694253e+00 0.00e+00 2.41e-05 -11.0 3.78e-05    -  1.00e+00 1.00e+00h  1
  84  2.4694253e+00 0.00e+00 2.41e-05 -11.0 3.78e-05    -  1.00e+00 1.00e+00h  1
  85  2.4694253e+00 0.00e+00 2.41e-05 -11.0 3.78e-05    -  1.00e+00 1.00e+00h  1
  86  2.4694253e+00 0.00e+00 2.41e-05 -11.0 3.78e-05    -  1.00e+00 1.00e+00h  1
  87  2.4694253e+00 0.00e+00 2.41e-05 -11.0 3.78e-05    -  1.00e+00 1.00e+00h  1
  88  2.4694253e+00 0.00e+00 2.41e-05 -11.0 3.78e-05    -  1.00e+00 1.00e+00h  1
  89  2.4694253e+00 0.00e+00 2.41e-05 -11.0 3.78e-05    -  1.00e+00 1.00e+00f  1
iter    objective    inf_pr   inf_du lg(mu)  ||d||  lg(rg) alpha_du alpha_pr  ls
  90  2.4694253e+00 0.00e+00 2.41e-05 -11.0 3.78e-05    -  1.00e+00 1.00e+00h  1
  91  2.4694253e+00 0.00e+00 2.41e-05 -11.0 3.78e-05    -  1.00e+00 1.00e+00h  1
  92  2.4694253e+00 0.00e+00 2.41e-05 -11.0 3.78e-05    -  1.00e+00 1.00e+00h  1
  93  2.4694253e+00 0.00e+00 2.41e-05 -11.0 3.78e-05    -  1.00e+00 1.00e+00h  1
  94  2.4694253e+00 0.00e+00 2.41e-05 -11.0 3.78e-05    -  1.00e+00 1.00e+00f  1
  95  2.4694253e+00 0.00e+00 2.41e-05 -11.0 3.78e-05    -  1.00e+00 1.00e+00f  1
  96  2.4694253e+00 0.00e+00 2.41e-05 -11.0 3.78e-05    -  1.00e+00 1.00e+00f  1
  97  2.4694253e+00 0.00e+00 2.41e-05 -11.0 3.78e-05    -  1.00e+00 1.00e+00h  1
  98  2.4694253e+00 0.00e+00 2.41e-05 -11.0 3.78e-05    -  1.00e+00 1.00e+00f  1
  99  2.4694253e+00 0.00e+00 2.41e-05 -11.0 3.78e-05    -  1.00e+00 1.00e+00h  1
iter    objective    inf_pr   inf_du lg(mu)  ||d||  lg(rg) alpha_du alpha_pr  ls
 100  2.4694253e+00 0.00e+00 2.41e-05 -11.0 3.78e-05    -  1.00e+00 1.00e+00h  1
 101  2.4694253e+00 0.00e+00 2.41e-05 -11.0 3.78e-05    -  1.00e+00 1.00e+00h  1
 102  2.4694253e+00 0.00e+00 2.41e-05 -11.0 3.78e-05    -  1.00e+00 1.00e+00h  1
 103  2.4694253e+00 0.00e+00 2.41e-05 -11.0 3.78e-05    -  1.00e+00 1.00e+00f  1
 104  2.4694253e+00 0.00e+00 2.41e-05 -11.0 3.78e-05    -  1.00e+00 1.00e+00h  1
 105  2.4694253e+00 0.00e+00 2.41e-05 -11.0 3.78e-05    -  1.00e+00 1.00e+00h  1
 106  2.4694253e+00 0.00e+00 2.41e-05 -11.0 3.78e-05    -  1.00e+00 1.00e+00f  1
 107  2.4694253e+00 0.00e+00 2.41e-05 -11.0 3.78e-05    -  1.00e+00 1.00e+00h  1
 108  2.4694253e+00 0.00e+00 2.41e-05 -11.0 3.78e-05    -  1.00e+00 1.00e+00h  1
 109  2.4694253e+00 0.00e+00 2.41e-05 -11.0 3.78e-05    -  1.00e+00 1.00e+00f  1
iter    objective    inf_pr   inf_du lg(mu)  ||d||  lg(rg) alpha_du alpha_pr  ls
 110  2.4694252e+00 0.00e+00 2.41e-05 -11.0 3.78e-05    -  1.00e+00 1.00e+00h  1
 111  2.4694252e+00 0.00e+00 2.41e-05 -11.0 3.78e-05    -  1.00e+00 1.00e+00h  1
 112  2.4694252e+00 0.00e+00 2.41e-05 -11.0 3.78e-05    -  1.00e+00 1.00e+00f  1
 113  2.4694252e+00 0.00e+00 2.41e-05 -11.0 3.78e-05    -  1.00e+00 1.00e+00h  1
 114  2.4694252e+00 0.00e+00 2.41e-05 -11.0 3.78e-05    -  1.00e+00 1.00e+00h  1
 115  2.4694252e+00 0.00e+00 2.41e-05 -11.0 3.78e-05    -  1.00e+00 1.00e+00f  1
 116  2.4694252e+00 0.00e+00 2.41e-05 -11.0 3.78e-05    -  1.00e+00 1.00e+00h  1
 117  2.4694252e+00 0.00e+00 2.41e-05 -11.0 3.78e-05    -  1.00e+00 1.00e+00f  1
 118  2.4694252e+00 0.00e+00 2.41e-05 -11.0 3.78e-05    -  1.00e+00 1.00e+00h  1
 119  2.4694252e+00 0.00e+00 2.41e-05 -11.0 3.78e-05    -  1.00e+00 1.00e+00h  1
iter    objective    inf_pr   inf_du lg(mu)  ||d||  lg(rg) alpha_du alpha_pr  ls
 120  2.4694252e+00 0.00e+00 2.41e-05 -11.0 3.78e-05    -  1.00e+00 1.00e+00f  1
 121  2.4694252e+00 0.00e+00 2.41e-05 -11.0 3.78e-05    -  1.00e+00 1.00e+00f  1
 122  2.4694252e+00 0.00e+00 2.41e-05 -11.0 3.78e-05    -  1.00e+00 1.00e+00h  1
 123  2.4694252e+00 0.00e+00 2.41e-05 -11.0 3.78e-05    -  1.00e+00 1.00e+00f  1
 124  2.4694252e+00 0.00e+00 2.41e-05 -11.0 3.78e-05    -  1.00e+00 1.00e+00f  1
 125  2.4694252e+00 0.00e+00 2.41e-05 -11.0 3.78e-05    -  1.00e+00 1.00e+00h  1
 126  2.4694252e+00 0.00e+00 2.41e-05 -11.0 3.78e-05    -  1.00e+00 1.00e+00h  1
 127  2.4694252e+00 0.00e+00 2.41e-05 -11.0 3.78e-05    -  1.00e+00 1.00e+00f  1
 128  2.4694252e+00 0.00e+00 2.41e-05 -11.0 3.78e-05    -  1.00e+00 1.00e+00h  1
 129  2.4694252e+00 0.00e+00 2.41e-05 -11.0 3.78e-05    -  1.00e+00 1.00e+00f  1
iter    objective    inf_pr   inf_du lg(mu)  ||d||  lg(rg) alpha_du alpha_pr  ls
 130  2.4694252e+00 0.00e+00 2.41e-05 -11.0 3.78e-05    -  1.00e+00 1.00e+00h  1
 131  2.4694252e+00 0.00e+00 2.41e-05 -11.0 3.78e-05    -  1.00e+00 1.00e+00h  1
 132  2.4694252e+00 0.00e+00 2.41e-05 -11.0 3.78e-05    -  1.00e+00 1.00e+00f  1
 133  2.4694252e+00 0.00e+00 2.41e-05 -11.0 3.78e-05    -  1.00e+00 1.00e+00f  1
 134  2.4694252e+00 0.00e+00 2.41e-05 -11.0 3.78e-05    -  1.00e+00 1.00e+00f  1
 135  2.4694252e+00 0.00e+00 2.41e-05 -11.0 3.78e-05    -  1.00e+00 1.00e+00f  1
 136  2.4694252e+00 0.00e+00 2.41e-05 -11.0 3.78e-05    -  1.00e+00 1.00e+00f  1
 137  2.4694252e+00 0.00e+00 2.41e-05 -11.0 3.78e-05    -  1.00e+00 1.00e+00h  1
 138  2.4694252e+00 0.00e+00 2.41e-05 -11.0 3.78e-05    -  1.00e+00 1.00e+00f  1
 139  2.4694252e+00 0.00e+00 2.41e-05 -11.0 3.78e-05    -  1.00e+00 1.00e+00f  1
iter    objective    inf_pr   inf_du lg(mu)  ||d||  lg(rg) alpha_du alpha_pr  ls
 140  2.4694252e+00 0.00e+00 2.41e-05 -11.0 3.78e-05    -  1.00e+00 1.00e+00h  1
 141  2.4694252e+00 0.00e+00 2.41e-05 -11.0 3.78e-05    -  1.00e+00 1.00e+00f  1
 142  2.4694252e+00 0.00e+00 2.41e-05 -11.0 3.78e-05    -  1.00e+00 1.00e+00h  1
 143  2.4694252e+00 0.00e+00 2.41e-05 -11.0 3.78e-05    -  1.00e+00 1.00e+00f  1
 144  2.4694252e+00 0.00e+00 2.41e-05 -11.0 3.78e-05    -  1.00e+00 1.00e+00f  1
 145  2.4694252e+00 0.00e+00 2.41e-05 -11.0 3.78e-05    -  1.00e+00 1.00e+00f  1
 146  2.4694252e+00 0.00e+00 2.41e-05 -11.0 3.78e-05    -  1.00e+00 1.00e+00f  1
 147  2.4694252e+00 0.00e+00 2.41e-05 -11.0 3.78e-05    -  1.00e+00 1.00e+00h  1
 148  2.4694252e+00 0.00e+00 2.41e-05 -11.0 3.78e-05    -  1.00e+00 1.00e+00h  1
 149  2.4694252e+00 0.00e+00 2.41e-05 -11.0 3.78e-05    -  1.00e+00 1.00e+00f  1
iter    objective    inf_pr   inf_du lg(mu)  ||d||  lg(rg) alpha_du alpha_pr  ls
 150  2.4694252e+00 0.00e+00 2.41e-05 -11.0 3.78e-05    -  1.00e+00 1.00e+00h  1
 151  2.4694252e+00 0.00e+00 2.41e-05 -11.0 3.78e-05    -  1.00e+00 1.00e+00h  1
 152  2.4694252e+00 0.00e+00 2.41e-05 -11.0 3.78e-05    -  1.00e+00 1.00e+00f  1
 153  2.4694252e+00 0.00e+00 2.41e-05 -11.0 3.78e-05    -  1.00e+00 1.00e+00h  1
 154  2.4694252e+00 0.00e+00 2.41e-05 -11.0 3.78e-05    -  1.00e+00 1.00e+00h  1
 155  2.4694252e+00 0.00e+00 2.41e-05 -11.0 3.78e-05    -  1.00e+00 1.00e+00f  1
 156  2.4694252e+00 0.00e+00 2.41e-05 -11.0 3.78e-05    -  1.00e+00 1.00e+00h  1
 157  2.4694252e+00 0.00e+00 2.41e-05 -11.0 3.78e-05    -  1.00e+00 1.00e+00f  1
 158  2.4694252e+00 0.00e+00 2.41e-05 -11.0 3.78e-05    -  1.00e+00 1.00e+00f  1
 159  2.4694252e+00 0.00e+00 2.41e-05 -11.0 3.78e-05    -  1.00e+00 1.00e+00h  1
iter    objective    inf_pr   inf_du lg(mu)  ||d||  lg(rg) alpha_du alpha_pr  ls
 160  2.4694252e+00 0.00e+00 2.41e-05 -11.0 3.78e-05    -  1.00e+00 1.00e+00h  1
 161  2.4694252e+00 0.00e+00 2.41e-05 -11.0 3.78e-05    -  1.00e+00 1.00e+00f  1
 162  2.4694252e+00 0.00e+00 2.41e-05 -11.0 3.78e-05    -  1.00e+00 1.00e+00h  1
 163  2.4694252e+00 0.00e+00 2.41e-05 -11.0 3.78e-05    -  1.00e+00 1.00e+00f  1
 164  2.4694252e+00 0.00e+00 2.41e-05 -11.0 3.78e-05    -  1.00e+00 1.00e+00f  1
 165  2.4694252e+00 0.00e+00 2.41e-05 -11.0 3.78e-05    -  1.00e+00 1.00e+00h  1
 166  2.4694252e+00 0.00e+00 2.41e-05 -11.0 3.78e-05    -  1.00e+00 1.00e+00h  1
 167  2.4694252e+00 0.00e+00 2.41e-05 -11.0 3.78e-05    -  1.00e+00 1.00e+00h  1
 168  2.4694251e+00 0.00e+00 2.41e-05 -11.0 3.78e-05    -  1.00e+00 1.00e+00h  1
 169  2.4694251e+00 0.00e+00 2.41e-05 -11.0 3.78e-05    -  1.00e+00 1.00e+00f  1
iter    objective    inf_pr   inf_du lg(mu)  ||d||  lg(rg) alpha_du alpha_pr  ls
 170  2.4694251e+00 0.00e+00 2.41e-05 -11.0 3.78e-05    -  1.00e+00 1.00e+00f  1
 171  2.4694251e+00 0.00e+00 2.41e-05 -11.0 3.78e-05    -  1.00e+00 1.00e+00f  1
 172  2.4694251e+00 0.00e+00 2.41e-05 -11.0 3.78e-05    -  1.00e+00 1.00e+00f  1
 173  2.4694251e+00 0.00e+00 2.41e-05 -11.0 3.78e-05    -  1.00e+00 1.00e+00f  1
 174  2.4694251e+00 0.00e+00 2.41e-05 -11.0 3.78e-05    -  1.00e+00 1.00e+00f  1
 175  2.4694251e+00 0.00e+00 2.41e-05 -11.0 3.78e-05    -  1.00e+00 1.00e+00h  1
 176  2.4694251e+00 0.00e+00 2.41e-05 -11.0 3.78e-05    -  1.00e+00 1.00e+00f  1
 177  2.4694251e+00 0.00e+00 2.41e-05 -11.0 3.78e-05    -  1.00e+00 1.00e+00h  1
 178  2.4694251e+00 0.00e+00 2.41e-05 -11.0 3.78e-05    -  1.00e+00 1.00e+00f  1
 179  2.4694251e+00 0.00e+00 2.41e-05 -11.0 3.78e-05    -  1.00e+00 1.00e+00f  1
iter    objective    inf_pr   inf_du lg(mu)  ||d||  lg(rg) alpha_du alpha_pr  ls
 180  2.4694251e+00 0.00e+00 2.41e-05 -11.0 3.78e-05    -  1.00e+00 1.00e+00f  1
 181  2.4694251e+00 0.00e+00 2.41e-05 -11.0 3.78e-05    -  1.00e+00 1.00e+00f  1
 182  2.4694251e+00 0.00e+00 2.41e-05 -11.0 3.78e-05    -  1.00e+00 1.00e+00h  1
 183  2.4694251e+00 0.00e+00 2.41e-05 -11.0 3.78e-05    -  1.00e+00 1.00e+00h  1
 184  2.4694251e+00 0.00e+00 2.41e-05 -11.0 3.78e-05    -  1.00e+00 1.00e+00f  1
 185  2.4694251e+00 0.00e+00 2.41e-05 -11.0 3.78e-05    -  1.00e+00 1.00e+00f  1
 186  2.4694251e+00 0.00e+00 2.41e-05 -11.0 3.78e-05    -  1.00e+00 1.00e+00f  1
 187  2.4694251e+00 0.00e+00 2.41e-05 -11.0 3.78e-05    -  1.00e+00 1.00e+00h  1
 188  2.4694251e+00 0.00e+00 2.41e-05 -11.0 3.78e-05    -  1.00e+00 1.00e+00f  1
 189  2.4694251e+00 0.00e+00 2.41e-05 -11.0 3.78e-05    -  1.00e+00 1.00e+00f  1
iter    objective    inf_pr   inf_du lg(mu)  ||d||  lg(rg) alpha_du alpha_pr  ls
 190  2.4694251e+00 0.00e+00 2.41e-05 -11.0 3.78e-05    -  1.00e+00 1.00e+00f  1
 191  2.4694251e+00 0.00e+00 2.41e-05 -11.0 3.78e-05    -  1.00e+00 1.00e+00h  1
 192  2.4694251e+00 0.00e+00 2.41e-05 -11.0 3.78e-05    -  1.00e+00 1.00e+00h  1
 193  2.4694251e+00 0.00e+00 2.41e-05 -11.0 3.78e-05    -  1.00e+00 1.00e+00h  1
 194  2.4694251e+00 0.00e+00 2.41e-05 -11.0 3.78e-05    -  1.00e+00 1.00e+00f  1
 195  2.4694251e+00 0.00e+00 2.41e-05 -11.0 3.78e-05    -  1.00e+00 1.00e+00f  1
 196  2.4694251e+00 0.00e+00 2.41e-05 -11.0 3.78e-05    -  1.00e+00 1.00e+00h  1
 197  2.4694251e+00 0.00e+00 2.41e-05 -11.0 3.78e-05    -  1.00e+00 1.00e+00f  1
 198  2.4694251e+00 0.00e+00 2.41e-05 -11.0 3.78e-05    -  1.00e+00 1.00e+00f  1
 199  2.4694251e+00 0.00e+00 2.41e-05 -11.0 3.78e-05    -  1.00e+00 1.00e+00h  1
iter    objective    inf_pr   inf_du lg(mu)  ||d||  lg(rg) alpha_du alpha_pr  ls
 200  2.4694251e+00 0.00e+00 2.41e-05 -11.0 3.78e-05    -  1.00e+00 1.00e+00h  1

Number of Iterations....: 200

                                   (scaled)                 (unscaled)
Objective...............:   2.4694250929771355e+00    2.4694250929771355e+00
Dual infeasibility......:   2.4136786169569278e-05    2.4136786169569278e-05
Constraint violation....:   0.0000000000000000e+00    0.0000000000000000e+00
Variable bound violation:   0.0000000000000000e+00    0.0000000000000000e+00
Complementarity.........:   1.0000000000000001e-11    1.0000000000000001e-11
Overall NLP error.......:   2.4136786169569278e-05    2.4136786169569278e-05


Number of objective function evaluations             = 201
Number of objective gradient evaluations             = 201
Number of equality constraint evaluations            = 0
Number of inequality constraint evaluations          = 201
Number of equality constraint Jacobian evaluations   = 0
Number of inequality constraint Jacobian evaluations = 201
Number of Lagrangian Hessian evaluations             = 0
Total seconds in IPOPT                               = 8.533

EXIT: Maximum Number of Iterations Exceeded.
OPTIMIZATION FAILED
fStar None

List of user-set options:

                                    Name   Value                used
                        file_print_level = 5                     yes
                   hessian_approximation = limited-memory        yes
                                  hsllib = /home/ggs24/packages/ThirdParty-HSL/.libs/libcoinhsl.so  yes
                           linear_solver = ma97                  yes
                                max_iter = 200                   yes
                             output_file = IPOPT.out             yes
                             print_level = 5                     yes
                      print_user_options = yes                   yes
                                      sb = yes                   yes
                                     tol = 1e-05                 yes
This is Ipopt version 3.14.7, running with linear solver ma97.

Number of nonzeros in equality constraint Jacobian...:        0
Number of nonzeros in inequality constraint Jacobian.:        2
Number of nonzeros in Lagrangian Hessian.............:        0

Total number of variables............................:        2
                     variables with only lower bounds:        0
                variables with lower and upper bounds:        2
                     variables with only upper bounds:        0
Total number of equality constraints.................:        0
Total number of inequality constraints...............:        1
        inequality constraints with only lower bounds:        0
   inequality constraints with lower and upper bounds:        1
        inequality constraints with only upper bounds:        0

iter    objective    inf_pr   inf_du lg(mu)  ||d||  lg(rg) alpha_du alpha_pr  ls
   0  2.5065359e+00 3.03e+03 5.70e-06   0.0 0.00e+00    -  0.00e+00 0.00e+00   0
   1  2.5065248e+00 3.03e+03 8.89e+01   3.5 3.01e+03    -  1.00e+00 2.21e-02h  1
   2  2.4686519e+00 0.00e+00 1.51e+03   3.3 2.74e+03    -  1.00e+00 1.00e+00h  1
   3  2.4686519e+00 0.00e+00 1.51e+01  -2.9 1.88e-05    -  9.90e-01 1.00e+00h  1
   4  2.4686431e+00 0.00e+00 1.81e-01   1.0 3.62e-01    -  1.00e+00 1.00e+00f  1
   5  2.4685728e+00 0.00e+00 1.44e+00   0.3 2.89e+00    -  1.00e+00 1.00e+00f  1
   6  2.4685728e+00 0.00e+00 1.45e-02  -5.5 2.12e-05    -  9.90e-01 1.00e+00h  1
   7  2.4685726e+00 0.00e+00 4.13e-03  -1.6 8.26e-03    -  1.00e+00 1.00e+00f  1
   8  2.4685726e+00 0.00e+00 6.96e-04  -2.3 1.39e-03    -  1.00e+00 1.00e+00f  1
   9  2.4685726e+00 0.00e+00 2.27e-05  -8.3 3.10e-05    -  9.95e-01 1.00e+00f  1
iter    objective    inf_pr   inf_du lg(mu)  ||d||  lg(rg) alpha_du alpha_pr  ls
  10  2.4685726e+00 0.00e+00 2.00e-05 -10.7 3.10e-05    -  1.00e+00 1.00e+00h  1
  11  2.4685726e+00 0.00e+00 2.00e-05 -11.0 3.10e-05    -  1.00e+00 1.00e+00f  1
  12  2.4685726e+00 0.00e+00 2.00e-05 -11.0 3.10e-05    -  1.00e+00 1.00e+00h  1
  13  2.4685726e+00 0.00e+00 2.00e-05 -11.0 3.10e-05    -  1.00e+00 1.00e+00h  1
  14  2.4685726e+00 0.00e+00 2.00e-05 -11.0 3.10e-05    -  1.00e+00 1.00e+00h  1
  15  2.4685726e+00 0.00e+00 2.00e-05 -11.0 3.10e-05    -  1.00e+00 1.00e+00h  1
  16  2.4685726e+00 0.00e+00 2.00e-05 -11.0 3.10e-05    -  1.00e+00 1.00e+00f  1
  17  2.4685726e+00 0.00e+00 2.00e-05 -11.0 3.10e-05    -  1.00e+00 1.00e+00f  1
  18  2.4685726e+00 0.00e+00 2.00e-05 -11.0 3.10e-05    -  1.00e+00 1.00e+00h  1
  19  2.4685726e+00 0.00e+00 2.00e-05 -11.0 3.10e-05    -  1.00e+00 1.00e+00f  1
iter    objective    inf_pr   inf_du lg(mu)  ||d||  lg(rg) alpha_du alpha_pr  ls
  20  2.4685726e+00 0.00e+00 2.00e-05 -11.0 3.10e-05    -  1.00e+00 1.00e+00f  1
  21  2.4685726e+00 0.00e+00 2.00e-05 -11.0 3.10e-05    -  1.00e+00 1.00e+00h  1
  22  2.4685726e+00 0.00e+00 2.00e-05 -11.0 3.10e-05    -  1.00e+00 1.00e+00h  1
  23  2.4685726e+00 0.00e+00 2.00e-05 -11.0 3.10e-05    -  1.00e+00 1.00e+00f  1
  24  2.4685726e+00 0.00e+00 2.00e-05 -11.0 3.10e-05    -  1.00e+00 1.00e+00h  1
  25  2.4685726e+00 0.00e+00 2.00e-05 -11.0 3.10e-05    -  1.00e+00 1.00e+00f  1
  26  2.4685725e+00 0.00e+00 2.00e-05 -11.0 3.10e-05    -  1.00e+00 1.00e+00f  1
  27  2.4685725e+00 0.00e+00 2.00e-05 -11.0 3.10e-05    -  1.00e+00 1.00e+00h  1
  28  2.4685725e+00 0.00e+00 2.00e-05 -11.0 3.10e-05    -  1.00e+00 1.00e+00h  1
  29  2.4685725e+00 0.00e+00 2.00e-05 -11.0 3.10e-05    -  1.00e+00 1.00e+00h  1
iter    objective    inf_pr   inf_du lg(mu)  ||d||  lg(rg) alpha_du alpha_pr  ls
  30  2.4685725e+00 0.00e+00 2.00e-05 -11.0 3.10e-05    -  1.00e+00 1.00e+00h  1
  31  2.4685725e+00 0.00e+00 2.00e-05 -11.0 3.10e-05    -  1.00e+00 1.00e+00f  1
  32  2.4685725e+00 0.00e+00 2.00e-05 -11.0 3.10e-05    -  1.00e+00 1.00e+00f  1
  33  2.4685725e+00 0.00e+00 2.00e-05 -11.0 3.10e-05    -  1.00e+00 1.00e+00h  1
  34  2.4685725e+00 0.00e+00 2.00e-05 -11.0 3.10e-05    -  1.00e+00 1.00e+00h  1
  35  2.4685725e+00 0.00e+00 2.00e-05 -11.0 3.10e-05    -  1.00e+00 1.00e+00h  1
  36  2.4685725e+00 0.00e+00 2.00e-05 -11.0 3.10e-05    -  1.00e+00 1.00e+00f  1
  37  2.4685725e+00 0.00e+00 2.00e-05 -11.0 3.10e-05    -  1.00e+00 1.00e+00h  1
  38  2.4685725e+00 0.00e+00 2.00e-05 -11.0 3.10e-05    -  1.00e+00 1.00e+00f  1
  39  2.4685725e+00 0.00e+00 2.00e-05 -11.0 3.10e-05    -  1.00e+00 1.00e+00h  1
iter    objective    inf_pr   inf_du lg(mu)  ||d||  lg(rg) alpha_du alpha_pr  ls
  40  2.4685725e+00 0.00e+00 2.00e-05 -11.0 3.10e-05    -  1.00e+00 1.00e+00f  1
  41  2.4685725e+00 0.00e+00 2.00e-05 -11.0 3.10e-05    -  1.00e+00 1.00e+00f  1
  42  2.4685725e+00 0.00e+00 2.00e-05 -11.0 3.10e-05    -  1.00e+00 1.00e+00f  1
  43  2.4685725e+00 0.00e+00 2.00e-05 -11.0 3.10e-05    -  1.00e+00 1.00e+00h  1
  44  2.4685725e+00 0.00e+00 2.00e-05 -11.0 3.10e-05    -  1.00e+00 1.00e+00f  1
  45  2.4685725e+00 0.00e+00 2.00e-05 -11.0 3.10e-05    -  1.00e+00 1.00e+00h  1
  46  2.4685725e+00 0.00e+00 2.00e-05 -11.0 3.10e-05    -  1.00e+00 1.00e+00f  1
  47  2.4685725e+00 0.00e+00 2.00e-05 -11.0 3.10e-05    -  1.00e+00 1.00e+00h  1
  48  2.4685725e+00 0.00e+00 2.00e-05 -11.0 3.10e-05    -  1.00e+00 1.00e+00h  1
  49  2.4685725e+00 0.00e+00 2.00e-05 -11.0 3.10e-05    -  1.00e+00 1.00e+00h  1
iter    objective    inf_pr   inf_du lg(mu)  ||d||  lg(rg) alpha_du alpha_pr  ls
  50  2.4685725e+00 0.00e+00 2.00e-05 -11.0 3.10e-05    -  1.00e+00 1.00e+00f  1
  51  2.4685725e+00 0.00e+00 2.00e-05 -11.0 3.10e-05    -  1.00e+00 1.00e+00f  1
  52  2.4685725e+00 0.00e+00 2.00e-05 -11.0 3.10e-05    -  1.00e+00 1.00e+00h  1
  53  2.4685725e+00 0.00e+00 2.00e-05 -11.0 3.10e-05    -  1.00e+00 1.00e+00h  1
  54  2.4685725e+00 0.00e+00 2.00e-05 -11.0 3.10e-05    -  1.00e+00 1.00e+00h  1
  55  2.4685725e+00 0.00e+00 2.00e-05 -11.0 3.10e-05    -  1.00e+00 1.00e+00h  1
  56  2.4685725e+00 0.00e+00 2.00e-05 -11.0 3.10e-05    -  1.00e+00 1.00e+00f  1
  57  2.4685725e+00 0.00e+00 2.00e-05 -11.0 3.10e-05    -  1.00e+00 1.00e+00f  1
  58  2.4685725e+00 0.00e+00 2.00e-05 -11.0 3.10e-05    -  1.00e+00 1.00e+00h  1
  59  2.4685725e+00 0.00e+00 2.00e-05 -11.0 3.10e-05    -  1.00e+00 1.00e+00h  1
iter    objective    inf_pr   inf_du lg(mu)  ||d||  lg(rg) alpha_du alpha_pr  ls
  60  2.4685725e+00 0.00e+00 2.00e-05 -11.0 3.10e-05    -  1.00e+00 1.00e+00h  1
  61  2.4685725e+00 0.00e+00 2.00e-05 -11.0 3.10e-05    -  1.00e+00 1.00e+00f  1
  62  2.4685725e+00 0.00e+00 2.00e-05 -11.0 3.10e-05    -  1.00e+00 1.00e+00f  1
  63  2.4685725e+00 0.00e+00 2.00e-05 -11.0 3.10e-05    -  1.00e+00 1.00e+00f  1
  64  2.4685725e+00 0.00e+00 2.00e-05 -11.0 3.10e-05    -  1.00e+00 1.00e+00h  1
  65  2.4685725e+00 0.00e+00 2.00e-05 -11.0 3.10e-05    -  1.00e+00 1.00e+00f  1
  66  2.4685725e+00 0.00e+00 2.00e-05 -11.0 3.10e-05    -  1.00e+00 1.00e+00f  1
  67  2.4685725e+00 0.00e+00 2.00e-05 -11.0 3.10e-05    -  1.00e+00 1.00e+00h  1
  68  2.4685725e+00 0.00e+00 2.00e-05 -11.0 3.10e-05    -  1.00e+00 1.00e+00f  1
  69  2.4685725e+00 0.00e+00 2.00e-05 -11.0 3.10e-05    -  1.00e+00 1.00e+00h  1
iter    objective    inf_pr   inf_du lg(mu)  ||d||  lg(rg) alpha_du alpha_pr  ls
  70  2.4685725e+00 0.00e+00 2.00e-05 -11.0 3.10e-05    -  1.00e+00 1.00e+00h  1
  71  2.4685725e+00 0.00e+00 2.00e-05 -11.0 3.10e-05    -  1.00e+00 1.00e+00f  1
  72  2.4685725e+00 0.00e+00 2.00e-05 -11.0 3.10e-05    -  1.00e+00 1.00e+00h  1
  73  2.4685725e+00 0.00e+00 2.00e-05 -11.0 3.10e-05    -  1.00e+00 1.00e+00h  1
  74  2.4685725e+00 0.00e+00 2.00e-05 -11.0 3.10e-05    -  1.00e+00 1.00e+00h  1
  75  2.4685725e+00 0.00e+00 2.00e-05 -11.0 3.10e-05    -  1.00e+00 1.00e+00h  1
  76  2.4685725e+00 0.00e+00 2.00e-05 -11.0 3.10e-05    -  1.00e+00 1.00e+00f  1
  77  2.4685725e+00 0.00e+00 2.00e-05 -11.0 3.10e-05    -  1.00e+00 1.00e+00f  1
  78  2.4685725e+00 0.00e+00 2.00e-05 -11.0 3.10e-05    -  1.00e+00 1.00e+00f  1
  79  2.4685725e+00 0.00e+00 2.00e-05 -11.0 3.10e-05    -  1.00e+00 1.00e+00h  1
iter    objective    inf_pr   inf_du lg(mu)  ||d||  lg(rg) alpha_du alpha_pr  ls
  80  2.4685725e+00 0.00e+00 2.00e-05 -11.0 3.10e-05    -  1.00e+00 1.00e+00h  1
  81  2.4685725e+00 0.00e+00 2.00e-05 -11.0 3.10e-05    -  1.00e+00 1.00e+00f  1
  82  2.4685725e+00 0.00e+00 2.00e-05 -11.0 3.10e-05    -  1.00e+00 1.00e+00f  1
  83  2.4685725e+00 0.00e+00 2.00e-05 -11.0 3.10e-05    -  1.00e+00 1.00e+00h  1
  84  2.4685725e+00 0.00e+00 2.00e-05 -11.0 3.10e-05    -  1.00e+00 1.00e+00f  1
  85  2.4685725e+00 0.00e+00 2.00e-05 -11.0 3.10e-05    -  1.00e+00 1.00e+00h  1
  86  2.4685725e+00 0.00e+00 2.00e-05 -11.0 3.10e-05    -  1.00e+00 1.00e+00f  1
  87  2.4685725e+00 0.00e+00 2.00e-05 -11.0 3.10e-05    -  1.00e+00 1.00e+00f  1
  88  2.4685725e+00 0.00e+00 2.00e-05 -11.0 3.10e-05    -  1.00e+00 1.00e+00h  1
  89  2.4685725e+00 0.00e+00 2.00e-05 -11.0 3.10e-05    -  1.00e+00 1.00e+00f  1
iter    objective    inf_pr   inf_du lg(mu)  ||d||  lg(rg) alpha_du alpha_pr  ls
  90  2.4685725e+00 0.00e+00 2.00e-05 -11.0 3.10e-05    -  1.00e+00 1.00e+00f  1
  91  2.4685725e+00 0.00e+00 2.00e-05 -11.0 3.10e-05    -  1.00e+00 1.00e+00f  1
  92  2.4685725e+00 0.00e+00 2.00e-05 -11.0 3.10e-05    -  1.00e+00 1.00e+00h  1
  93  2.4685725e+00 0.00e+00 2.00e-05 -11.0 3.10e-05    -  1.00e+00 1.00e+00f  1
  94  2.4685725e+00 0.00e+00 2.00e-05 -11.0 3.10e-05    -  1.00e+00 1.00e+00h  1
  95  2.4685725e+00 0.00e+00 2.00e-05 -11.0 3.10e-05    -  1.00e+00 1.00e+00f  1
  96  2.4685725e+00 0.00e+00 2.00e-05 -11.0 3.10e-05    -  1.00e+00 1.00e+00f  1
  97  2.4685725e+00 0.00e+00 2.00e-05 -11.0 3.10e-05    -  1.00e+00 1.00e+00h  1
  98  2.4685725e+00 0.00e+00 2.00e-05 -11.0 3.10e-05    -  1.00e+00 1.00e+00h  1
  99  2.4685725e+00 0.00e+00 2.00e-05 -11.0 3.10e-05    -  1.00e+00 1.00e+00h  1
iter    objective    inf_pr   inf_du lg(mu)  ||d||  lg(rg) alpha_du alpha_pr  ls
 100  2.4685725e+00 0.00e+00 2.00e-05 -11.0 3.10e-05    -  1.00e+00 1.00e+00h  1
 101  2.4685725e+00 0.00e+00 2.00e-05 -11.0 3.10e-05    -  1.00e+00 1.00e+00h  1
 102  2.4685725e+00 0.00e+00 2.00e-05 -11.0 3.10e-05    -  1.00e+00 1.00e+00h  1
 103  2.4685725e+00 0.00e+00 2.00e-05 -11.0 3.10e-05    -  1.00e+00 1.00e+00h  1
 104  2.4685725e+00 0.00e+00 2.00e-05 -11.0 3.10e-05    -  1.00e+00 1.00e+00h  1
 105  2.4685725e+00 0.00e+00 2.00e-05 -11.0 3.10e-05    -  1.00e+00 1.00e+00h  1
 106  2.4685725e+00 0.00e+00 2.00e-05 -11.0 3.10e-05    -  1.00e+00 1.00e+00f  1
 107  2.4685725e+00 0.00e+00 2.00e-05 -11.0 3.10e-05    -  1.00e+00 1.00e+00h  1
 108  2.4685725e+00 0.00e+00 2.00e-05 -11.0 3.10e-05    -  1.00e+00 1.00e+00f  1
 109  2.4685725e+00 0.00e+00 2.00e-05 -11.0 3.10e-05    -  1.00e+00 1.00e+00h  1
iter    objective    inf_pr   inf_du lg(mu)  ||d||  lg(rg) alpha_du alpha_pr  ls
 110  2.4685725e+00 0.00e+00 2.00e-05 -11.0 3.10e-05    -  1.00e+00 1.00e+00f  1
 111  2.4685725e+00 0.00e+00 2.00e-05 -11.0 3.10e-05    -  1.00e+00 1.00e+00h  1
 112  2.4685725e+00 0.00e+00 2.00e-05 -11.0 3.10e-05    -  1.00e+00 1.00e+00h  1
 113  2.4685725e+00 0.00e+00 2.00e-05 -11.0 3.10e-05    -  1.00e+00 1.00e+00f  1
 114  2.4685725e+00 0.00e+00 2.00e-05 -11.0 3.10e-05    -  1.00e+00 1.00e+00f  1
 115  2.4685725e+00 0.00e+00 2.00e-05 -11.0 3.10e-05    -  1.00e+00 1.00e+00f  1
 116  2.4685725e+00 0.00e+00 2.00e-05 -11.0 3.10e-05    -  1.00e+00 1.00e+00h  1
 117  2.4685725e+00 0.00e+00 2.00e-05 -11.0 3.10e-05    -  1.00e+00 1.00e+00h  1
 118  2.4685725e+00 0.00e+00 2.00e-05 -11.0 3.10e-05    -  1.00e+00 1.00e+00h  1
 119  2.4685725e+00 0.00e+00 2.00e-05 -11.0 3.10e-05    -  1.00e+00 1.00e+00f  1
iter    objective    inf_pr   inf_du lg(mu)  ||d||  lg(rg) alpha_du alpha_pr  ls
 120  2.4685725e+00 0.00e+00 2.00e-05 -11.0 3.10e-05    -  1.00e+00 1.00e+00h  1
 121  2.4685725e+00 0.00e+00 2.00e-05 -11.0 3.10e-05    -  1.00e+00 1.00e+00h  1
 122  2.4685725e+00 0.00e+00 2.00e-05 -11.0 3.10e-05    -  1.00e+00 1.00e+00f  1
 123  2.4685724e+00 0.00e+00 2.00e-05 -11.0 3.10e-05    -  1.00e+00 1.00e+00h  1
 124  2.4685724e+00 0.00e+00 2.00e-05 -11.0 3.10e-05    -  1.00e+00 1.00e+00f  1
 125  2.4685724e+00 0.00e+00 2.00e-05 -11.0 3.10e-05    -  1.00e+00 1.00e+00h  1
 126  2.4685724e+00 0.00e+00 2.00e-05 -11.0 3.10e-05    -  1.00e+00 1.00e+00f  1
 127  2.4685724e+00 0.00e+00 2.00e-05 -11.0 3.10e-05    -  1.00e+00 1.00e+00f  1
 128  2.4685724e+00 0.00e+00 2.00e-05 -11.0 3.10e-05    -  1.00e+00 1.00e+00h  1
 129  2.4685724e+00 0.00e+00 2.00e-05 -11.0 3.10e-05    -  1.00e+00 1.00e+00f  1
iter    objective    inf_pr   inf_du lg(mu)  ||d||  lg(rg) alpha_du alpha_pr  ls
 130  2.4685724e+00 0.00e+00 2.00e-05 -11.0 3.10e-05    -  1.00e+00 1.00e+00h  1
 131  2.4685724e+00 0.00e+00 2.00e-05 -11.0 3.10e-05    -  1.00e+00 1.00e+00h  1
 132  2.4685724e+00 0.00e+00 2.00e-05 -11.0 3.10e-05    -  1.00e+00 1.00e+00f  1
 133  2.4685724e+00 0.00e+00 2.00e-05 -11.0 3.10e-05    -  1.00e+00 1.00e+00f  1
 134  2.4685724e+00 0.00e+00 2.00e-05 -11.0 3.10e-05    -  1.00e+00 1.00e+00f  1
 135  2.4685724e+00 0.00e+00 2.00e-05 -11.0 3.10e-05    -  1.00e+00 1.00e+00h  1
 136  2.4685724e+00 0.00e+00 2.00e-05 -11.0 3.10e-05    -  1.00e+00 1.00e+00f  1
 137  2.4685724e+00 0.00e+00 2.00e-05 -11.0 3.10e-05    -  1.00e+00 1.00e+00h  1
 138  2.4685724e+00 0.00e+00 2.00e-05 -11.0 3.10e-05    -  1.00e+00 1.00e+00h  1
 139  2.4685724e+00 0.00e+00 2.00e-05 -11.0 3.10e-05    -  1.00e+00 1.00e+00f  1
iter    objective    inf_pr   inf_du lg(mu)  ||d||  lg(rg) alpha_du alpha_pr  ls
 140  2.4685724e+00 0.00e+00 2.00e-05 -11.0 3.10e-05    -  1.00e+00 1.00e+00h  1
 141  2.4685724e+00 0.00e+00 2.00e-05 -11.0 3.10e-05    -  1.00e+00 1.00e+00h  1
 142  2.4685724e+00 0.00e+00 2.00e-05 -11.0 3.10e-05    -  1.00e+00 1.00e+00h  1
 143  2.4685724e+00 0.00e+00 2.00e-05 -11.0 3.10e-05    -  1.00e+00 1.00e+00h  1
 144  2.4685724e+00 0.00e+00 2.00e-05 -11.0 3.10e-05    -  1.00e+00 1.00e+00f  1
 145  2.4685724e+00 0.00e+00 2.00e-05 -11.0 3.10e-05    -  1.00e+00 1.00e+00f  1
 146  2.4685724e+00 0.00e+00 2.00e-05 -11.0 3.10e-05    -  1.00e+00 1.00e+00f  1
 147  2.4685724e+00 0.00e+00 2.00e-05 -11.0 3.10e-05    -  1.00e+00 1.00e+00f  1
 148  2.4685724e+00 0.00e+00 2.00e-05 -11.0 3.10e-05    -  1.00e+00 1.00e+00f  1
 149  2.4685724e+00 0.00e+00 2.00e-05 -11.0 3.10e-05    -  1.00e+00 1.00e+00h  1
iter    objective    inf_pr   inf_du lg(mu)  ||d||  lg(rg) alpha_du alpha_pr  ls
 150  2.4685724e+00 0.00e+00 2.00e-05 -11.0 3.10e-05    -  1.00e+00 1.00e+00h  1
 151  2.4685724e+00 0.00e+00 2.00e-05 -11.0 3.10e-05    -  1.00e+00 1.00e+00h  1
 152  2.4685724e+00 0.00e+00 2.00e-05 -11.0 3.10e-05    -  1.00e+00 1.00e+00h  1
 153  2.4685724e+00 0.00e+00 2.00e-05 -11.0 3.10e-05    -  1.00e+00 1.00e+00f  1
 154  2.4685724e+00 0.00e+00 2.00e-05 -11.0 3.10e-05    -  1.00e+00 1.00e+00f  1
 155  2.4685724e+00 0.00e+00 2.00e-05 -11.0 3.10e-05    -  1.00e+00 1.00e+00f  1
 156  2.4685724e+00 0.00e+00 2.00e-05 -11.0 3.10e-05    -  1.00e+00 1.00e+00h  1
 157  2.4685724e+00 0.00e+00 2.00e-05 -11.0 3.10e-05    -  1.00e+00 1.00e+00h  1
 158  2.4685724e+00 0.00e+00 2.00e-05 -11.0 3.10e-05    -  1.00e+00 1.00e+00f  1
 159  2.4685724e+00 0.00e+00 2.00e-05 -11.0 3.10e-05    -  1.00e+00 1.00e+00h  1
iter    objective    inf_pr   inf_du lg(mu)  ||d||  lg(rg) alpha_du alpha_pr  ls
 160  2.4685724e+00 0.00e+00 2.00e-05 -11.0 3.10e-05    -  1.00e+00 1.00e+00h  1
 161  2.4685724e+00 0.00e+00 2.00e-05 -11.0 3.10e-05    -  1.00e+00 1.00e+00f  1
 162  2.4685724e+00 0.00e+00 2.00e-05 -11.0 3.10e-05    -  1.00e+00 1.00e+00h  1
 163  2.4685724e+00 0.00e+00 2.00e-05 -11.0 3.10e-05    -  1.00e+00 1.00e+00h  1
 164  2.4685724e+00 0.00e+00 2.00e-05 -11.0 3.10e-05    -  1.00e+00 1.00e+00h  1
 165  2.4685724e+00 0.00e+00 2.00e-05 -11.0 3.10e-05    -  1.00e+00 1.00e+00f  1
 166  2.4685724e+00 0.00e+00 2.00e-05 -11.0 3.10e-05    -  1.00e+00 1.00e+00f  1
 167  2.4685724e+00 0.00e+00 2.00e-05 -11.0 3.10e-05    -  1.00e+00 1.00e+00f  1
 168  2.4685724e+00 0.00e+00 2.00e-05 -11.0 3.10e-05    -  1.00e+00 1.00e+00h  1
 169  2.4685724e+00 0.00e+00 2.00e-05 -11.0 3.10e-05    -  1.00e+00 1.00e+00f  1
iter    objective    inf_pr   inf_du lg(mu)  ||d||  lg(rg) alpha_du alpha_pr  ls
 170  2.4685724e+00 0.00e+00 2.00e-05 -11.0 3.10e-05    -  1.00e+00 1.00e+00h  1
 171  2.4685724e+00 0.00e+00 2.00e-05 -11.0 3.10e-05    -  1.00e+00 1.00e+00f  1
 172  2.4685724e+00 0.00e+00 2.00e-05 -11.0 3.10e-05    -  1.00e+00 1.00e+00h  1
 173  2.4685724e+00 0.00e+00 2.00e-05 -11.0 3.10e-05    -  1.00e+00 1.00e+00h  1
 174  2.4685724e+00 0.00e+00 2.00e-05 -11.0 3.10e-05    -  1.00e+00 1.00e+00f  1
 175  2.4685724e+00 0.00e+00 2.00e-05 -11.0 3.10e-05    -  1.00e+00 1.00e+00h  1
 176  2.4685724e+00 0.00e+00 2.00e-05 -11.0 3.10e-05    -  1.00e+00 1.00e+00f  1
 177  2.4685724e+00 0.00e+00 2.00e-05 -11.0 3.10e-05    -  1.00e+00 1.00e+00h  1
 178  2.4685724e+00 0.00e+00 2.00e-05 -11.0 3.10e-05    -  1.00e+00 1.00e+00h  1
 179  2.4685724e+00 0.00e+00 2.00e-05 -11.0 3.10e-05    -  1.00e+00 1.00e+00h  1
iter    objective    inf_pr   inf_du lg(mu)  ||d||  lg(rg) alpha_du alpha_pr  ls
 180  2.4685724e+00 0.00e+00 2.00e-05 -11.0 3.10e-05    -  1.00e+00 1.00e+00f  1
 181  2.4685724e+00 0.00e+00 2.00e-05 -11.0 3.10e-05    -  1.00e+00 1.00e+00h  1
 182  2.4685724e+00 0.00e+00 2.00e-05 -11.0 3.10e-05    -  1.00e+00 1.00e+00h  1
 183  2.4685724e+00 0.00e+00 2.00e-05 -11.0 3.10e-05    -  1.00e+00 1.00e+00h  1
 184  2.4685724e+00 0.00e+00 2.00e-05 -11.0 3.10e-05    -  1.00e+00 1.00e+00f  1
 185  2.4685724e+00 0.00e+00 2.00e-05 -11.0 3.10e-05    -  1.00e+00 1.00e+00f  1
 186  2.4685724e+00 0.00e+00 2.00e-05 -11.0 3.10e-05    -  1.00e+00 1.00e+00h  1
 187  2.4685724e+00 0.00e+00 2.00e-05 -11.0 3.10e-05    -  1.00e+00 1.00e+00h  1
 188  2.4685724e+00 0.00e+00 2.00e-05 -11.0 3.10e-05    -  1.00e+00 1.00e+00h  1
 189  2.4685724e+00 0.00e+00 2.00e-05 -11.0 3.10e-05    -  1.00e+00 1.00e+00h  1
iter    objective    inf_pr   inf_du lg(mu)  ||d||  lg(rg) alpha_du alpha_pr  ls
 190  2.4685724e+00 0.00e+00 2.00e-05 -11.0 3.10e-05    -  1.00e+00 1.00e+00f  1
 191  2.4685724e+00 0.00e+00 2.00e-05 -11.0 3.10e-05    -  1.00e+00 1.00e+00f  1
 192  2.4685724e+00 0.00e+00 2.00e-05 -11.0 3.10e-05    -  1.00e+00 1.00e+00h  1
 193  2.4685724e+00 0.00e+00 2.00e-05 -11.0 3.10e-05    -  1.00e+00 1.00e+00h  1
 194  2.4685724e+00 0.00e+00 2.00e-05 -11.0 3.10e-05    -  1.00e+00 1.00e+00f  1
 195  2.4685724e+00 0.00e+00 2.00e-05 -11.0 3.10e-05    -  1.00e+00 1.00e+00h  1
 196  2.4685724e+00 0.00e+00 2.00e-05 -11.0 3.10e-05    -  1.00e+00 1.00e+00f  1
 197  2.4685724e+00 0.00e+00 2.00e-05 -11.0 3.10e-05    -  1.00e+00 1.00e+00h  1
 198  2.4685724e+00 0.00e+00 2.00e-05 -11.0 3.10e-05    -  1.00e+00 1.00e+00h  1
 199  2.4685724e+00 0.00e+00 2.00e-05 -11.0 3.10e-05    -  1.00e+00 1.00e+00h  1
iter    objective    inf_pr   inf_du lg(mu)  ||d||  lg(rg) alpha_du alpha_pr  ls
 200  2.4685724e+00 0.00e+00 2.00e-05 -11.0 3.10e-05    -  1.00e+00 1.00e+00h  1

Number of Iterations....: 200

                                   (scaled)                 (unscaled)
Objective...............:   2.4685723695236330e+00    2.4685723695236330e+00
Dual infeasibility......:   1.9952992138995981e-05    1.9952992138995981e-05
Constraint violation....:   0.0000000000000000e+00    0.0000000000000000e+00
Variable bound violation:   0.0000000000000000e+00    0.0000000000000000e+00
Complementarity.........:   1.0000000000000001e-11    1.0000000000000001e-11
Overall NLP error.......:   1.9952992138995981e-05    1.9952992138995981e-05


Number of objective function evaluations             = 201
Number of objective gradient evaluations             = 201
Number of equality constraint evaluations            = 0
Number of inequality constraint evaluations          = 201
Number of equality constraint Jacobian evaluations   = 0
Number of inequality constraint Jacobian evaluations = 201
Number of Lagrangian Hessian evaluations             = 0
Total seconds in IPOPT                               = 8.480

EXIT: Maximum Number of Iterations Exceeded.
OPTIMIZATION FAILED
fStar None

List of user-set options:

                                    Name   Value                used
                        file_print_level = 5                     yes
                   hessian_approximation = limited-memory        yes
                                  hsllib = /home/ggs24/packages/ThirdParty-HSL/.libs/libcoinhsl.so  yes
                           linear_solver = ma97                  yes
                                max_iter = 200                   yes
                             output_file = IPOPT.out             yes
                             print_level = 5                     yes
                      print_user_options = yes                   yes
                                      sb = yes                   yes
                                     tol = 1e-05                 yes
This is Ipopt version 3.14.7, running with linear solver ma97.

Number of nonzeros in equality constraint Jacobian...:        0
Number of nonzeros in inequality constraint Jacobian.:        2
Number of nonzeros in Lagrangian Hessian.............:        0

Total number of variables............................:        2
                     variables with only lower bounds:        0
                variables with lower and upper bounds:        2
                     variables with only upper bounds:        0
Total number of equality constraints.................:        0
Total number of inequality constraints...............:        1
        inequality constraints with only lower bounds:        0
   inequality constraints with lower and upper bounds:        1
        inequality constraints with only upper bounds:        0

iter    objective    inf_pr   inf_du lg(mu)  ||d||  lg(rg) alpha_du alpha_pr  ls
   0  2.5190703e+00 7.01e+03 7.06e-07   0.0 0.00e+00    -  0.00e+00 0.00e+00   0
   1  2.5190684e+00 7.01e+03 1.52e+02   3.7 6.89e+03    -  8.26e-01 9.63e-03h  1
   2  2.4954016e+00 4.89e+03 1.90e+03   3.6 6.26e+03    -  1.72e-01 3.03e-01h  1
   3  2.4317182e+00 0.00e+00 5.40e+02   2.0 4.37e+03    -  5.96e-01 1.00e+00f  1
   4  2.4317181e+00 0.00e+00 2.70e+00  -2.9 1.68e-03    -  9.90e-01 1.00e+00h  1
   5  2.4317179e+00 0.00e+00 2.70e-02  -4.9 1.95e-02    -  9.90e-01 1.00e+00h  1
   6  2.4316742e+00 0.00e+00 5.61e-04  -1.0 1.68e+00    -  9.90e-01 1.00e+00f  1
   7  2.4316526e+00 0.00e+00 2.87e-05  -7.1 1.94e+00    -  9.48e-01 1.00e+00h  1
   8  2.4814651e+00 0.00e+00 2.22e-05  -8.4 9.07e+02    -  1.91e-01 1.00e+00H  1
   9  2.4793428e+00 8.94e+02 2.00e-05  -2.6 1.61e+05    -  2.82e-02 4.66e-02f  2
iter    objective    inf_pr   inf_du lg(mu)  ||d||  lg(rg) alpha_du alpha_pr  ls
  10  2.4622892e+00 0.00e+00 7.30e-05  -2.6 2.62e+03    -  1.00e+00 1.00e+00h  1
  11  2.4221551e+00 0.00e+00 6.05e-05  -2.6 1.46e+04    -  1.25e-01 3.31e-01h  1
  12  2.3500451e+00 0.00e+00 2.56e-05  -3.1 1.83e+03    -  2.75e-02 1.00e+00h  1
  13  2.3443706e+00 0.00e+00 2.17e-05  -8.8 3.13e+05    -  1.35e-02 2.20e-03h  5
  14  2.3443649e+00 0.00e+00 1.30e-06  -5.0 9.43e+02    -  1.00e+00 1.00e+00h  1
  15  2.3443359e+00 0.00e+00 9.85e-07 -10.9 8.71e+01    -  9.82e-01 1.00e+00h  1

Number of Iterations....: 15

                                   (scaled)                 (unscaled)
Objective...............:   2.3443359063284590e+00    2.3443359063284590e+00
Dual infeasibility......:   9.8496734726616414e-07    9.8496734726616414e-07
Constraint violation....:   0.0000000000000000e+00    0.0000000000000000e+00
Variable bound violation:   0.0000000000000000e+00    0.0000000000000000e+00
Complementarity.........:   5.2501438033772942e-07    5.2501438033772942e-07
Overall NLP error.......:   9.8496734726616414e-07    9.8496734726616414e-07


Number of objective function evaluations             = 28
Number of objective gradient evaluations             = 16
Number of equality constraint evaluations            = 0
Number of inequality constraint evaluations          = 28
Number of equality constraint Jacobian evaluations   = 0
Number of inequality constraint Jacobian evaluations = 16
Number of Lagrangian Hessian evaluations             = 0
Total seconds in IPOPT                               = 1.032

EXIT: Optimal Solution Found.
OPTIMIZATION SUCCESSFUL
fStar [2.34433591]

List of user-set options:

                                    Name   Value                used
                        file_print_level = 5                     yes
                   hessian_approximation = limited-memory        yes
                                  hsllib = /home/ggs24/packages/ThirdParty-HSL/.libs/libcoinhsl.so  yes
                           linear_solver = ma97                  yes
                                max_iter = 200                   yes
                             output_file = IPOPT.out             yes
                             print_level = 5                     yes
                      print_user_options = yes                   yes
                                      sb = yes                   yes
                                     tol = 1e-05                 yes
This is Ipopt version 3.14.7, running with linear solver ma97.

Number of nonzeros in equality constraint Jacobian...:        0
Number of nonzeros in inequality constraint Jacobian.:        2
Number of nonzeros in Lagrangian Hessian.............:        0

Total number of variables............................:        2
                     variables with only lower bounds:        0
                variables with lower and upper bounds:        2
                     variables with only upper bounds:        0
Total number of equality constraints.................:        0
Total number of inequality constraints...............:        1
        inequality constraints with only lower bounds:        0
   inequality constraints with lower and upper bounds:        1
        inequality constraints with only upper bounds:        0

iter    objective    inf_pr   inf_du lg(mu)  ||d||  lg(rg) alpha_du alpha_pr  ls
   0  2.3640546e+00 0.00e+00 2.64e-05   0.0 0.00e+00    -  0.00e+00 0.00e+00   0
   1  2.3640546e+00 0.00e+00 2.52e-05  -2.1 3.58e-05    -  9.90e-01 1.00e+00f  1
   2  2.3451590e+00 0.00e+00 2.07e-03   1.8 2.59e+03    -  1.00e+00 1.00e+00f  1
   3  2.3447082e+00 0.00e+00 4.34e-05   0.7 6.69e+02    -  9.98e-01 1.00e+00h  1
   4  2.3446797e+00 0.00e+00 8.95e-06  -5.3 9.56e+00    -  9.88e-01 1.00e+00h  1
   5  2.3442973e+00 0.00e+00 9.17e-07  -2.9 1.40e+02    -  9.89e-01 1.00e+00h  1
   6  2.3442310e+00 0.00e+00 5.62e-07  -4.6 1.16e+02    -  9.98e-01 1.00e+00h  1
   7  2.3442054e+00 0.00e+00 2.77e-07  -6.5 5.13e+01    -  1.00e+00 1.00e+00h  1

Number of Iterations....: 7

                                   (scaled)                 (unscaled)
Objective...............:   2.3442054446977911e+00    2.3442054446977911e+00
Dual infeasibility......:   2.7706892864731084e-07    2.7706892864731084e-07
Constraint violation....:   0.0000000000000000e+00    0.0000000000000000e+00
Variable bound violation:   0.0000000000000000e+00    0.0000000000000000e+00
Complementarity.........:   5.1660575277141012e-07    5.1660575277141012e-07
Overall NLP error.......:   5.1660575277141012e-07    5.1660575277141012e-07


Number of objective function evaluations             = 8
Number of objective gradient evaluations             = 8
Number of equality constraint evaluations            = 0
Number of inequality constraint evaluations          = 8
Number of equality constraint Jacobian evaluations   = 0
Number of inequality constraint Jacobian evaluations = 8
Number of Lagrangian Hessian evaluations             = 0
Total seconds in IPOPT                               = 0.357

EXIT: Optimal Solution Found.
OPTIMIZATION SUCCESSFUL
fStar [2.34420544]
totalTime 38.42729210853577
averageTime 3.8427292108535767
number of optimizations 10
adding measurement: 86 from agent 0
measurement: 86
truth group lists [[58, 61, 63, 66, 71, 75, 78, 79, 82, 86], [], [], [], [0, 1, 2, 3, 4, 5, 6, 7, 8, 9, 10, 11, 12, 13, 14, 15, 16, 17, 18, 19, 20, 21, 22, 23, 24, 25, 26, 27, 28, 29, 30, 32, 34, 36, 37, 40, 42, 45, 49, 52, 55, 60], [], [31, 33, 35, 38, 39, 41, 44, 47, 50, 51, 54, 57, 62, 65, 68, 70, 73, 76, 81, 84], [43, 46, 48, 53, 56, 59, 64, 67, 69, 72, 74, 77, 80, 83, 85], [], [], [], [], []]
dist_from_measurement_to_model 6909.074218775931
measurement_mahalonobis_distance 3078.3458119824863
measurement_mahalonobis_distance_in_x_y 246.57262831589415
dist_from_measurement_to_model 5022.657839383674
measurement_mahalonobis_distance 98.33073421358426
measurement_mahalonobis_distance_in_x_y 45.462953084039704
dist_from_measurement_to_model 3933.2831751315016
measurement_mahalonobis_distance 269.03166827313
measurement_mahalonobis_distance_in_x_y 11.238188935863137
dist_from_measurement_to_model 2683.7757644321764
measurement_mahalonobis_distance 0.09269952775613355
measurement_mahalonobis_distance_in_x_y 2.1752436642495625
ransac prediction [array([ 4551.52407539,  2975.37726269, 56315.96155803]), array([ 3535.74637254,  9722.94089677, 18118.22117789]), array([10634.9684332 ,  5410.33053183, 88486.8707075 ]), array([ 8393.58316582, 11458.58904932, 16406.61104955])]
covariance [array([[ 2.37056217e+02,  4.40238832e+01, -2.00987151e+03],
       [ 4.40238832e+01,  3.03284980e+02,  3.22661437e+04],
       [-2.00987151e+03,  3.22661437e+04,  4.63492308e+12]]), array([[ 1.13502903e+04, -1.05616260e+04, -1.07510805e+05],
       [-1.05616260e+04,  1.39089777e+04,  1.22024073e+05],
       [-1.07510805e+05,  1.22024073e+05,  1.27672866e+15]]), array([[ 3.89729131e+04, -2.87799271e+04,  1.75673115e+06],
       [-2.87799271e+04,  2.73528342e+04, -1.44642309e+06],
       [ 1.75673115e+06, -1.44642309e+06,  3.06565362e+15]]), array([[3.50180735e+03, 1.17906709e+04, 8.71722333e+04],
       [1.17906709e+04, 7.10033083e+04, 5.16873014e+05],
       [8.71722333e+04, 5.16873014e+05, 4.09266151e+14]])]
group lists [array([ 0,  1,  2,  3,  4,  5,  6,  7,  8,  9, 10, 11, 12, 13, 14, 15, 16,
       17, 18, 19, 20, 21, 22, 23, 24, 25, 26, 27, 28, 29, 30, 32, 34, 36,
       37, 40, 42, 45, 52, 55, 60]), array([31, 33, 35, 38, 39, 41, 44, 47, 50, 51, 54, 57, 62, 65, 68, 70, 73,
       76, 81, 84]), array([43, 46, 48, 53, 56, 59, 64, 67, 69, 72, 74, 77, 80, 83, 85]), array([58, 61, 63, 66, 71, 75, 78, 79, 82, 86])]
outliers [49]

adding measurement: 87 from agent 0
measurement: 87
truth group lists [[58, 61, 63, 66, 71, 75, 78, 79, 82, 86], [], [], [], [0, 1, 2, 3, 4, 5, 6, 7, 8, 9, 10, 11, 12, 13, 14, 15, 16, 17, 18, 19, 20, 21, 22, 23, 24, 25, 26, 27, 28, 29, 30, 32, 34, 36, 37, 40, 42, 45, 49, 52, 55, 60], [], [31, 33, 35, 38, 39, 41, 44, 47, 50, 51, 54, 57, 62, 65, 68, 70, 73, 76, 81, 84, 87], [43, 46, 48, 53, 56, 59, 64, 67, 69, 72, 74, 77, 80, 83, 85], [], [], [], [], []]
dist_from_measurement_to_model 6952.548705868622
measurement_mahalonobis_distance 770.4584439169633
measurement_mahalonobis_distance_in_x_y 370.6472421992763
dist_from_measurement_to_model 5023.8660178110995
measurement_mahalonobis_distance 0.5520104136369024
measurement_mahalonobis_distance_in_x_y 5.9645765031477085
dist_from_measurement_to_model 3965.2231759288047
measurement_mahalonobis_distance 250.95794997061626
measurement_mahalonobis_distance_in_x_y 22.974422340731557
dist_from_measurement_to_model 2733.813329826126
measurement_mahalonobis_distance 65.8557059990444
measurement_mahalonobis_distance_in_x_y 9.665727290509698
ransac prediction [array([ 4551.52407539,  2975.37726269, 56315.96155803]), array([ 3482.10395509,  9799.3522779 , 18772.6092899 ]), array([10634.9684332 ,  5410.33053183, 88486.8707075 ]), array([ 8393.58316582, 11458.58904932, 16406.61104955])]
covariance [array([[ 2.37056217e+02,  4.40238832e+01, -2.00987151e+03],
       [ 4.40238832e+01,  3.03284980e+02,  3.22661437e+04],
       [-2.00987151e+03,  3.22661437e+04,  4.63492308e+12]]), array([[ 1.05190510e+04, -9.37756050e+03, -9.73047634e+04],
       [-9.37756050e+03,  1.22223259e+04,  1.07358817e+05],
       [-9.73047634e+04,  1.07358817e+05,  1.26071387e+15]]), array([[ 3.89729131e+04, -2.87799271e+04,  1.75673115e+06],
       [-2.87799271e+04,  2.73528342e+04, -1.44642309e+06],
       [ 1.75673115e+06, -1.44642309e+06,  3.06565362e+15]]), array([[3.50180735e+03, 1.17906709e+04, 8.71722333e+04],
       [1.17906709e+04, 7.10033083e+04, 5.16873014e+05],
       [8.71722333e+04, 5.16873014e+05, 4.09266151e+14]])]
group lists [array([ 0,  1,  2,  3,  4,  5,  6,  7,  8,  9, 10, 11, 12, 13, 14, 15, 16,
       17, 18, 19, 20, 21, 22, 23, 24, 25, 26, 27, 28, 29, 30, 32, 34, 36,
       37, 40, 42, 45, 52, 55, 60]), array([31, 33, 35, 38, 39, 41, 44, 47, 50, 51, 54, 57, 62, 65, 68, 70, 73,
       76, 81, 84, 87]), array([43, 46, 48, 53, 56, 59, 64, 67, 69, 72, 74, 77, 80, 83, 85]), array([58, 61, 63, 66, 71, 75, 78, 79, 82, 86])]
outliers [49]

adding measurement: 88 from agent 0
measurement: 88
truth group lists [[58, 61, 63, 66, 71, 75, 78, 79, 82, 86], [], [], [], [0, 1, 2, 3, 4, 5, 6, 7, 8, 9, 10, 11, 12, 13, 14, 15, 16, 17, 18, 19, 20, 21, 22, 23, 24, 25, 26, 27, 28, 29, 30, 32, 34, 36, 37, 40, 42, 45, 49, 52, 55, 60], [], [31, 33, 35, 38, 39, 41, 44, 47, 50, 51, 54, 57, 62, 65, 68, 70, 73, 76, 81, 84, 87, 88], [43, 46, 48, 53, 56, 59, 64, 67, 69, 72, 74, 77, 80, 83, 85], [], [], [], [], []]
dist_from_measurement_to_model 7132.024867267134
measurement_mahalonobis_distance 705.583272556375
measurement_mahalonobis_distance_in_x_y 373.4412379016098
dist_from_measurement_to_model 5023.319837766433
measurement_mahalonobis_distance 0.09779016696366688
measurement_mahalonobis_distance_in_x_y 2.373898244703339
dist_from_measurement_to_model 4174.522943654041
measurement_mahalonobis_distance 228.53396301027487
measurement_mahalonobis_distance_in_x_y 23.728959872117407
dist_from_measurement_to_model 2501.1646818851495
measurement_mahalonobis_distance 72.20056063129347
measurement_mahalonobis_distance_in_x_y 9.026311955946273
ransac prediction [array([ 4551.52407539,  2975.37726269, 56315.96155803]), array([ 3461.41862914,  9828.31927341, 19022.61414198]), array([10634.9684332 ,  5410.33053183, 88486.8707075 ]), array([ 8393.58316582, 11458.58904932, 16406.61104955])]
covariance [array([[ 2.37056217e+02,  4.40238832e+01, -2.00987151e+03],
       [ 4.40238832e+01,  3.03284980e+02,  3.22661437e+04],
       [-2.00987151e+03,  3.22661437e+04,  4.63492308e+12]]), array([[ 9.80357680e+03, -8.37563580e+03, -8.86686876e+04],
       [-8.37563580e+03,  1.08192661e+04,  9.51204164e+04],
       [-8.86686876e+04,  9.51204164e+04,  1.24508916e+15]]), array([[ 3.89729131e+04, -2.87799271e+04,  1.75673115e+06],
       [-2.87799271e+04,  2.73528342e+04, -1.44642309e+06],
       [ 1.75673115e+06, -1.44642309e+06,  3.06565362e+15]]), array([[3.50180735e+03, 1.17906709e+04, 8.71722333e+04],
       [1.17906709e+04, 7.10033083e+04, 5.16873014e+05],
       [8.71722333e+04, 5.16873014e+05, 4.09266151e+14]])]
group lists [array([ 0,  1,  2,  3,  4,  5,  6,  7,  8,  9, 10, 11, 12, 13, 14, 15, 16,
       17, 18, 19, 20, 21, 22, 23, 24, 25, 26, 27, 28, 29, 30, 32, 34, 36,
       37, 40, 42, 45, 52, 55, 60]), array([31, 33, 35, 38, 39, 41, 44, 47, 50, 51, 54, 57, 62, 65, 68, 70, 73,
       76, 81, 84, 87, 88]), array([43, 46, 48, 53, 56, 59, 64, 67, 69, 72, 74, 77, 80, 83, 85]), array([58, 61, 63, 66, 71, 75, 78, 79, 82, 86])]
outliers [49]

adding measurement: 89 from agent 0
measurement: 89
truth group lists [[58, 61, 63, 66, 71, 75, 78, 79, 82, 86, 89], [], [], [], [0, 1, 2, 3, 4, 5, 6, 7, 8, 9, 10, 11, 12, 13, 14, 15, 16, 17, 18, 19, 20, 21, 22, 23, 24, 25, 26, 27, 28, 29, 30, 32, 34, 36, 37, 40, 42, 45, 49, 52, 55, 60], [], [31, 33, 35, 38, 39, 41, 44, 47, 50, 51, 54, 57, 62, 65, 68, 70, 73, 76, 81, 84, 87, 88], [43, 46, 48, 53, 56, 59, 64, 67, 69, 72, 74, 77, 80, 83, 85], [], [], [], [], []]
dist_from_measurement_to_model 7210.223990080976
measurement_mahalonobis_distance 3460.134514785226
measurement_mahalonobis_distance_in_x_y 221.4941066201786
dist_from_measurement_to_model 5014.862290473008
measurement_mahalonobis_distance 123.80105443398955
measurement_mahalonobis_distance_in_x_y 47.350800324509834
dist_from_measurement_to_model 4272.016956386252
measurement_mahalonobis_distance 266.2113576311475
measurement_mahalonobis_distance_in_x_y 12.007050344517031
dist_from_measurement_to_model 2397.0450920413305
measurement_mahalonobis_distance 0.32226883772837434
measurement_mahalonobis_distance_in_x_y 4.800810146769978
ransac prediction [array([ 4551.52407539,  2975.37726269, 56315.96155803]), array([ 3461.41862914,  9828.31927341, 19022.61414198]), array([10634.9684332 ,  5410.33053183, 88486.8707075 ]), array([ 8433.93231045, 11597.90403954, 17495.83775198])]
covariance [array([[ 2.37056217e+02,  4.40238832e+01, -2.00987151e+03],
       [ 4.40238832e+01,  3.03284980e+02,  3.22661437e+04],
       [-2.00987151e+03,  3.22661437e+04,  4.63492308e+12]]), array([[ 9.80357680e+03, -8.37563580e+03, -8.86686876e+04],
       [-8.37563580e+03,  1.08192661e+04,  9.51204164e+04],
       [-8.86686876e+04,  9.51204164e+04,  1.24508916e+15]]), array([[ 3.89729131e+04, -2.87799271e+04,  1.75673115e+06],
       [-2.87799271e+04,  2.73528342e+04, -1.44642309e+06],
       [ 1.75673115e+06, -1.44642309e+06,  3.06565362e+15]]), array([[2.83017372e+03, 9.47169656e+03, 7.43565875e+04],
       [9.47169656e+03, 6.29964994e+04, 4.87107002e+05],
       [7.43565875e+04, 4.87107002e+05, 3.79452399e+14]])]
group lists [array([ 0,  1,  2,  3,  4,  5,  6,  7,  8,  9, 10, 11, 12, 13, 14, 15, 16,
       17, 18, 19, 20, 21, 22, 23, 24, 25, 26, 27, 28, 29, 30, 32, 34, 36,
       37, 40, 42, 45, 52, 55, 60]), array([31, 33, 35, 38, 39, 41, 44, 47, 50, 51, 54, 57, 62, 65, 68, 70, 73,
       76, 81, 84, 87, 88]), array([43, 46, 48, 53, 56, 59, 64, 67, 69, 72, 74, 77, 80, 83, 85]), array([58, 61, 63, 66, 71, 75, 78, 79, 82, 86, 89])]
outliers [49]

adding measurement: 90 from agent 0
measurement: 90
truth group lists [[58, 61, 63, 66, 71, 75, 78, 79, 82, 86, 89], [], [], [], [0, 1, 2, 3, 4, 5, 6, 7, 8, 9, 10, 11, 12, 13, 14, 15, 16, 17, 18, 19, 20, 21, 22, 23, 24, 25, 26, 27, 28, 29, 30, 32, 34, 36, 37, 40, 42, 45, 49, 52, 55, 60], [], [31, 33, 35, 38, 39, 41, 44, 47, 50, 51, 54, 57, 62, 65, 68, 70, 73, 76, 81, 84, 87, 88], [43, 46, 48, 53, 56, 59, 64, 67, 69, 72, 74, 77, 80, 83, 85, 90], [], [], [], [], []]
dist_from_measurement_to_model 7280.2328760060345
measurement_mahalonobis_distance 547.1717518637415
measurement_mahalonobis_distance_in_x_y 371.90844845323073
dist_from_measurement_to_model 4986.414731770581
measurement_mahalonobis_distance 260.9621826453077
measurement_mahalonobis_distance_in_x_y 73.09795957396857
dist_from_measurement_to_model 4359.024701972902
measurement_mahalonobis_distance 0.08211011513095734
measurement_mahalonobis_distance_in_x_y 1.7274845813565678
dist_from_measurement_to_model 2444.110192838841
measurement_mahalonobis_distance 333.1882077852764
measurement_mahalonobis_distance_in_x_y 7.618311329680216
ransac prediction [array([ 4551.52407539,  2975.37726269, 56315.96155803]), array([ 3461.41862914,  9828.31927341, 19022.61414198]), array([10577.62175066,  5443.11067937, 86581.25102495]), array([ 8433.93231045, 11597.90403954, 17495.83775198])]
covariance [array([[ 2.37056217e+02,  4.40238832e+01, -2.00987151e+03],
       [ 4.40238832e+01,  3.03284980e+02,  3.22661437e+04],
       [-2.00987151e+03,  3.22661437e+04,  4.63492308e+12]]), array([[ 9.80357680e+03, -8.37563580e+03, -8.86686876e+04],
       [-8.37563580e+03,  1.08192661e+04,  9.51204164e+04],
       [-8.86686876e+04,  9.51204164e+04,  1.24508916e+15]]), array([[ 3.33781137e+04, -2.55818633e+04,  1.53036826e+06],
       [-2.55818633e+04,  2.55247773e+04, -1.32076455e+06],
       [ 1.53036826e+06, -1.32076455e+06,  2.90909328e+15]]), array([[2.83017372e+03, 9.47169656e+03, 7.43565875e+04],
       [9.47169656e+03, 6.29964994e+04, 4.87107002e+05],
       [7.43565875e+04, 4.87107002e+05, 3.79452399e+14]])]
group lists [array([ 0,  1,  2,  3,  4,  5,  6,  7,  8,  9, 10, 11, 12, 13, 14, 15, 16,
       17, 18, 19, 20, 21, 22, 23, 24, 25, 26, 27, 28, 29, 30, 32, 34, 36,
       37, 40, 42, 45, 52, 55, 60]), array([31, 33, 35, 38, 39, 41, 44, 47, 50, 51, 54, 57, 62, 65, 68, 70, 73,
       76, 81, 84, 87, 88]), array([43, 46, 48, 53, 56, 59, 64, 67, 69, 72, 74, 77, 80, 83, 85, 90]), array([58, 61, 63, 66, 71, 75, 78, 79, 82, 86, 89])]
outliers [49]

adding measurement: 91 from agent 0
measurement: 91
truth group lists [[58, 61, 63, 66, 71, 75, 78, 79, 82, 86, 89], [], [], [], [0, 1, 2, 3, 4, 5, 6, 7, 8, 9, 10, 11, 12, 13, 14, 15, 16, 17, 18, 19, 20, 21, 22, 23, 24, 25, 26, 27, 28, 29, 30, 32, 34, 36, 37, 40, 42, 45, 49, 52, 55, 60], [], [31, 33, 35, 38, 39, 41, 44, 47, 50, 51, 54, 57, 62, 65, 68, 70, 73, 76, 81, 84, 87, 88, 91], [43, 46, 48, 53, 56, 59, 64, 67, 69, 72, 74, 77, 80, 83, 85, 90], [], [], [], [], []]
dist_from_measurement_to_model 7315.430063829197
measurement_mahalonobis_distance 582.4724771931229
measurement_mahalonobis_distance_in_x_y 367.5920296040146
dist_from_measurement_to_model 4972.783178875282
measurement_mahalonobis_distance 0.20918611147443603
measurement_mahalonobis_distance_in_x_y 3.1535768202811916
dist_from_measurement_to_model 4345.353128883907
measurement_mahalonobis_distance 211.9578687422346
measurement_mahalonobis_distance_in_x_y 24.17736249506616
dist_from_measurement_to_model 2398.059374594862
measurement_mahalonobis_distance 110.53857104960673
measurement_mahalonobis_distance_in_x_y 9.471458142223087
ransac prediction [array([ 4551.52407539,  2975.37726269, 56315.96155803]), array([ 3490.21066662,  9788.92117017, 18686.90491229]), array([10577.62175066,  5443.11067937, 86581.25102495]), array([ 8433.93231045, 11597.90403954, 17495.83775198])]
covariance [array([[ 2.37056217e+02,  4.40238832e+01, -2.00987151e+03],
       [ 4.40238832e+01,  3.03284980e+02,  3.22661437e+04],
       [-2.00987151e+03,  3.22661437e+04,  4.63492308e+12]]), array([[ 9.15013508e+03, -7.48148704e+03, -8.09281407e+04],
       [-7.48148704e+03,  9.59574156e+03,  8.43672768e+04],
       [-8.09281407e+04,  8.43672768e+04,  1.22922590e+15]]), array([[ 3.33781137e+04, -2.55818633e+04,  1.53036826e+06],
       [-2.55818633e+04,  2.55247773e+04, -1.32076455e+06],
       [ 1.53036826e+06, -1.32076455e+06,  2.90909328e+15]]), array([[2.83017372e+03, 9.47169656e+03, 7.43565875e+04],
       [9.47169656e+03, 6.29964994e+04, 4.87107002e+05],
       [7.43565875e+04, 4.87107002e+05, 3.79452399e+14]])]
group lists [array([ 0,  1,  2,  3,  4,  5,  6,  7,  8,  9, 10, 11, 12, 13, 14, 15, 16,
       17, 18, 19, 20, 21, 22, 23, 24, 25, 26, 27, 28, 29, 30, 32, 34, 36,
       37, 40, 42, 45, 52, 55, 60]), array([31, 33, 35, 38, 39, 41, 44, 47, 50, 51, 54, 57, 62, 65, 68, 70, 73,
       76, 81, 84, 87, 88, 91]), array([43, 46, 48, 53, 56, 59, 64, 67, 69, 72, 74, 77, 80, 83, 85, 90]), array([58, 61, 63, 66, 71, 75, 78, 79, 82, 86, 89])]
outliers [49]

adding measurement: 92 from agent 0
measurement: 92
truth group lists [[58, 61, 63, 66, 71, 75, 78, 79, 82, 86, 89], [], [], [], [0, 1, 2, 3, 4, 5, 6, 7, 8, 9, 10, 11, 12, 13, 14, 15, 16, 17, 18, 19, 20, 21, 22, 23, 24, 25, 26, 27, 28, 29, 30, 32, 34, 36, 37, 40, 42, 45, 49, 52, 55, 60], [], [31, 33, 35, 38, 39, 41, 44, 47, 50, 51, 54, 57, 62, 65, 68, 70, 73, 76, 81, 84, 87, 88, 91], [43, 46, 48, 53, 56, 59, 64, 67, 69, 72, 74, 77, 80, 83, 85, 90, 92], [], [], [], [], []]
dist_from_measurement_to_model 7421.7868920563105
measurement_mahalonobis_distance 609.5981778815978
measurement_mahalonobis_distance_in_x_y 384.6883124424003
dist_from_measurement_to_model 4901.8958827980505
measurement_mahalonobis_distance 266.53113281902847
measurement_mahalonobis_distance_in_x_y 77.20819678967725
dist_from_measurement_to_model 4476.931635258425
measurement_mahalonobis_distance 0.08259182350551902
measurement_mahalonobis_distance_in_x_y 2.097243981880355
dist_from_measurement_to_model 2260.0927512018197
measurement_mahalonobis_distance 304.4864744388991
measurement_mahalonobis_distance_in_x_y 7.437741494642096
ransac prediction [array([ 4551.52407539,  2975.37726269, 56315.96155803]), array([ 3490.21066662,  9788.92117017, 18686.90491229]), array([10626.05492893,  5414.58393528, 88927.50028181]), array([ 8433.93231045, 11597.90403954, 17495.83775198])]
covariance [array([[ 2.37056217e+02,  4.40238832e+01, -2.00987151e+03],
       [ 4.40238832e+01,  3.03284980e+02,  3.22661437e+04],
       [-2.00987151e+03,  3.22661437e+04,  4.63492308e+12]]), array([[ 9.15013508e+03, -7.48148704e+03, -8.09281407e+04],
       [-7.48148704e+03,  9.59574156e+03,  8.43672768e+04],
       [-8.09281407e+04,  8.43672768e+04,  1.22922590e+15]]), array([[ 2.91881137e+04, -2.31139877e+04,  1.35584257e+06],
       [-2.31139877e+04,  2.40712188e+04, -1.21996478e+06],
       [ 1.35584257e+06, -1.21996478e+06,  2.78143105e+15]]), array([[2.83017372e+03, 9.47169656e+03, 7.43565875e+04],
       [9.47169656e+03, 6.29964994e+04, 4.87107002e+05],
       [7.43565875e+04, 4.87107002e+05, 3.79452399e+14]])]
group lists [array([ 0,  1,  2,  3,  4,  5,  6,  7,  8,  9, 10, 11, 12, 13, 14, 15, 16,
       17, 18, 19, 20, 21, 22, 23, 24, 25, 26, 27, 28, 29, 30, 32, 34, 36,
       37, 40, 42, 45, 52, 55, 60]), array([31, 33, 35, 38, 39, 41, 44, 47, 50, 51, 54, 57, 62, 65, 68, 70, 73,
       76, 81, 84, 87, 88, 91]), array([43, 46, 48, 53, 56, 59, 64, 67, 69, 72, 74, 77, 80, 83, 85, 90, 92]), array([58, 61, 63, 66, 71, 75, 78, 79, 82, 86, 89])]
outliers [49]

adding measurement: 93 from agent 0
measurement: 93
truth group lists [[58, 61, 63, 66, 71, 75, 78, 79, 82, 86, 89], [], [], [], [0, 1, 2, 3, 4, 5, 6, 7, 8, 9, 10, 11, 12, 13, 14, 15, 16, 17, 18, 19, 20, 21, 22, 23, 24, 25, 26, 27, 28, 29, 30, 32, 34, 36, 37, 40, 42, 45, 49, 52, 55, 60], [], [31, 33, 35, 38, 39, 41, 44, 47, 50, 51, 54, 57, 62, 65, 68, 70, 73, 76, 81, 84, 87, 88, 91, 93], [43, 46, 48, 53, 56, 59, 64, 67, 69, 72, 74, 77, 80, 83, 85, 90, 92], [], [], [], [], []]
dist_from_measurement_to_model 7493.3135992917405
measurement_mahalonobis_distance 416.73586245578565
measurement_mahalonobis_distance_in_x_y 345.4551932786124
dist_from_measurement_to_model 4878.995667213881
measurement_mahalonobis_distance 2.289723210623777
measurement_mahalonobis_distance_in_x_y 9.36390495567597
dist_from_measurement_to_model 4613.5216883836465
measurement_mahalonobis_distance 194.47918254814712
measurement_mahalonobis_distance_in_x_y 24.610905087393316
dist_from_measurement_to_model 2168.288773957868
measurement_mahalonobis_distance 139.28850359888975
measurement_mahalonobis_distance_in_x_y 8.767989542217217
ransac prediction [array([ 4551.52407539,  2975.37726269, 56315.96155803]), array([ 3583.63244903,  9664.80462411, 17617.32728813]), array([10626.05492893,  5414.58393528, 88927.50028181]), array([ 8433.93231045, 11597.90403954, 17495.83775198])]
covariance [array([[ 2.37056217e+02,  4.40238832e+01, -2.00987151e+03],
       [ 4.40238832e+01,  3.03284980e+02,  3.22661437e+04],
       [-2.00987151e+03,  3.22661437e+04,  4.63492308e+12]]), array([[ 8.52506269e+03, -6.65104018e+03, -7.36630530e+04],
       [-6.65104018e+03,  8.49244217e+03,  7.45421421e+04],
       [-7.36630530e+04,  7.45421421e+04,  1.21255459e+15]]), array([[ 2.91881137e+04, -2.31139877e+04,  1.35584257e+06],
       [-2.31139877e+04,  2.40712188e+04, -1.21996478e+06],
       [ 1.35584257e+06, -1.21996478e+06,  2.78143105e+15]]), array([[2.83017372e+03, 9.47169656e+03, 7.43565875e+04],
       [9.47169656e+03, 6.29964994e+04, 4.87107002e+05],
       [7.43565875e+04, 4.87107002e+05, 3.79452399e+14]])]
group lists [array([ 0,  1,  2,  3,  4,  5,  6,  7,  8,  9, 10, 11, 12, 13, 14, 15, 16,
       17, 18, 19, 20, 21, 22, 23, 24, 25, 26, 27, 28, 29, 30, 32, 34, 36,
       37, 40, 42, 45, 52, 55, 60]), array([31, 33, 35, 38, 39, 41, 44, 47, 50, 51, 54, 57, 62, 65, 68, 70, 73,
       76, 81, 84, 87, 88, 91, 93]), array([43, 46, 48, 53, 56, 59, 64, 67, 69, 72, 74, 77, 80, 83, 85, 90, 92]), array([58, 61, 63, 66, 71, 75, 78, 79, 82, 86, 89])]
outliers [49]

adding measurement: 94 from agent 0
measurement: 94
truth group lists [[58, 61, 63, 66, 71, 75, 78, 79, 82, 86, 89, 94], [], [], [], [0, 1, 2, 3, 4, 5, 6, 7, 8, 9, 10, 11, 12, 13, 14, 15, 16, 17, 18, 19, 20, 21, 22, 23, 24, 25, 26, 27, 28, 29, 30, 32, 34, 36, 37, 40, 42, 45, 49, 52, 55, 60], [], [31, 33, 35, 38, 39, 41, 44, 47, 50, 51, 54, 57, 62, 65, 68, 70, 73, 76, 81, 84, 87, 88, 91, 93], [43, 46, 48, 53, 56, 59, 64, 67, 69, 72, 74, 77, 80, 83, 85, 90, 92], [], [], [], [], []]
dist_from_measurement_to_model 7502.288591913177
measurement_mahalonobis_distance 3931.6440949143625
measurement_mahalonobis_distance_in_x_y 179.89377121551735
dist_from_measurement_to_model 4775.687479908277
measurement_mahalonobis_distance 153.37830689938394
measurement_mahalonobis_distance_in_x_y 45.92402470434618
dist_from_measurement_to_model 4624.514237756498
measurement_mahalonobis_distance 310.6153716769704
measurement_mahalonobis_distance_in_x_y 15.174003033527843
dist_from_measurement_to_model 2156.8241342616448
measurement_mahalonobis_distance 0.7387038468205848
measurement_mahalonobis_distance_in_x_y 7.3425329535710615
ransac prediction [array([ 4551.52407539,  2975.37726269, 56315.96155803]), array([ 3583.63244903,  9664.80462411, 17617.32728813]), array([10626.05492893,  5414.58393528, 88927.50028181]), array([ 8479.25649021, 11728.41185786, 18733.91150214])]
covariance [array([[ 2.37056217e+02,  4.40238832e+01, -2.00987151e+03],
       [ 4.40238832e+01,  3.03284980e+02,  3.22661437e+04],
       [-2.00987151e+03,  3.22661437e+04,  4.63492308e+12]]), array([[ 8.52506269e+03, -6.65104018e+03, -7.36630530e+04],
       [-6.65104018e+03,  8.49244217e+03,  7.45421421e+04],
       [-7.36630530e+04,  7.45421421e+04,  1.21255459e+15]]), array([[ 2.91881137e+04, -2.31139877e+04,  1.35584257e+06],
       [-2.31139877e+04,  2.40712188e+04, -1.21996478e+06],
       [ 1.35584257e+06, -1.21996478e+06,  2.78143105e+15]]), array([[2.41991687e+03, 8.29039051e+03, 7.21211303e+04],
       [8.29039051e+03, 5.95950109e+04, 5.11372527e+05],
       [7.21211303e+04, 5.11372527e+05, 3.41499358e+14]])]
group lists [array([ 0,  1,  2,  3,  4,  5,  6,  7,  8,  9, 10, 11, 12, 13, 14, 15, 16,
       17, 18, 19, 20, 21, 22, 23, 24, 25, 26, 27, 28, 29, 30, 32, 34, 36,
       37, 40, 42, 45, 52, 55, 60]), array([31, 33, 35, 38, 39, 41, 44, 47, 50, 51, 54, 57, 62, 65, 68, 70, 73,
       76, 81, 84, 87, 88, 91, 93]), array([43, 46, 48, 53, 56, 59, 64, 67, 69, 72, 74, 77, 80, 83, 85, 90, 92]), array([58, 61, 63, 66, 71, 75, 78, 79, 82, 86, 89, 94])]
outliers [49]

adding measurement: 95 from agent 0
measurement: 95
truth group lists [[58, 61, 63, 66, 71, 75, 78, 79, 82, 86, 89, 94], [], [], [], [0, 1, 2, 3, 4, 5, 6, 7, 8, 9, 10, 11, 12, 13, 14, 15, 16, 17, 18, 19, 20, 21, 22, 23, 24, 25, 26, 27, 28, 29, 30, 32, 34, 36, 37, 40, 42, 45, 49, 52, 55, 60], [], [31, 33, 35, 38, 39, 41, 44, 47, 50, 51, 54, 57, 62, 65, 68, 70, 73, 76, 81, 84, 87, 88, 91, 93], [43, 46, 48, 53, 56, 59, 64, 67, 69, 72, 74, 77, 80, 83, 85, 90, 92, 95], [], [], [], [], []]
dist_from_measurement_to_model 7565.322049234738
measurement_mahalonobis_distance 503.41873037511635
measurement_mahalonobis_distance_in_x_y 373.8951486876305
dist_from_measurement_to_model 4759.207370292214
measurement_mahalonobis_distance 225.37305948506673
measurement_mahalonobis_distance_in_x_y 74.13048263764811
dist_from_measurement_to_model 4701.557698983413
measurement_mahalonobis_distance 0.09892661063916465
measurement_mahalonobis_distance_in_x_y 2.0952713339907403
dist_from_measurement_to_model 2209.4072694680813
measurement_mahalonobis_distance 376.8965825469657
measurement_mahalonobis_distance_in_x_y 7.755494005745466
ransac prediction [array([ 4551.52407539,  2975.37726269, 56315.96155803]), array([ 3583.63244903,  9664.80462411, 17617.32728813]), array([10583.38592115,  5439.99267192, 87418.1369999 ]), array([ 8479.25649021, 11728.41185786, 18733.91150214])]
covariance [array([[ 2.37056217e+02,  4.40238832e+01, -2.00987151e+03],
       [ 4.40238832e+01,  3.03284980e+02,  3.22661437e+04],
       [-2.00987151e+03,  3.22661437e+04,  4.63492308e+12]]), array([[ 8.52506269e+03, -6.65104018e+03, -7.36630530e+04],
       [-6.65104018e+03,  8.49244217e+03,  7.45421421e+04],
       [-7.36630530e+04,  7.45421421e+04,  1.21255459e+15]]), array([[ 2.62333198e+04, -2.13544535e+04,  1.23174053e+06],
       [-2.13544535e+04,  2.30234433e+04, -1.14723339e+06],
       [ 1.23174053e+06, -1.14723339e+06,  2.68457320e+15]]), array([[2.41991687e+03, 8.29039051e+03, 7.21211303e+04],
       [8.29039051e+03, 5.95950109e+04, 5.11372527e+05],
       [7.21211303e+04, 5.11372527e+05, 3.41499358e+14]])]
group lists [array([ 0,  1,  2,  3,  4,  5,  6,  7,  8,  9, 10, 11, 12, 13, 14, 15, 16,
       17, 18, 19, 20, 21, 22, 23, 24, 25, 26, 27, 28, 29, 30, 32, 34, 36,
       37, 40, 42, 45, 52, 55, 60]), array([31, 33, 35, 38, 39, 41, 44, 47, 50, 51, 54, 57, 62, 65, 68, 70, 73,
       76, 81, 84, 87, 88, 91, 93]), array([43, 46, 48, 53, 56, 59, 64, 67, 69, 72, 74, 77, 80, 83, 85, 90, 92,
       95]), array([58, 61, 63, 66, 71, 75, 78, 79, 82, 86, 89, 94])]
outliers [49]

adding measurement: 96 from agent 0
measurement: 96
truth group lists [[58, 61, 63, 66, 71, 75, 78, 79, 82, 86, 89, 94], [], [], [], [0, 1, 2, 3, 4, 5, 6, 7, 8, 9, 10, 11, 12, 13, 14, 15, 16, 17, 18, 19, 20, 21, 22, 23, 24, 25, 26, 27, 28, 29, 30, 32, 34, 36, 37, 40, 42, 45, 49, 52, 55, 60], [], [31, 33, 35, 38, 39, 41, 44, 47, 50, 51, 54, 57, 62, 65, 68, 70, 73, 76, 81, 84, 87, 88, 91, 93, 96], [43, 46, 48, 53, 56, 59, 64, 67, 69, 72, 74, 77, 80, 83, 85, 90, 92, 95], [], [], [], [], []]
dist_from_measurement_to_model 7683.328414886081
measurement_mahalonobis_distance 511.65691147710464
measurement_mahalonobis_distance_in_x_y 372.50094122209487
dist_from_measurement_to_model 4732.21108395483
measurement_mahalonobis_distance 0.24001456401221122
measurement_mahalonobis_distance_in_x_y 3.3324719949414265
dist_from_measurement_to_model 4802.448523412969
measurement_mahalonobis_distance 216.65317480146246
measurement_mahalonobis_distance_in_x_y 27.161489716301833
dist_from_measurement_to_model 2061.5006112660785
measurement_mahalonobis_distance 159.1955788715233
measurement_mahalonobis_distance_in_x_y 8.453196647688648
ransac prediction [array([ 4551.52407539,  2975.37726269, 56315.96155803]), array([ 3614.50506593,  9625.42024964, 17280.15719506]), array([10583.38592115,  5439.99267192, 87418.1369999 ]), array([ 8479.25649021, 11728.41185786, 18733.91150214])]
covariance [array([[ 2.37056217e+02,  4.40238832e+01, -2.00987151e+03],
       [ 4.40238832e+01,  3.03284980e+02,  3.22661437e+04],
       [-2.00987151e+03,  3.22661437e+04,  4.63492308e+12]]), array([[ 7.88935909e+03, -5.84006945e+03, -6.64232071e+04],
       [-5.84006945e+03,  7.45788216e+03,  6.51247462e+04],
       [-6.64232071e+04,  6.51247462e+04,  1.19425256e+15]]), array([[ 2.62333198e+04, -2.13544535e+04,  1.23174053e+06],
       [-2.13544535e+04,  2.30234433e+04, -1.14723339e+06],
       [ 1.23174053e+06, -1.14723339e+06,  2.68457320e+15]]), array([[2.41991687e+03, 8.29039051e+03, 7.21211303e+04],
       [8.29039051e+03, 5.95950109e+04, 5.11372527e+05],
       [7.21211303e+04, 5.11372527e+05, 3.41499358e+14]])]
group lists [array([ 0,  1,  2,  3,  4,  5,  6,  7,  8,  9, 10, 11, 12, 13, 14, 15, 16,
       17, 18, 19, 20, 21, 22, 23, 24, 25, 26, 27, 28, 29, 30, 32, 34, 36,
       37, 40, 42, 45, 52, 55, 60]), array([31, 33, 35, 38, 39, 41, 44, 47, 50, 51, 54, 57, 62, 65, 68, 70, 73,
       76, 81, 84, 87, 88, 91, 93, 96]), array([43, 46, 48, 53, 56, 59, 64, 67, 69, 72, 74, 77, 80, 83, 85, 90, 92,
       95]), array([58, 61, 63, 66, 71, 75, 78, 79, 82, 86, 89, 94])]
outliers [49]

adding measurement: 97 from agent 0
measurement: 97
truth group lists [[58, 61, 63, 66, 71, 75, 78, 79, 82, 86, 89, 94], [], [], [], [0, 1, 2, 3, 4, 5, 6, 7, 8, 9, 10, 11, 12, 13, 14, 15, 16, 17, 18, 19, 20, 21, 22, 23, 24, 25, 26, 27, 28, 29, 30, 32, 34, 36, 37, 40, 42, 45, 49, 52, 55, 60], [], [31, 33, 35, 38, 39, 41, 44, 47, 50, 51, 54, 57, 62, 65, 68, 70, 73, 76, 81, 84, 87, 88, 91, 93, 96], [43, 46, 48, 53, 56, 59, 64, 67, 69, 72, 74, 77, 80, 83, 85, 90, 92, 95, 97], [], [], [], [], []]
dist_from_measurement_to_model 7710.730258841455
measurement_mahalonobis_distance 557.4835024797666
measurement_mahalonobis_distance_in_x_y 387.20377893613363
dist_from_measurement_to_model 4696.3107067934025
measurement_mahalonobis_distance 230.77144913658745
measurement_mahalonobis_distance_in_x_y 78.57993127948443
dist_from_measurement_to_model 4835.698504289391
measurement_mahalonobis_distance 0.054069874978518645
measurement_mahalonobis_distance_in_x_y 1.815614008878647
dist_from_measurement_to_model 2027.4564255633848
measurement_mahalonobis_distance 344.02354654867366
measurement_mahalonobis_distance_in_x_y 7.478318353219332
ransac prediction [array([ 4551.52407539,  2975.37726269, 56315.96155803]), array([ 3614.50506593,  9625.42024964, 17280.15719506]), array([10611.10251375,  5423.03468131, 88780.09724599]), array([ 8479.25649021, 11728.41185786, 18733.91150214])]
covariance [array([[ 2.37056217e+02,  4.40238832e+01, -2.00987151e+03],
       [ 4.40238832e+01,  3.03284980e+02,  3.22661437e+04],
       [-2.00987151e+03,  3.22661437e+04,  4.63492308e+12]]), array([[ 7.88935909e+03, -5.84006945e+03, -6.64232071e+04],
       [-5.84006945e+03,  7.45788216e+03,  6.51247462e+04],
       [-6.64232071e+04,  6.51247462e+04,  1.19425256e+15]]), array([[ 2.38414902e+04, -1.98910476e+04,  1.12905922e+06],
       [-1.98910476e+04,  2.21280799e+04, -1.08484122e+06],
       [ 1.12905922e+06, -1.08484122e+06,  2.60355846e+15]]), array([[2.41991687e+03, 8.29039051e+03, 7.21211303e+04],
       [8.29039051e+03, 5.95950109e+04, 5.11372527e+05],
       [7.21211303e+04, 5.11372527e+05, 3.41499358e+14]])]
group lists [array([ 0,  1,  2,  3,  4,  5,  6,  7,  8,  9, 10, 11, 12, 13, 14, 15, 16,
       17, 18, 19, 20, 21, 22, 23, 24, 25, 26, 27, 28, 29, 30, 32, 34, 36,
       37, 40, 42, 45, 52, 55, 60]), array([31, 33, 35, 38, 39, 41, 44, 47, 50, 51, 54, 57, 62, 65, 68, 70, 73,
       76, 81, 84, 87, 88, 91, 93, 96]), array([43, 46, 48, 53, 56, 59, 64, 67, 69, 72, 74, 77, 80, 83, 85, 90, 92,
       95, 97]), array([58, 61, 63, 66, 71, 75, 78, 79, 82, 86, 89, 94])]
outliers [49]

adding measurement: 98 from agent 0
measurement: 98
truth group lists [[58, 61, 63, 66, 71, 75, 78, 79, 82, 86, 89, 94, 98], [], [], [], [0, 1, 2, 3, 4, 5, 6, 7, 8, 9, 10, 11, 12, 13, 14, 15, 16, 17, 18, 19, 20, 21, 22, 23, 24, 25, 26, 27, 28, 29, 30, 32, 34, 36, 37, 40, 42, 45, 49, 52, 55, 60], [], [31, 33, 35, 38, 39, 41, 44, 47, 50, 51, 54, 57, 62, 65, 68, 70, 73, 76, 81, 84, 87, 88, 91, 93, 96], [43, 46, 48, 53, 56, 59, 64, 67, 69, 72, 74, 77, 80, 83, 85, 90, 92, 95, 97], [], [], [], [], []]
dist_from_measurement_to_model 7802.515115879286
measurement_mahalonobis_distance 4370.509934995281
measurement_mahalonobis_distance_in_x_y 142.42247411399313
dist_from_measurement_to_model 4680.620076643716
measurement_mahalonobis_distance 177.31300826282444
measurement_mahalonobis_distance_in_x_y 44.25420452044293
dist_from_measurement_to_model 4974.616155629208
measurement_mahalonobis_distance 350.12978730062065
measurement_mahalonobis_distance_in_x_y 18.0154509274952
dist_from_measurement_to_model 1914.2512589112355
measurement_mahalonobis_distance 0.8315125885607794
measurement_mahalonobis_distance_in_x_y 5.922328197448374
ransac prediction [array([ 4551.52407539,  2975.37726269, 56315.96155803]), array([ 3614.50506593,  9625.42024964, 17280.15719506]), array([10611.10251375,  5423.03468131, 88780.09724599]), array([ 8513.05233831, 11779.0718257 , 19662.6525302 ])]
covariance [array([[ 2.37056217e+02,  4.40238832e+01, -2.00987151e+03],
       [ 4.40238832e+01,  3.03284980e+02,  3.22661437e+04],
       [-2.00987151e+03,  3.22661437e+04,  4.63492308e+12]]), array([[ 7.88935909e+03, -5.84006945e+03, -6.64232071e+04],
       [-5.84006945e+03,  7.45788216e+03,  6.51247462e+04],
       [-6.64232071e+04,  6.51247462e+04,  1.19425256e+15]]), array([[ 2.38414902e+04, -1.98910476e+04,  1.12905922e+06],
       [-1.98910476e+04,  2.21280799e+04, -1.08484122e+06],
       [ 1.12905922e+06, -1.08484122e+06,  2.60355846e+15]]), array([[2.19735694e+03, 7.95677321e+03, 8.16282473e+04],
       [7.95677321e+03, 5.90949185e+04, 5.98427807e+05],
       [8.16282473e+04, 5.98427807e+05, 2.94092950e+14]])]
group lists [array([ 0,  1,  2,  3,  4,  5,  6,  7,  8,  9, 10, 11, 12, 13, 14, 15, 16,
       17, 18, 19, 20, 21, 22, 23, 24, 25, 26, 27, 28, 29, 30, 32, 34, 36,
       37, 40, 42, 45, 52, 55, 60]), array([31, 33, 35, 38, 39, 41, 44, 47, 50, 51, 54, 57, 62, 65, 68, 70, 73,
       76, 81, 84, 87, 88, 91, 93, 96]), array([43, 46, 48, 53, 56, 59, 64, 67, 69, 72, 74, 77, 80, 83, 85, 90, 92,
       95, 97]), array([58, 61, 63, 66, 71, 75, 78, 79, 82, 86, 89, 94, 98])]
outliers [49]

adding measurement: 99 from agent 0
measurement: 99
truth group lists [[58, 61, 63, 66, 71, 75, 78, 79, 82, 86, 89, 94, 98], [], [], [], [0, 1, 2, 3, 4, 5, 6, 7, 8, 9, 10, 11, 12, 13, 14, 15, 16, 17, 18, 19, 20, 21, 22, 23, 24, 25, 26, 27, 28, 29, 30, 32, 34, 36, 37, 40, 42, 45, 49, 52, 55, 60], [], [31, 33, 35, 38, 39, 41, 44, 47, 50, 51, 54, 57, 62, 65, 68, 70, 73, 76, 81, 84, 87, 88, 91, 93, 96, 99], [43, 46, 48, 53, 56, 59, 64, 67, 69, 72, 74, 77, 80, 83, 85, 90, 92, 95, 97], [], [], [], [], []]
dist_from_measurement_to_model 7867.16268733365
measurement_mahalonobis_distance 586.6080141883392
measurement_mahalonobis_distance_in_x_y 392.76159256068223
dist_from_measurement_to_model 4671.349188844234
measurement_mahalonobis_distance 0.041028159234276704
measurement_mahalonobis_distance_in_x_y 1.4868806636220941
dist_from_measurement_to_model 5052.404917994414
measurement_mahalonobis_distance 243.15792978646834
measurement_mahalonobis_distance_in_x_y 29.771225926073466
dist_from_measurement_to_model 1889.566445707341
measurement_mahalonobis_distance 168.97114777695572
measurement_mahalonobis_distance_in_x_y 7.714484152445929
ransac prediction [array([ 4551.52407539,  2975.37726269, 56315.96155803]), array([ 3602.31183648,  9640.50207478, 17421.52733129]), array([10611.10251375,  5423.03468131, 88780.09724599]), array([ 8513.05233831, 11779.0718257 , 19662.6525302 ])]
covariance [array([[ 2.37056217e+02,  4.40238832e+01, -2.00987151e+03],
       [ 4.40238832e+01,  3.03284980e+02,  3.22661437e+04],
       [-2.00987151e+03,  3.22661437e+04,  4.63492308e+12]]), array([[ 7.30541022e+03, -5.11778215e+03, -5.99001355e+04],
       [-5.11778215e+03,  6.56448383e+03,  5.68684810e+04],
       [-5.99001355e+04,  5.68684810e+04,  1.17556588e+15]]), array([[ 2.38414902e+04, -1.98910476e+04,  1.12905922e+06],
       [-1.98910476e+04,  2.21280799e+04, -1.08484122e+06],
       [ 1.12905922e+06, -1.08484122e+06,  2.60355846e+15]]), array([[2.19735694e+03, 7.95677321e+03, 8.16282473e+04],
       [7.95677321e+03, 5.90949185e+04, 5.98427807e+05],
       [8.16282473e+04, 5.98427807e+05, 2.94092950e+14]])]
group lists [array([ 0,  1,  2,  3,  4,  5,  6,  7,  8,  9, 10, 11, 12, 13, 14, 15, 16,
       17, 18, 19, 20, 21, 22, 23, 24, 25, 26, 27, 28, 29, 30, 32, 34, 36,
       37, 40, 42, 45, 52, 55, 60]), array([31, 33, 35, 38, 39, 41, 44, 47, 50, 51, 54, 57, 62, 65, 68, 70, 73,
       76, 81, 84, 87, 88, 91, 93, 96, 99]), array([43, 46, 48, 53, 56, 59, 64, 67, 69, 72, 74, 77, 80, 83, 85, 90, 92,
       95, 97]), array([58, 61, 63, 66, 71, 75, 78, 79, 82, 86, 89, 94, 98])]
outliers [49]

adding measurement: 100 from agent 0
measurement: 100
truth group lists [[58, 61, 63, 66, 71, 75, 78, 79, 82, 86, 89, 94, 98, 100], [], [], [], [0, 1, 2, 3, 4, 5, 6, 7, 8, 9, 10, 11, 12, 13, 14, 15, 16, 17, 18, 19, 20, 21, 22, 23, 24, 25, 26, 27, 28, 29, 30, 32, 34, 36, 37, 40, 42, 45, 49, 52, 55, 60], [], [31, 33, 35, 38, 39, 41, 44, 47, 50, 51, 54, 57, 62, 65, 68, 70, 73, 76, 81, 84, 87, 88, 91, 93, 96, 99], [43, 46, 48, 53, 56, 59, 64, 67, 69, 72, 74, 77, 80, 83, 85, 90, 92, 95, 97], [], [], [], [], []]
dist_from_measurement_to_model 7950.748265782102
measurement_mahalonobis_distance 4671.175092005336
measurement_mahalonobis_distance_in_x_y 109.98214555554132
dist_from_measurement_to_model 4672.45858834944
measurement_mahalonobis_distance 202.45529370774628
measurement_mahalonobis_distance_in_x_y 43.84772578156794
dist_from_measurement_to_model 5152.606266232009
measurement_mahalonobis_distance 343.2767289167298
measurement_mahalonobis_distance_in_x_y 19.038702843192734
dist_from_measurement_to_model 1788.8986518660115
measurement_mahalonobis_distance 1.0159258254678785
measurement_mahalonobis_distance_in_x_y 5.107684261054747
ransac prediction [array([ 4551.52407539,  2975.37726269, 56315.96155803]), array([ 3602.31183648,  9640.50207478, 17421.52733129]), array([10611.10251375,  5423.03468131, 88780.09724599]), array([ 8539.21150361, 11767.29963874, 20134.49846019])]
covariance [array([[ 2.37056217e+02,  4.40238832e+01, -2.00987151e+03],
       [ 4.40238832e+01,  3.03284980e+02,  3.22661437e+04],
       [-2.00987151e+03,  3.22661437e+04,  4.63492308e+12]]), array([[ 7.30541022e+03, -5.11778215e+03, -5.99001355e+04],
       [-5.11778215e+03,  6.56448383e+03,  5.68684810e+04],
       [-5.99001355e+04,  5.68684810e+04,  1.17556588e+15]]), array([[ 2.38414902e+04, -1.98910476e+04,  1.12905922e+06],
       [-1.98910476e+04,  2.21280799e+04, -1.08484122e+06],
       [ 1.12905922e+06, -1.08484122e+06,  2.60355846e+15]]), array([[2.08555452e+03, 8.00708666e+03, 9.72258479e+04],
       [8.00708666e+03, 5.90722761e+04, 7.07913141e+05],
       [9.72258479e+04, 7.07913141e+05, 2.48807082e+14]])]
group lists [array([ 0,  1,  2,  3,  4,  5,  6,  7,  8,  9, 10, 11, 12, 13, 14, 15, 16,
       17, 18, 19, 20, 21, 22, 23, 24, 25, 26, 27, 28, 29, 30, 32, 34, 36,
       37, 40, 42, 45, 52, 55, 60]), array([31, 33, 35, 38, 39, 41, 44, 47, 50, 51, 54, 57, 62, 65, 68, 70, 73,
       76, 81, 84, 87, 88, 91, 93, 96, 99]), array([43, 46, 48, 53, 56, 59, 64, 67, 69, 72, 74, 77, 80, 83, 85, 90, 92,
       95, 97]), array([ 58,  61,  63,  66,  71,  75,  78,  79,  82,  86,  89,  94,  98,
       100])]
outliers [49]

adding measurement: 101 from agent 0
measurement: 101
truth group lists [[58, 61, 63, 66, 71, 75, 78, 79, 82, 86, 89, 94, 98, 100], [], [], [], [0, 1, 2, 3, 4, 5, 6, 7, 8, 9, 10, 11, 12, 13, 14, 15, 16, 17, 18, 19, 20, 21, 22, 23, 24, 25, 26, 27, 28, 29, 30, 32, 34, 36, 37, 40, 42, 45, 49, 52, 55, 60], [], [31, 33, 35, 38, 39, 41, 44, 47, 50, 51, 54, 57, 62, 65, 68, 70, 73, 76, 81, 84, 87, 88, 91, 93, 96, 99, 101], [43, 46, 48, 53, 56, 59, 64, 67, 69, 72, 74, 77, 80, 83, 85, 90, 92, 95, 97], [], [], [], [], []]
dist_from_measurement_to_model 8062.987034278636
measurement_mahalonobis_distance 485.4057406351514
measurement_mahalonobis_distance_in_x_y 383.4966476909163
dist_from_measurement_to_model 4662.540043072033
measurement_mahalonobis_distance 0.12070929316612174
measurement_mahalonobis_distance_in_x_y 2.4578386395029934
dist_from_measurement_to_model 5286.516381709145
measurement_mahalonobis_distance 215.27133953838205
measurement_mahalonobis_distance_in_x_y 29.93909586285358
dist_from_measurement_to_model 1648.554592955276
measurement_mahalonobis_distance 180.47464662654122
measurement_mahalonobis_distance_in_x_y 6.612154540138653
ransac prediction [array([ 4551.52407539,  2975.37726269, 56315.96155803]), array([ 3621.72248351,  9617.12818731, 17222.28804747]), array([10611.10251375,  5423.03468131, 88780.09724599]), array([ 8539.21150361, 11767.29963874, 20134.49846019])]
covariance [array([[ 2.37056217e+02,  4.40238832e+01, -2.00987151e+03],
       [ 4.40238832e+01,  3.03284980e+02,  3.22661437e+04],
       [-2.00987151e+03,  3.22661437e+04,  4.63492308e+12]]), array([[ 6.79140421e+03, -4.49882707e+03, -5.42726443e+04],
       [-4.49882707e+03,  5.81915132e+03,  4.98995722e+04],
       [-5.42726443e+04,  4.98995722e+04,  1.15731985e+15]]), array([[ 2.38414902e+04, -1.98910476e+04,  1.12905922e+06],
       [-1.98910476e+04,  2.21280799e+04, -1.08484122e+06],
       [ 1.12905922e+06, -1.08484122e+06,  2.60355846e+15]]), array([[2.08555452e+03, 8.00708666e+03, 9.72258479e+04],
       [8.00708666e+03, 5.90722761e+04, 7.07913141e+05],
       [9.72258479e+04, 7.07913141e+05, 2.48807082e+14]])]
group lists [array([ 0,  1,  2,  3,  4,  5,  6,  7,  8,  9, 10, 11, 12, 13, 14, 15, 16,
       17, 18, 19, 20, 21, 22, 23, 24, 25, 26, 27, 28, 29, 30, 32, 34, 36,
       37, 40, 42, 45, 52, 55, 60]), array([ 31,  33,  35,  38,  39,  41,  44,  47,  50,  51,  54,  57,  62,
        65,  68,  70,  73,  76,  81,  84,  87,  88,  91,  93,  96,  99,
       101]), array([43, 46, 48, 53, 56, 59, 64, 67, 69, 72, 74, 77, 80, 83, 85, 90, 92,
       95, 97]), array([ 58,  61,  63,  66,  71,  75,  78,  79,  82,  86,  89,  94,  98,
       100])]
outliers [49]

adding measurement: 102 from agent 0
measurement: 102
truth group lists [[58, 61, 63, 66, 71, 75, 78, 79, 82, 86, 89, 94, 98, 100], [], [], [], [0, 1, 2, 3, 4, 5, 6, 7, 8, 9, 10, 11, 12, 13, 14, 15, 16, 17, 18, 19, 20, 21, 22, 23, 24, 25, 26, 27, 28, 29, 30, 32, 34, 36, 37, 40, 42, 45, 49, 52, 55, 60], [], [31, 33, 35, 38, 39, 41, 44, 47, 50, 51, 54, 57, 62, 65, 68, 70, 73, 76, 81, 84, 87, 88, 91, 93, 96, 99, 101, 102], [43, 46, 48, 53, 56, 59, 64, 67, 69, 72, 74, 77, 80, 83, 85, 90, 92, 95, 97], [], [], [], [], []]
dist_from_measurement_to_model 8251.967809566197
measurement_mahalonobis_distance 617.8413820209712
measurement_mahalonobis_distance_in_x_y 414.63744934521907
dist_from_measurement_to_model 4639.989107102931
measurement_mahalonobis_distance 0.538046502768579
measurement_mahalonobis_distance_in_x_y 5.760318193235126
dist_from_measurement_to_model 5510.417883687084
measurement_mahalonobis_distance 238.54030438625202
measurement_mahalonobis_distance_in_x_y 32.444601667439315
dist_from_measurement_to_model 1430.8667045765567
measurement_mahalonobis_distance 125.54072258615254
measurement_mahalonobis_distance_in_x_y 5.677060544469846
ransac prediction [array([ 4551.52407539,  2975.37726269, 56315.96155803]), array([ 3583.06910297,  9662.23528041, 17632.86547487]), array([10611.10251375,  5423.03468131, 88780.09724599]), array([ 8539.21150361, 11767.29963874, 20134.49846019])]
covariance [array([[ 2.37056217e+02,  4.40238832e+01, -2.00987151e+03],
       [ 4.40238832e+01,  3.03284980e+02,  3.22661437e+04],
       [-2.00987151e+03,  3.22661437e+04,  4.63492308e+12]]), array([[ 6.32682946e+03, -3.95668518e+03, -4.92855842e+04],
       [-3.95668518e+03,  5.18649140e+03,  4.38874563e+04],
       [-4.92855842e+04,  4.38874563e+04,  1.13929057e+15]]), array([[ 2.38414902e+04, -1.98910476e+04,  1.12905922e+06],
       [-1.98910476e+04,  2.21280799e+04, -1.08484122e+06],
       [ 1.12905922e+06, -1.08484122e+06,  2.60355846e+15]]), array([[2.08555452e+03, 8.00708666e+03, 9.72258479e+04],
       [8.00708666e+03, 5.90722761e+04, 7.07913141e+05],
       [9.72258479e+04, 7.07913141e+05, 2.48807082e+14]])]
group lists [array([ 0,  1,  2,  3,  4,  5,  6,  7,  8,  9, 10, 11, 12, 13, 14, 15, 16,
       17, 18, 19, 20, 21, 22, 23, 24, 25, 26, 27, 28, 29, 30, 32, 34, 36,
       37, 40, 42, 45, 52, 55, 60]), array([ 31,  33,  35,  38,  39,  41,  44,  47,  50,  51,  54,  57,  62,
        65,  68,  70,  73,  76,  81,  84,  87,  88,  91,  93,  96,  99,
       101, 102]), array([43, 46, 48, 53, 56, 59, 64, 67, 69, 72, 74, 77, 80, 83, 85, 90, 92,
       95, 97]), array([ 58,  61,  63,  66,  71,  75,  78,  79,  82,  86,  89,  94,  98,
       100])]
outliers [49]

adding measurement: 103 from agent 0
measurement: 103
truth group lists [[58, 61, 63, 66, 71, 75, 78, 79, 82, 86, 89, 94, 98, 100, 103], [], [], [], [0, 1, 2, 3, 4, 5, 6, 7, 8, 9, 10, 11, 12, 13, 14, 15, 16, 17, 18, 19, 20, 21, 22, 23, 24, 25, 26, 27, 28, 29, 30, 32, 34, 36, 37, 40, 42, 45, 49, 52, 55, 60], [], [31, 33, 35, 38, 39, 41, 44, 47, 50, 51, 54, 57, 62, 65, 68, 70, 73, 76, 81, 84, 87, 88, 91, 93, 96, 99, 101, 102], [43, 46, 48, 53, 56, 59, 64, 67, 69, 72, 74, 77, 80, 83, 85, 90, 92, 95, 97], [], [], [], [], []]
dist_from_measurement_to_model 8261.477353408123
measurement_mahalonobis_distance 5034.21716808711
measurement_mahalonobis_distance_in_x_y 84.8410319476837
dist_from_measurement_to_model 4670.89411359791
measurement_mahalonobis_distance 240.48237153493648
measurement_mahalonobis_distance_in_x_y 45.39900264059169
dist_from_measurement_to_model 5521.634942007432
measurement_mahalonobis_distance 353.78198881435094
measurement_mahalonobis_distance_in_x_y 20.253711241962844
dist_from_measurement_to_model 1420.1185092383553
measurement_mahalonobis_distance 0.13250282060922178
measurement_mahalonobis_distance_in_x_y 1.7018276452961758
ransac prediction [array([ 4551.52407539,  2975.37726269, 56315.96155803]), array([ 3583.06910297,  9662.23528041, 17632.86547487]), array([10611.10251375,  5423.03468131, 88780.09724599]), array([ 8540.36897919, 11688.6234325 , 20212.22954938])]
covariance [array([[ 2.37056217e+02,  4.40238832e+01, -2.00987151e+03],
       [ 4.40238832e+01,  3.03284980e+02,  3.22661437e+04],
       [-2.00987151e+03,  3.22661437e+04,  4.63492308e+12]]), array([[ 6.32682946e+03, -3.95668518e+03, -4.92855842e+04],
       [-3.95668518e+03,  5.18649140e+03,  4.38874563e+04],
       [-4.92855842e+04,  4.38874563e+04,  1.13929057e+15]]), array([[ 2.38414902e+04, -1.98910476e+04,  1.12905922e+06],
       [-1.98910476e+04,  2.21280799e+04, -1.08484122e+06],
       [ 1.12905922e+06, -1.08484122e+06,  2.60355846e+15]]), array([[2.08429590e+03, 8.09263617e+03, 1.36992633e+05],
       [8.09263617e+03, 5.32572770e+04, 8.85661349e+05],
       [1.36992633e+05, 8.85661349e+05, 1.79291480e+14]])]
group lists [array([ 0,  1,  2,  3,  4,  5,  6,  7,  8,  9, 10, 11, 12, 13, 14, 15, 16,
       17, 18, 19, 20, 21, 22, 23, 24, 25, 26, 27, 28, 29, 30, 32, 34, 36,
       37, 40, 42, 45, 52, 55, 60]), array([ 31,  33,  35,  38,  39,  41,  44,  47,  50,  51,  54,  57,  62,
        65,  68,  70,  73,  76,  81,  84,  87,  88,  91,  93,  96,  99,
       101, 102]), array([43, 46, 48, 53, 56, 59, 64, 67, 69, 72, 74, 77, 80, 83, 85, 90, 92,
       95, 97]), array([ 58,  61,  63,  66,  71,  75,  78,  79,  82,  86,  89,  94,  98,
       100, 103])]
outliers [49]

adding measurement: 104 from agent 0
measurement: 104
truth group lists [[58, 61, 63, 66, 71, 75, 78, 79, 82, 86, 89, 94, 98, 100, 103, 104], [], [], [], [0, 1, 2, 3, 4, 5, 6, 7, 8, 9, 10, 11, 12, 13, 14, 15, 16, 17, 18, 19, 20, 21, 22, 23, 24, 25, 26, 27, 28, 29, 30, 32, 34, 36, 37, 40, 42, 45, 49, 52, 55, 60], [], [31, 33, 35, 38, 39, 41, 44, 47, 50, 51, 54, 57, 62, 65, 68, 70, 73, 76, 81, 84, 87, 88, 91, 93, 96, 99, 101, 102], [43, 46, 48, 53, 56, 59, 64, 67, 69, 72, 74, 77, 80, 83, 85, 90, 92, 95, 97], [], [], [], [], []]
dist_from_measurement_to_model 8414.380989295172
measurement_mahalonobis_distance 5144.758563418239
measurement_mahalonobis_distance_in_x_y 83.43758636238468
dist_from_measurement_to_model 4673.10487655544
measurement_mahalonobis_distance 242.46954564725013
measurement_mahalonobis_distance_in_x_y 44.788764447229184
dist_from_measurement_to_model 5701.371886819967
measurement_mahalonobis_distance 364.93479284452104
measurement_mahalonobis_distance_in_x_y 20.604487263269984
dist_from_measurement_to_model 1175.9760617376876
measurement_mahalonobis_distance 0.016941681735948025
measurement_mahalonobis_distance_in_x_y 0.7078121748723577
ransac prediction [array([ 4551.52407539,  2975.37726269, 56315.96155803]), array([ 3583.06910297,  9662.23528041, 17632.86547487]), array([10611.10251375,  5423.03468131, 88780.09724599]), array([ 8543.38614198, 11735.41713451, 22333.39687148])]
covariance [array([[ 2.37056217e+02,  4.40238832e+01, -2.00987151e+03],
       [ 4.40238832e+01,  3.03284980e+02,  3.22661437e+04],
       [-2.00987151e+03,  3.22661437e+04,  4.63492308e+12]]), array([[ 6.32682946e+03, -3.95668518e+03, -4.92855842e+04],
       [-3.95668518e+03,  5.18649140e+03,  4.38874563e+04],
       [-4.92855842e+04,  4.38874563e+04,  1.13929057e+15]]), array([[ 2.38414902e+04, -1.98910476e+04,  1.12905922e+06],
       [-1.98910476e+04,  2.21280799e+04, -1.08484122e+06],
       [ 1.12905922e+06, -1.08484122e+06,  2.60355846e+15]]), array([[2.02649238e+03, 7.19615193e+03, 1.72390288e+05],
       [7.19615193e+03, 3.93535522e+04, 9.20033659e+05],
       [1.72390288e+05, 9.20033659e+05, 1.12465705e+14]])]
group lists [array([ 0,  1,  2,  3,  4,  5,  6,  7,  8,  9, 10, 11, 12, 13, 14, 15, 16,
       17, 18, 19, 20, 21, 22, 23, 24, 25, 26, 27, 28, 29, 30, 32, 34, 36,
       37, 40, 42, 45, 52, 55, 60]), array([ 31,  33,  35,  38,  39,  41,  44,  47,  50,  51,  54,  57,  62,
        65,  68,  70,  73,  76,  81,  84,  87,  88,  91,  93,  96,  99,
       101, 102]), array([43, 46, 48, 53, 56, 59, 64, 67, 69, 72, 74, 77, 80, 83, 85, 90, 92,
       95, 97]), array([ 58,  61,  63,  66,  71,  75,  78,  79,  82,  86,  89,  94,  98,
       100, 103, 104])]
outliers [49]

adding measurement: 105 from agent 0
measurement: 105
truth group lists [[58, 61, 63, 66, 71, 75, 78, 79, 82, 86, 89, 94, 98, 100, 103, 104], [], [], [], [0, 1, 2, 3, 4, 5, 6, 7, 8, 9, 10, 11, 12, 13, 14, 15, 16, 17, 18, 19, 20, 21, 22, 23, 24, 25, 26, 27, 28, 29, 30, 32, 34, 36, 37, 40, 42, 45, 49, 52, 55, 60], [], [31, 33, 35, 38, 39, 41, 44, 47, 50, 51, 54, 57, 62, 65, 68, 70, 73, 76, 81, 84, 87, 88, 91, 93, 96, 99, 101, 102], [43, 46, 48, 53, 56, 59, 64, 67, 69, 72, 74, 77, 80, 83, 85, 90, 92, 95, 97], [], [], [], [], [105]]
dist_from_measurement_to_model 8607.416421213913
measurement_mahalonobis_distance 2034.4124595258465
measurement_mahalonobis_distance_in_x_y 462.2391166916585
dist_from_measurement_to_model 4686.394317152531
measurement_mahalonobis_distance 51.812912885190414
measurement_mahalonobis_distance_in_x_y 91.91102568872802
dist_from_measurement_to_model 5926.692871290078
measurement_mahalonobis_distance 479.2343558219868
measurement_mahalonobis_distance_in_x_y 42.91563537512486
dist_from_measurement_to_model 1019.3150294379218
measurement_mahalonobis_distance 30.732628579987832
measurement_mahalonobis_distance_in_x_y 5.5971026424569885
ransac prediction [array([ 4551.52407539,  2975.37726269, 56315.96155803]), array([ 3583.06910297,  9662.23528041, 17632.86547487]), array([10611.10251375,  5423.03468131, 88780.09724599]), array([ 8543.38614198, 11735.41713451, 22333.39687148])]
covariance [array([[ 2.37056217e+02,  4.40238832e+01, -2.00987151e+03],
       [ 4.40238832e+01,  3.03284980e+02,  3.22661437e+04],
       [-2.00987151e+03,  3.22661437e+04,  4.63492308e+12]]), array([[ 6.32682946e+03, -3.95668518e+03, -4.92855842e+04],
       [-3.95668518e+03,  5.18649140e+03,  4.38874563e+04],
       [-4.92855842e+04,  4.38874563e+04,  1.13929057e+15]]), array([[ 2.38414902e+04, -1.98910476e+04,  1.12905922e+06],
       [-1.98910476e+04,  2.21280799e+04, -1.08484122e+06],
       [ 1.12905922e+06, -1.08484122e+06,  2.60355846e+15]]), array([[2.02649238e+03, 7.19615193e+03, 1.72390288e+05],
       [7.19615193e+03, 3.93535522e+04, 9.20033659e+05],
       [1.72390288e+05, 9.20033659e+05, 1.12465705e+14]])]
group lists [array([ 0,  1,  2,  3,  4,  5,  6,  7,  8,  9, 10, 11, 12, 13, 14, 15, 16,
       17, 18, 19, 20, 21, 22, 23, 24, 25, 26, 27, 28, 29, 30, 32, 34, 36,
       37, 40, 42, 45, 52, 55, 60]), array([ 31,  33,  35,  38,  39,  41,  44,  47,  50,  51,  54,  57,  62,
        65,  68,  70,  73,  76,  81,  84,  87,  88,  91,  93,  96,  99,
       101, 102]), array([43, 46, 48, 53, 56, 59, 64, 67, 69, 72, 74, 77, 80, 83, 85, 90, 92,
       95, 97]), array([ 58,  61,  63,  66,  71,  75,  78,  79,  82,  86,  89,  94,  98,
       100, 103, 104])]
outliers [ 49 105]

adding measurement: 106 from agent 0
measurement: 106
truth group lists [[58, 61, 63, 66, 71, 75, 78, 79, 82, 86, 89, 94, 98, 100, 103, 104], [], [], [], [0, 1, 2, 3, 4, 5, 6, 7, 8, 9, 10, 11, 12, 13, 14, 15, 16, 17, 18, 19, 20, 21, 22, 23, 24, 25, 26, 27, 28, 29, 30, 32, 34, 36, 37, 40, 42, 45, 49, 52, 55, 60], [], [31, 33, 35, 38, 39, 41, 44, 47, 50, 51, 54, 57, 62, 65, 68, 70, 73, 76, 81, 84, 87, 88, 91, 93, 96, 99, 101, 102, 106], [43, 46, 48, 53, 56, 59, 64, 67, 69, 72, 74, 77, 80, 83, 85, 90, 92, 95, 97], [], [], [], [], [105]]
dist_from_measurement_to_model 8646.266297727427
measurement_mahalonobis_distance 505.9352596625121
measurement_mahalonobis_distance_in_x_y 412.0238797742217
dist_from_measurement_to_model 4690.4487671810475
measurement_mahalonobis_distance 0.0773498515021231
measurement_mahalonobis_distance_in_x_y 2.1091655944586822
dist_from_measurement_to_model 5971.8371737980715
measurement_mahalonobis_distance 206.18881528552924
measurement_mahalonobis_distance_in_x_y 33.35838163377013
dist_from_measurement_to_model 980.6127546515926
measurement_mahalonobis_distance 84.42226597088452
measurement_mahalonobis_distance_in_x_y 4.152696062020329
ransac prediction [array([ 4551.52407539,  2975.37726269, 56315.96155803]), array([ 3568.95622454,  9677.87915514, 17779.4937411 ]), array([10611.10251375,  5423.03468131, 88780.09724599]), array([ 8543.38614198, 11735.41713451, 22333.39687148])]
covariance [array([[ 2.37056217e+02,  4.40238832e+01, -2.00987151e+03],
       [ 4.40238832e+01,  3.03284980e+02,  3.22661437e+04],
       [-2.00987151e+03,  3.22661437e+04,  4.63492308e+12]]), array([[ 5.89000460e+03, -3.47247260e+03, -4.47390922e+04],
       [-3.47247260e+03,  4.64975036e+03,  3.86564934e+04],
       [-4.47390922e+04,  3.86564934e+04,  1.12254351e+15]]), array([[ 2.38414902e+04, -1.98910476e+04,  1.12905922e+06],
       [-1.98910476e+04,  2.21280799e+04, -1.08484122e+06],
       [ 1.12905922e+06, -1.08484122e+06,  2.60355846e+15]]), array([[2.02649238e+03, 7.19615193e+03, 1.72390288e+05],
       [7.19615193e+03, 3.93535522e+04, 9.20033659e+05],
       [1.72390288e+05, 9.20033659e+05, 1.12465705e+14]])]
group lists [array([ 0,  1,  2,  3,  4,  5,  6,  7,  8,  9, 10, 11, 12, 13, 14, 15, 16,
       17, 18, 19, 20, 21, 22, 23, 24, 25, 26, 27, 28, 29, 30, 32, 34, 36,
       37, 40, 42, 45, 52, 55, 60]), array([ 31,  33,  35,  38,  39,  41,  44,  47,  50,  51,  54,  57,  62,
        65,  68,  70,  73,  76,  81,  84,  87,  88,  91,  93,  96,  99,
       101, 102, 106]), array([43, 46, 48, 53, 56, 59, 64, 67, 69, 72, 74, 77, 80, 83, 85, 90, 92,
       95, 97]), array([ 58,  61,  63,  66,  71,  75,  78,  79,  82,  86,  89,  94,  98,
       100, 103, 104])]
outliers [ 49 105]

adding measurement: 107 from agent 0
measurement: 107
truth group lists [[58, 61, 63, 66, 71, 75, 78, 79, 82, 86, 89, 94, 98, 100, 103, 104], [], [], [], [0, 1, 2, 3, 4, 5, 6, 7, 8, 9, 10, 11, 12, 13, 14, 15, 16, 17, 18, 19, 20, 21, 22, 23, 24, 25, 26, 27, 28, 29, 30, 32, 34, 36, 37, 40, 42, 45, 49, 52, 55, 60], [], [31, 33, 35, 38, 39, 41, 44, 47, 50, 51, 54, 57, 62, 65, 68, 70, 73, 76, 81, 84, 87, 88, 91, 93, 96, 99, 101, 102, 106], [43, 46, 48, 53, 56, 59, 64, 67, 69, 72, 74, 77, 80, 83, 85, 90, 92, 95, 97], [], [], [], [], [105, 107]]
dist_from_measurement_to_model 8841.670956690714
measurement_mahalonobis_distance 2083.633067188739
measurement_mahalonobis_distance_in_x_y 474.3734869509566
dist_from_measurement_to_model 4726.429248633132
measurement_mahalonobis_distance 57.760030803191086
measurement_mahalonobis_distance_in_x_y 95.35046634525183
dist_from_measurement_to_model 6197.927123574146
measurement_mahalonobis_distance 480.1014845359521
measurement_mahalonobis_distance_in_x_y 47.44763963327304
dist_from_measurement_to_model 800.1873538879225
measurement_mahalonobis_distance 20.187725463074678
measurement_mahalonobis_distance_in_x_y 4.530819051048195
ransac prediction [array([ 4551.52407539,  2975.37726269, 56315.96155803]), array([ 3568.95622454,  9677.87915514, 17779.4937411 ]), array([10611.10251375,  5423.03468131, 88780.09724599]), array([ 8543.38614198, 11735.41713451, 22333.39687148])]
covariance [array([[ 2.37056217e+02,  4.40238832e+01, -2.00987151e+03],
       [ 4.40238832e+01,  3.03284980e+02,  3.22661437e+04],
       [-2.00987151e+03,  3.22661437e+04,  4.63492308e+12]]), array([[ 5.89000460e+03, -3.47247260e+03, -4.47390922e+04],
       [-3.47247260e+03,  4.64975036e+03,  3.86564934e+04],
       [-4.47390922e+04,  3.86564934e+04,  1.12254351e+15]]), array([[ 2.38414902e+04, -1.98910476e+04,  1.12905922e+06],
       [-1.98910476e+04,  2.21280799e+04, -1.08484122e+06],
       [ 1.12905922e+06, -1.08484122e+06,  2.60355846e+15]]), array([[2.02649238e+03, 7.19615193e+03, 1.72390288e+05],
       [7.19615193e+03, 3.93535522e+04, 9.20033659e+05],
       [1.72390288e+05, 9.20033659e+05, 1.12465705e+14]])]
group lists [array([ 0,  1,  2,  3,  4,  5,  6,  7,  8,  9, 10, 11, 12, 13, 14, 15, 16,
       17, 18, 19, 20, 21, 22, 23, 24, 25, 26, 27, 28, 29, 30, 32, 34, 36,
       37, 40, 42, 45, 52, 55, 60]), array([ 31,  33,  35,  38,  39,  41,  44,  47,  50,  51,  54,  57,  62,
        65,  68,  70,  73,  76,  81,  84,  87,  88,  91,  93,  96,  99,
       101, 102, 106]), array([43, 46, 48, 53, 56, 59, 64, 67, 69, 72, 74, 77, 80, 83, 85, 90, 92,
       95, 97]), array([ 58,  61,  63,  66,  71,  75,  78,  79,  82,  86,  89,  94,  98,
       100, 103, 104])]
outliers [ 49 105 107]

agentOrder [0]
agentOrder [0]
initialWaypoints [8697.2939528  2598.28865862]

List of user-set options:

                                    Name   Value                used
                        file_print_level = 5                     yes
                   hessian_approximation = limited-memory        yes
                                  hsllib = /home/ggs24/packages/ThirdParty-HSL/.libs/libcoinhsl.so  yes
                           linear_solver = ma97                  yes
                                max_iter = 200                   yes
                             output_file = IPOPT.out             yes
                             print_level = 5                     yes
                      print_user_options = yes                   yes
                                      sb = yes                   yes
                                     tol = 1e-05                 yes
This is Ipopt version 3.14.7, running with linear solver ma97.

Number of nonzeros in equality constraint Jacobian...:        0
Number of nonzeros in inequality constraint Jacobian.:        2
Number of nonzeros in Lagrangian Hessian.............:        0

Total number of variables............................:        2
                     variables with only lower bounds:        0
                variables with lower and upper bounds:        2
                     variables with only upper bounds:        0
Total number of equality constraints.................:        0
Total number of inequality constraints...............:        1
        inequality constraints with only lower bounds:        0
   inequality constraints with lower and upper bounds:        1
        inequality constraints with only upper bounds:        0

iter    objective    inf_pr   inf_du lg(mu)  ||d||  lg(rg) alpha_du alpha_pr  ls
   0  1.0000000e+00 1.82e+03 1.98e-04   0.0 0.00e+00    -  0.00e+00 0.00e+00   0
   1  9.9930225e-01 1.82e+03 5.37e+01   3.3 1.83e+03    -  1.00e+00 3.63e-02h  1
   2  5.1236940e-01 0.00e+00 8.50e+02   3.1 1.81e+03    -  9.35e-01 1.00e+00h  1
   3  5.0973319e-01 0.00e+00 1.81e+01  -3.1 5.40e+00    -  9.89e-01 1.00e+00f  1
   4  1.4854101e-01 1.40e+02 1.55e+00  -0.0 1.37e+03    -  9.14e-01 1.00e+00f  1
   5  1.3665767e-01 3.51e+00 1.56e-02  -1.4 1.94e+02    -  9.90e-01 1.00e+00h  1
   6  1.3472312e-01 1.51e+00 1.56e-04  -3.2 1.40e+02    -  9.90e-01 1.00e+00h  1
   7  1.3392227e-01 1.11e+00 6.27e-06  -8.9 1.22e+02    -  9.61e-01 1.00e+00h  1
   8  1.3357010e-01 5.89e-01 3.64e-06 -10.3 1.10e+02    -  2.97e-01 1.00e+00h  1
   9  1.3323855e-01 0.00e+00 2.28e-06  -5.8 9.67e+01    -  1.00e+00 1.00e+00h  1
iter    objective    inf_pr   inf_du lg(mu)  ||d||  lg(rg) alpha_du alpha_pr  ls
  10  1.3313947e-01 0.00e+00 9.31e-07 -11.0 6.40e+01    -  6.21e-01 1.00e+00h  1

Number of Iterations....: 10

                                   (scaled)                 (unscaled)
Objective...............:   1.3313946904092896e-01    1.3313946904092896e-01
Dual infeasibility......:   9.3058642570861932e-07    9.3058642570861932e-07
Constraint violation....:   0.0000000000000000e+00    0.0000000000000000e+00
Variable bound violation:   0.0000000000000000e+00    0.0000000000000000e+00
Complementarity.........:   7.1446121944350246e-07    7.1446121944350246e-07
Overall NLP error.......:   9.3058642570861932e-07    9.3058642570861932e-07


Number of objective function evaluations             = 11
Number of objective gradient evaluations             = 11
Number of equality constraint evaluations            = 0
Number of inequality constraint evaluations          = 11
Number of equality constraint Jacobian evaluations   = 0
Number of inequality constraint Jacobian evaluations = 11
Number of Lagrangian Hessian evaluations             = 0
Total seconds in IPOPT                               = 0.501

EXIT: Optimal Solution Found.
OPTIMIZATION SUCCESSFUL
fStar [0.13313947]
new best [0.13313947]

List of user-set options:

                                    Name   Value                used
                        file_print_level = 5                     yes
                   hessian_approximation = limited-memory        yes
                                  hsllib = /home/ggs24/packages/ThirdParty-HSL/.libs/libcoinhsl.so  yes
                           linear_solver = ma97                  yes
                                max_iter = 200                   yes
                             output_file = IPOPT.out             yes
                             print_level = 5                     yes
                      print_user_options = yes                   yes
                                      sb = yes                   yes
                                     tol = 1e-05                 yes
This is Ipopt version 3.14.7, running with linear solver ma97.

Number of nonzeros in equality constraint Jacobian...:        0
Number of nonzeros in inequality constraint Jacobian.:        2
Number of nonzeros in Lagrangian Hessian.............:        0

Total number of variables............................:        2
                     variables with only lower bounds:        0
                variables with lower and upper bounds:        2
                     variables with only upper bounds:        0
Total number of equality constraints.................:        0
Total number of inequality constraints...............:        1
        inequality constraints with only lower bounds:        0
   inequality constraints with lower and upper bounds:        1
        inequality constraints with only upper bounds:        0

iter    objective    inf_pr   inf_du lg(mu)  ||d||  lg(rg) alpha_du alpha_pr  ls
   0  2.0111437e+00 3.80e+03 8.26e-05   0.0 0.00e+00    -  0.00e+00 0.00e+00   0
   1  2.0108231e+00 3.80e+03 1.10e+02   3.6 3.75e+03    -  9.93e-01 1.77e-02h  1
   2  8.8361063e-01 0.00e+00 1.90e+03   3.4 2.96e+03    -  1.00e+00 1.00e+00h  1
   3  8.8361049e-01 0.00e+00 1.90e+01  -2.8 2.97e-04    -  9.90e-01 1.00e+00h  1
   4  8.8352479e-01 0.00e+00 1.90e-01   1.1 3.41e-01    -  9.99e-01 1.00e+00f  1
   5  6.3757556e-01 2.68e+01 5.76e-03  -0.3 4.82e+02    -  9.85e-01 1.00e+00f  1
   6  1.8062873e-01 1.66e+02 5.72e-04  -2.3 1.08e+03    -  9.03e-01 1.00e+00h  1
   7  1.3399996e-01 0.00e+00 1.58e-05  -1.3 9.05e+02    -  1.00e+00 1.00e+00f  1
   8  1.3355990e-01 0.00e+00 4.20e-06  -7.4 6.81e+01    -  9.79e-01 1.00e+00h  1
   9  1.3323912e-01 0.00e+00 1.76e-06  -5.3 9.66e+01    -  9.97e-01 1.00e+00h  1
iter    objective    inf_pr   inf_du lg(mu)  ||d||  lg(rg) alpha_du alpha_pr  ls
  10  1.3313751e-01 0.00e+00 8.34e-07  -7.3 6.88e+01    -  1.00e+00 1.00e+00h  1

Number of Iterations....: 10

                                   (scaled)                 (unscaled)
Objective...............:   1.3313751061396062e-01    1.3313751061396062e-01
Dual infeasibility......:   8.3378732916964731e-07    8.3378732916964731e-07
Constraint violation....:   0.0000000000000000e+00    0.0000000000000000e+00
Variable bound violation:   0.0000000000000000e+00    0.0000000000000000e+00
Complementarity.........:   5.5179859776801986e-07    5.5179859776801986e-07
Overall NLP error.......:   8.3378732916964731e-07    8.3378732916964731e-07


Number of objective function evaluations             = 11
Number of objective gradient evaluations             = 11
Number of equality constraint evaluations            = 0
Number of inequality constraint evaluations          = 11
Number of equality constraint Jacobian evaluations   = 0
Number of inequality constraint Jacobian evaluations = 11
Number of Lagrangian Hessian evaluations             = 0
Total seconds in IPOPT                               = 0.564

EXIT: Optimal Solution Found.
OPTIMIZATION SUCCESSFUL
fStar [0.13313751]
new best [0.13313751]

List of user-set options:

                                    Name   Value                used
                        file_print_level = 5                     yes
                   hessian_approximation = limited-memory        yes
                                  hsllib = /home/ggs24/packages/ThirdParty-HSL/.libs/libcoinhsl.so  yes
                           linear_solver = ma97                  yes
                                max_iter = 200                   yes
                             output_file = IPOPT.out             yes
                             print_level = 5                     yes
                      print_user_options = yes                   yes
                                      sb = yes                   yes
                                     tol = 1e-05                 yes
This is Ipopt version 3.14.7, running with linear solver ma97.

Number of nonzeros in equality constraint Jacobian...:        0
Number of nonzeros in inequality constraint Jacobian.:        2
Number of nonzeros in Lagrangian Hessian.............:        0

Total number of variables............................:        2
                     variables with only lower bounds:        0
                variables with lower and upper bounds:        2
                     variables with only upper bounds:        0
Total number of equality constraints.................:        0
Total number of inequality constraints...............:        1
        inequality constraints with only lower bounds:        0
   inequality constraints with lower and upper bounds:        1
        inequality constraints with only upper bounds:        0

iter    objective    inf_pr   inf_du lg(mu)  ||d||  lg(rg) alpha_du alpha_pr  ls
   0  2.3724539e+00 0.00e+00 7.42e-07   0.0 0.00e+00    -  0.00e+00 0.00e+00   0
   1  2.3724539e+00 0.00e+00 1.31e-05  -2.1 2.64e-05    -  9.90e-01 1.00e+00f  1
   2  2.3724536e+00 0.00e+00 1.00e-01   1.8 2.00e-01    -  1.00e+00 1.00e+00f  1
   3  2.3724535e+00 0.00e+00 2.00e-02   1.1 4.00e-02    -  1.00e+00 1.00e+00f  1
   4  2.3724535e+00 0.00e+00 4.00e-03   0.4 8.01e-03    -  1.00e+00 1.00e+00f  1
   5  2.3724535e+00 0.00e+00 8.02e-04  -0.3 1.60e-03    -  1.00e+00 1.00e+00f  1
   6  2.3724535e+00 0.00e+00 1.61e-04  -1.0 3.22e-04    -  1.00e+00 1.00e+00h  1
   7  2.3724535e+00 0.00e+00 3.28e-05  -1.7 6.56e-05    -  1.00e+00 1.00e+00f  1
   8  2.3724535e+00 0.00e+00 1.06e-06  -3.8 2.00e-06    -  9.98e-01 1.00e+00h  1
   9  2.3724535e+00 0.00e+00 9.99e-07  -3.8 2.00e-06    -  1.00e+00 1.00e+00h  1
iter    objective    inf_pr   inf_du lg(mu)  ||d||  lg(rg) alpha_du alpha_pr  ls
  10  2.3724535e+00 0.00e+00 7.46e-07  -5.6 1.49e-06    -  1.00e+00 1.00e+00h  1

Number of Iterations....: 10

                                   (scaled)                 (unscaled)
Objective...............:   2.3724535010596584e+00    2.3724535010596584e+00
Dual infeasibility......:   7.4561791616217344e-07    7.4561791616217344e-07
Constraint violation....:   0.0000000000000000e+00    0.0000000000000000e+00
Variable bound violation:   0.0000000000000000e+00    0.0000000000000000e+00
Complementarity.........:   2.2767030024201735e-06    2.2767030024201735e-06
Overall NLP error.......:   2.2767030024201735e-06    2.2767030024201735e-06


Number of objective function evaluations             = 11
Number of objective gradient evaluations             = 11
Number of equality constraint evaluations            = 0
Number of inequality constraint evaluations          = 11
Number of equality constraint Jacobian evaluations   = 0
Number of inequality constraint Jacobian evaluations = 11
Number of Lagrangian Hessian evaluations             = 0
Total seconds in IPOPT                               = 0.481

EXIT: Optimal Solution Found.
OPTIMIZATION SUCCESSFUL
fStar [2.3724535]

List of user-set options:

                                    Name   Value                used
                        file_print_level = 5                     yes
                   hessian_approximation = limited-memory        yes
                                  hsllib = /home/ggs24/packages/ThirdParty-HSL/.libs/libcoinhsl.so  yes
                           linear_solver = ma97                  yes
                                max_iter = 200                   yes
                             output_file = IPOPT.out             yes
                             print_level = 5                     yes
                      print_user_options = yes                   yes
                                      sb = yes                   yes
                                     tol = 1e-05                 yes
This is Ipopt version 3.14.7, running with linear solver ma97.

Number of nonzeros in equality constraint Jacobian...:        0
Number of nonzeros in inequality constraint Jacobian.:        2
Number of nonzeros in Lagrangian Hessian.............:        0

Total number of variables............................:        2
                     variables with only lower bounds:        0
                variables with lower and upper bounds:        2
                     variables with only upper bounds:        0
Total number of equality constraints.................:        0
Total number of inequality constraints...............:        1
        inequality constraints with only lower bounds:        0
   inequality constraints with lower and upper bounds:        1
        inequality constraints with only upper bounds:        0

iter    objective    inf_pr   inf_du lg(mu)  ||d||  lg(rg) alpha_du alpha_pr  ls
   0  2.1612940e+00 6.35e+03 2.06e-05   0.0 0.00e+00    -  0.00e+00 0.00e+00   0
   1  2.1612206e+00 6.34e+03 1.30e+02   3.7 6.24e+03    -  8.03e-01 1.06e-02h  1
   2  2.0545250e+00 4.31e+03 2.00e+03   3.6 6.22e+03    -  1.79e-01 3.21e-01h  1
   3  1.6723861e+00 0.00e+00 8.67e+01   2.2 4.23e+03    -  9.30e-01 1.00e+00f  1
   4  1.6723860e+00 0.00e+00 4.33e-01  -3.3 6.40e-04    -  9.90e-01 1.00e+00h  1
   5  1.6720526e+00 0.00e+00 8.84e-03  -5.3 2.22e+00    -  9.90e-01 1.00e+00f  1
   6  1.6717184e+00 0.00e+00 1.75e-04  -7.3 2.23e+00    -  9.80e-01 1.00e+00h  1
   7  1.6713727e+00 0.00e+00 1.45e-04  -9.0 2.20e+00    -  4.98e-01 1.00e+00h  1
   8  1.6713726e+00 0.00e+00 1.36e-04  -9.3 2.97e-04    -  9.98e-01 1.00e+00h  1
   9  1.6713726e+00 0.00e+00 1.36e-04  -8.2 1.28e-04    -  1.00e+00 1.00e+00h  1
iter    objective    inf_pr   inf_du lg(mu)  ||d||  lg(rg) alpha_du alpha_pr  ls
  10  1.6713726e+00 0.00e+00 1.36e-04 -11.0 1.28e-04    -  1.00e+00 1.00e+00h  1
  11  1.6713725e+00 0.00e+00 1.36e-04 -11.0 1.28e-04    -  1.00e+00 1.00e+00h  1
  12  1.6713725e+00 0.00e+00 1.36e-04 -11.0 1.28e-04    -  1.00e+00 1.00e+00h  1
  13  1.6713725e+00 0.00e+00 1.36e-04 -11.0 1.28e-04    -  1.00e+00 1.00e+00h  1
  14  1.6713725e+00 0.00e+00 1.36e-04 -11.0 1.28e-04    -  1.00e+00 1.00e+00h  1
  15  1.6713724e+00 0.00e+00 1.36e-04 -11.0 1.28e-04    -  1.00e+00 1.00e+00f  1
  16  1.6713724e+00 0.00e+00 1.36e-04 -11.0 1.28e-04    -  1.00e+00 1.00e+00h  1
  17  1.6713724e+00 0.00e+00 1.36e-04 -11.0 1.28e-04    -  1.00e+00 1.00e+00h  1
  18  1.6713723e+00 0.00e+00 1.36e-04 -11.0 1.28e-04    -  1.00e+00 1.00e+00h  1
  19  1.6713723e+00 0.00e+00 1.36e-04 -11.0 1.28e-04    -  1.00e+00 1.00e+00h  1
iter    objective    inf_pr   inf_du lg(mu)  ||d||  lg(rg) alpha_du alpha_pr  ls
  20  1.6713723e+00 0.00e+00 1.36e-04 -11.0 1.28e-04    -  1.00e+00 1.00e+00h  1
  21  1.6713722e+00 0.00e+00 1.36e-04 -11.0 1.28e-04    -  1.00e+00 1.00e+00h  1
  22  1.6713722e+00 0.00e+00 1.36e-04 -11.0 1.28e-04    -  1.00e+00 1.00e+00h  1
  23  1.6713722e+00 0.00e+00 1.36e-04 -11.0 1.28e-04    -  1.00e+00 1.00e+00h  1
  24  1.6713722e+00 0.00e+00 1.36e-04 -11.0 1.28e-04    -  1.00e+00 1.00e+00h  1
  25  1.6713721e+00 0.00e+00 1.36e-04 -11.0 1.28e-04    -  1.00e+00 1.00e+00h  1
  26  1.6713721e+00 0.00e+00 1.36e-04 -11.0 1.28e-04    -  1.00e+00 1.00e+00h  1
  27  1.6713721e+00 0.00e+00 1.36e-04 -11.0 1.28e-04    -  1.00e+00 1.00e+00h  1
  28  1.6713720e+00 0.00e+00 1.36e-04 -11.0 1.28e-04    -  1.00e+00 1.00e+00h  1
  29  1.6713720e+00 0.00e+00 1.36e-04 -11.0 1.28e-04    -  1.00e+00 1.00e+00h  1
iter    objective    inf_pr   inf_du lg(mu)  ||d||  lg(rg) alpha_du alpha_pr  ls
  30  1.6713720e+00 0.00e+00 1.36e-04 -11.0 1.28e-04    -  1.00e+00 1.00e+00h  1
  31  1.6713720e+00 0.00e+00 1.36e-04 -11.0 1.28e-04    -  1.00e+00 1.00e+00h  1
  32  1.6713719e+00 0.00e+00 1.36e-04 -11.0 1.28e-04    -  1.00e+00 1.00e+00f  1
  33  1.6713719e+00 0.00e+00 1.36e-04 -11.0 1.28e-04    -  1.00e+00 1.00e+00h  1
  34  1.6713719e+00 0.00e+00 1.36e-04 -11.0 1.28e-04    -  1.00e+00 1.00e+00h  1
  35  1.6713718e+00 0.00e+00 1.36e-04 -11.0 1.28e-04    -  1.00e+00 1.00e+00h  1
  36  1.6713718e+00 0.00e+00 1.36e-04 -11.0 1.28e-04    -  1.00e+00 1.00e+00h  1
  37  1.6713718e+00 0.00e+00 1.36e-04 -11.0 1.28e-04    -  1.00e+00 1.00e+00h  1
  38  1.6713717e+00 0.00e+00 1.36e-04 -11.0 1.28e-04    -  1.00e+00 1.00e+00h  1
  39  1.6713717e+00 0.00e+00 1.36e-04 -11.0 1.28e-04    -  1.00e+00 1.00e+00h  1
iter    objective    inf_pr   inf_du lg(mu)  ||d||  lg(rg) alpha_du alpha_pr  ls
  40  1.6713717e+00 0.00e+00 1.36e-04 -11.0 1.28e-04    -  1.00e+00 1.00e+00h  1
  41  1.6713717e+00 0.00e+00 1.36e-04 -11.0 1.28e-04    -  1.00e+00 1.00e+00h  1
  42  1.6713716e+00 0.00e+00 1.36e-04 -11.0 1.28e-04    -  1.00e+00 1.00e+00h  1
  43  1.6713716e+00 0.00e+00 1.36e-04 -11.0 1.28e-04    -  1.00e+00 1.00e+00f  1
  44  1.6713716e+00 0.00e+00 1.36e-04 -11.0 1.28e-04    -  1.00e+00 1.00e+00h  1
  45  1.6713715e+00 0.00e+00 1.36e-04 -11.0 1.28e-04    -  1.00e+00 1.00e+00h  1
  46  1.6713715e+00 0.00e+00 1.36e-04 -11.0 1.28e-04    -  1.00e+00 1.00e+00h  1
  47  1.6713715e+00 0.00e+00 1.36e-04 -11.0 1.28e-04    -  1.00e+00 1.00e+00h  1
  48  1.6713715e+00 0.00e+00 1.36e-04 -11.0 1.28e-04    -  1.00e+00 1.00e+00h  1
  49  1.6713714e+00 0.00e+00 1.36e-04 -11.0 1.28e-04    -  1.00e+00 1.00e+00h  1
iter    objective    inf_pr   inf_du lg(mu)  ||d||  lg(rg) alpha_du alpha_pr  ls
  50  1.6713714e+00 0.00e+00 1.36e-04 -11.0 1.28e-04    -  1.00e+00 1.00e+00h  1
  51  1.6713714e+00 0.00e+00 1.36e-04 -11.0 1.28e-04    -  1.00e+00 1.00e+00h  1
  52  1.6713713e+00 0.00e+00 1.36e-04 -11.0 1.28e-04    -  1.00e+00 1.00e+00h  1
  53  1.6713713e+00 0.00e+00 1.36e-04 -11.0 1.28e-04    -  1.00e+00 1.00e+00h  1
  54  1.6713713e+00 0.00e+00 1.36e-04 -11.0 1.28e-04    -  1.00e+00 1.00e+00h  1
  55  1.6713712e+00 0.00e+00 1.36e-04 -11.0 1.28e-04    -  1.00e+00 1.00e+00h  1
  56  1.6713712e+00 0.00e+00 1.36e-04 -11.0 1.28e-04    -  1.00e+00 1.00e+00h  1
  57  1.6713712e+00 0.00e+00 1.36e-04 -11.0 1.28e-04    -  1.00e+00 1.00e+00h  1
  58  1.6713712e+00 0.00e+00 1.36e-04 -11.0 1.28e-04    -  1.00e+00 1.00e+00h  1
  59  1.6713711e+00 0.00e+00 1.36e-04 -11.0 1.28e-04    -  1.00e+00 1.00e+00h  1
iter    objective    inf_pr   inf_du lg(mu)  ||d||  lg(rg) alpha_du alpha_pr  ls
  60  1.6713711e+00 0.00e+00 1.36e-04 -11.0 1.28e-04    -  1.00e+00 1.00e+00h  1
  61  1.6713711e+00 0.00e+00 1.36e-04 -11.0 1.28e-04    -  1.00e+00 1.00e+00h  1
  62  1.6713710e+00 0.00e+00 1.36e-04 -11.0 1.28e-04    -  1.00e+00 1.00e+00h  1
  63  1.6713710e+00 0.00e+00 1.36e-04 -11.0 1.28e-04    -  1.00e+00 1.00e+00h  1
  64  1.6713710e+00 0.00e+00 1.36e-04 -11.0 1.28e-04    -  1.00e+00 1.00e+00f  1
  65  1.6713710e+00 0.00e+00 1.36e-04 -11.0 1.28e-04    -  1.00e+00 1.00e+00h  1
  66  1.6713709e+00 0.00e+00 1.36e-04 -11.0 1.28e-04    -  1.00e+00 1.00e+00h  1
  67  1.6713709e+00 0.00e+00 1.36e-04 -11.0 1.28e-04    -  1.00e+00 1.00e+00h  1
  68  1.6713709e+00 0.00e+00 1.36e-04 -11.0 1.28e-04    -  1.00e+00 1.00e+00h  1
  69  1.6713708e+00 0.00e+00 1.36e-04 -11.0 1.28e-04    -  1.00e+00 1.00e+00h  1
iter    objective    inf_pr   inf_du lg(mu)  ||d||  lg(rg) alpha_du alpha_pr  ls
  70  1.6713708e+00 0.00e+00 1.36e-04 -11.0 1.28e-04    -  1.00e+00 1.00e+00h  1
  71  1.6713708e+00 0.00e+00 1.36e-04 -11.0 1.28e-04    -  1.00e+00 1.00e+00h  1
  72  1.6713708e+00 0.00e+00 1.36e-04 -11.0 1.28e-04    -  1.00e+00 1.00e+00h  1
  73  1.6713707e+00 0.00e+00 1.36e-04 -11.0 1.28e-04    -  1.00e+00 1.00e+00h  1
  74  1.6713707e+00 0.00e+00 1.36e-04 -11.0 1.28e-04    -  1.00e+00 1.00e+00h  1
  75  1.6713707e+00 0.00e+00 1.36e-04 -11.0 1.28e-04    -  1.00e+00 1.00e+00h  1
  76  1.6713706e+00 0.00e+00 1.36e-04 -11.0 1.28e-04    -  1.00e+00 1.00e+00h  1
  77  1.6713706e+00 0.00e+00 1.36e-04 -11.0 1.28e-04    -  1.00e+00 1.00e+00h  1
  78  1.6713706e+00 0.00e+00 1.36e-04 -11.0 1.28e-04    -  1.00e+00 1.00e+00h  1
  79  1.6713705e+00 0.00e+00 1.36e-04 -11.0 1.28e-04    -  1.00e+00 1.00e+00h  1
iter    objective    inf_pr   inf_du lg(mu)  ||d||  lg(rg) alpha_du alpha_pr  ls
  80  1.6713705e+00 0.00e+00 1.36e-04 -11.0 1.28e-04    -  1.00e+00 1.00e+00h  1
  81  1.6713705e+00 0.00e+00 1.36e-04 -11.0 1.28e-04    -  1.00e+00 1.00e+00h  1
  82  1.6713705e+00 0.00e+00 1.36e-04 -11.0 1.28e-04    -  1.00e+00 1.00e+00h  1
  83  1.6713704e+00 0.00e+00 1.36e-04 -11.0 1.28e-04    -  1.00e+00 1.00e+00h  1
  84  1.6713704e+00 0.00e+00 1.36e-04 -11.0 1.28e-04    -  1.00e+00 1.00e+00h  1
  85  1.6713704e+00 0.00e+00 1.36e-04 -11.0 1.28e-04    -  1.00e+00 1.00e+00h  1
  86  1.6713703e+00 0.00e+00 1.36e-04 -11.0 1.28e-04    -  1.00e+00 1.00e+00h  1
  87  1.6713703e+00 0.00e+00 1.36e-04 -11.0 1.28e-04    -  1.00e+00 1.00e+00h  1
  88  1.6713703e+00 0.00e+00 1.36e-04 -11.0 1.28e-04    -  1.00e+00 1.00e+00h  1
  89  1.6713703e+00 0.00e+00 1.36e-04 -11.0 1.28e-04    -  1.00e+00 1.00e+00h  1
iter    objective    inf_pr   inf_du lg(mu)  ||d||  lg(rg) alpha_du alpha_pr  ls
  90  1.6713702e+00 0.00e+00 1.36e-04 -11.0 1.28e-04    -  1.00e+00 1.00e+00h  1
  91  1.6713702e+00 0.00e+00 1.36e-04 -11.0 1.28e-04    -  1.00e+00 1.00e+00h  1
  92  1.6713702e+00 0.00e+00 1.36e-04 -11.0 1.28e-04    -  1.00e+00 1.00e+00h  1
  93  1.6713701e+00 0.00e+00 1.36e-04 -11.0 1.28e-04    -  1.00e+00 1.00e+00h  1
  94  1.6713701e+00 0.00e+00 1.36e-04 -11.0 1.28e-04    -  1.00e+00 1.00e+00h  1
  95  1.6713701e+00 0.00e+00 1.36e-04 -11.0 1.28e-04    -  1.00e+00 1.00e+00h  1
  96  1.6713700e+00 0.00e+00 1.36e-04 -11.0 1.28e-04    -  1.00e+00 1.00e+00h  1
  97  1.6713700e+00 0.00e+00 1.36e-04 -11.0 1.28e-04    -  1.00e+00 1.00e+00h  1
  98  1.6713700e+00 0.00e+00 1.36e-04 -11.0 1.28e-04    -  1.00e+00 1.00e+00h  1
  99  1.6713700e+00 0.00e+00 1.36e-04 -11.0 1.28e-04    -  1.00e+00 1.00e+00h  1
iter    objective    inf_pr   inf_du lg(mu)  ||d||  lg(rg) alpha_du alpha_pr  ls
 100  1.6713699e+00 0.00e+00 1.36e-04 -11.0 1.28e-04    -  1.00e+00 1.00e+00h  1
 101  1.6713699e+00 0.00e+00 1.36e-04 -11.0 1.28e-04    -  1.00e+00 1.00e+00h  1
 102  1.6713699e+00 0.00e+00 1.36e-04 -11.0 1.28e-04    -  1.00e+00 1.00e+00h  1
 103  1.6713698e+00 0.00e+00 1.36e-04 -11.0 1.28e-04    -  1.00e+00 1.00e+00h  1
 104  1.6713698e+00 0.00e+00 1.36e-04 -11.0 1.28e-04    -  1.00e+00 1.00e+00h  1
 105  1.6713698e+00 0.00e+00 1.36e-04 -11.0 1.28e-04    -  1.00e+00 1.00e+00h  1
 106  1.6713698e+00 0.00e+00 1.36e-04 -11.0 1.28e-04    -  1.00e+00 1.00e+00h  1
 107  1.6713697e+00 0.00e+00 1.36e-04 -11.0 1.28e-04    -  1.00e+00 1.00e+00h  1
 108  1.6713697e+00 0.00e+00 1.36e-04 -11.0 1.28e-04    -  1.00e+00 1.00e+00h  1
 109  1.6713697e+00 0.00e+00 1.36e-04 -11.0 1.28e-04    -  1.00e+00 1.00e+00h  1
iter    objective    inf_pr   inf_du lg(mu)  ||d||  lg(rg) alpha_du alpha_pr  ls
 110  1.6713696e+00 0.00e+00 1.36e-04 -11.0 1.28e-04    -  1.00e+00 1.00e+00h  1
 111  1.6713696e+00 0.00e+00 1.36e-04 -11.0 1.28e-04    -  1.00e+00 1.00e+00f  1
 112  1.6713696e+00 0.00e+00 1.36e-04 -11.0 1.28e-04    -  1.00e+00 1.00e+00h  1
 113  1.6713695e+00 0.00e+00 1.36e-04 -11.0 1.28e-04    -  1.00e+00 1.00e+00h  1
 114  1.6713695e+00 0.00e+00 1.36e-04 -11.0 1.28e-04    -  1.00e+00 1.00e+00h  1
 115  1.6713695e+00 0.00e+00 1.36e-04 -11.0 1.28e-04    -  1.00e+00 1.00e+00h  1
 116  1.6713695e+00 0.00e+00 1.36e-04 -11.0 1.28e-04    -  1.00e+00 1.00e+00h  1
 117  1.6713694e+00 0.00e+00 1.36e-04 -11.0 1.28e-04    -  1.00e+00 1.00e+00h  1
 118  1.6713694e+00 0.00e+00 1.36e-04 -11.0 1.28e-04    -  1.00e+00 1.00e+00h  1
 119  1.6713694e+00 0.00e+00 1.36e-04 -11.0 1.28e-04    -  1.00e+00 1.00e+00h  1
iter    objective    inf_pr   inf_du lg(mu)  ||d||  lg(rg) alpha_du alpha_pr  ls
 120  1.6713693e+00 0.00e+00 1.36e-04 -11.0 1.28e-04    -  1.00e+00 1.00e+00h  1
 121  1.6713693e+00 0.00e+00 1.36e-04 -11.0 1.28e-04    -  1.00e+00 1.00e+00h  1
 122  1.6713693e+00 0.00e+00 1.36e-04 -11.0 1.28e-04    -  1.00e+00 1.00e+00h  1
 123  1.6713693e+00 0.00e+00 1.36e-04 -11.0 1.28e-04    -  1.00e+00 1.00e+00h  1
 124  1.6713692e+00 0.00e+00 1.36e-04 -11.0 1.28e-04    -  1.00e+00 1.00e+00h  1
 125  1.6713692e+00 0.00e+00 1.36e-04 -11.0 1.28e-04    -  1.00e+00 1.00e+00h  1
 126  1.6713692e+00 0.00e+00 1.36e-04 -11.0 1.28e-04    -  1.00e+00 1.00e+00h  1
 127  1.6713691e+00 0.00e+00 1.36e-04 -11.0 1.28e-04    -  1.00e+00 1.00e+00h  1
 128  1.6713691e+00 0.00e+00 1.36e-04 -11.0 1.28e-04    -  1.00e+00 1.00e+00h  1
 129  1.6713691e+00 0.00e+00 1.36e-04 -11.0 1.28e-04    -  1.00e+00 1.00e+00f  1
iter    objective    inf_pr   inf_du lg(mu)  ||d||  lg(rg) alpha_du alpha_pr  ls
 130  1.6713690e+00 0.00e+00 1.36e-04 -11.0 1.28e-04    -  1.00e+00 1.00e+00h  1
 131  1.6713690e+00 0.00e+00 1.36e-04 -11.0 1.28e-04    -  1.00e+00 1.00e+00h  1
 132  1.6713690e+00 0.00e+00 1.36e-04 -11.0 1.28e-04    -  1.00e+00 1.00e+00h  1
 133  1.6713690e+00 0.00e+00 1.36e-04 -11.0 1.28e-04    -  1.00e+00 1.00e+00h  1
 134  1.6713689e+00 0.00e+00 1.36e-04 -11.0 1.28e-04    -  1.00e+00 1.00e+00h  1
 135  1.6713689e+00 0.00e+00 1.36e-04 -11.0 1.28e-04    -  1.00e+00 1.00e+00h  1
 136  1.6713689e+00 0.00e+00 1.36e-04 -11.0 1.28e-04    -  1.00e+00 1.00e+00h  1
 137  1.6713688e+00 0.00e+00 1.36e-04 -11.0 1.28e-04    -  1.00e+00 1.00e+00h  1
 138  1.6713688e+00 0.00e+00 1.36e-04 -11.0 1.28e-04    -  1.00e+00 1.00e+00h  1
 139  1.6713688e+00 0.00e+00 1.36e-04 -11.0 1.28e-04    -  1.00e+00 1.00e+00h  1
iter    objective    inf_pr   inf_du lg(mu)  ||d||  lg(rg) alpha_du alpha_pr  ls
 140  1.6713688e+00 0.00e+00 1.36e-04 -11.0 1.28e-04    -  1.00e+00 1.00e+00f  1
 141  1.6713687e+00 0.00e+00 1.36e-04 -11.0 1.28e-04    -  1.00e+00 1.00e+00h  1
 142  1.6713687e+00 0.00e+00 1.36e-04 -11.0 1.28e-04    -  1.00e+00 1.00e+00h  1
 143  1.6713687e+00 0.00e+00 1.36e-04 -11.0 1.28e-04    -  1.00e+00 1.00e+00h  1
 144  1.6713686e+00 0.00e+00 1.36e-04 -11.0 1.28e-04    -  1.00e+00 1.00e+00h  1
 145  1.6713686e+00 0.00e+00 1.36e-04 -11.0 1.28e-04    -  1.00e+00 1.00e+00h  1
 146  1.6713686e+00 0.00e+00 1.36e-04 -11.0 1.28e-04    -  1.00e+00 1.00e+00h  1
 147  1.6713685e+00 0.00e+00 1.36e-04 -11.0 1.28e-04    -  1.00e+00 1.00e+00h  1
 148  1.6713685e+00 0.00e+00 1.36e-04 -11.0 1.28e-04    -  1.00e+00 1.00e+00h  1
 149  1.6713685e+00 0.00e+00 1.36e-04 -11.0 1.28e-04    -  1.00e+00 1.00e+00h  1
iter    objective    inf_pr   inf_du lg(mu)  ||d||  lg(rg) alpha_du alpha_pr  ls
 150  1.6713685e+00 0.00e+00 1.36e-04 -11.0 1.28e-04    -  1.00e+00 1.00e+00h  1
 151  1.6713684e+00 0.00e+00 1.36e-04 -11.0 1.28e-04    -  1.00e+00 1.00e+00h  1
 152  1.6713684e+00 0.00e+00 1.36e-04 -11.0 1.28e-04    -  1.00e+00 1.00e+00h  1
 153  1.6713684e+00 0.00e+00 1.36e-04 -11.0 1.28e-04    -  1.00e+00 1.00e+00h  1
 154  1.6713683e+00 0.00e+00 1.36e-04 -11.0 1.28e-04    -  1.00e+00 1.00e+00h  1
 155  1.6713683e+00 0.00e+00 1.36e-04 -11.0 1.28e-04    -  1.00e+00 1.00e+00h  1
 156  1.6713683e+00 0.00e+00 1.36e-04 -11.0 1.28e-04    -  1.00e+00 1.00e+00h  1
 157  1.6713683e+00 0.00e+00 1.36e-04 -11.0 1.28e-04    -  1.00e+00 1.00e+00h  1
 158  1.6713682e+00 0.00e+00 1.36e-04 -11.0 1.28e-04    -  1.00e+00 1.00e+00h  1
 159  1.6713682e+00 0.00e+00 1.36e-04 -11.0 1.28e-04    -  1.00e+00 1.00e+00f  1
iter    objective    inf_pr   inf_du lg(mu)  ||d||  lg(rg) alpha_du alpha_pr  ls
 160  1.6713682e+00 0.00e+00 1.36e-04 -11.0 1.28e-04    -  1.00e+00 1.00e+00h  1
 161  1.6713681e+00 0.00e+00 1.36e-04 -11.0 1.28e-04    -  1.00e+00 1.00e+00h  1
 162  1.6713681e+00 0.00e+00 1.36e-04 -11.0 1.28e-04    -  1.00e+00 1.00e+00h  1
 163  1.6713681e+00 0.00e+00 1.36e-04 -11.0 1.28e-04    -  1.00e+00 1.00e+00h  1
 164  1.6713680e+00 0.00e+00 1.36e-04 -11.0 1.28e-04    -  1.00e+00 1.00e+00h  1
 165  1.6713680e+00 0.00e+00 1.36e-04 -11.0 1.28e-04    -  1.00e+00 1.00e+00h  1
 166  1.6713680e+00 0.00e+00 1.36e-04 -11.0 1.28e-04    -  1.00e+00 1.00e+00f  1
 167  1.6713680e+00 0.00e+00 1.36e-04 -11.0 1.28e-04    -  1.00e+00 1.00e+00h  1
 168  1.6713679e+00 0.00e+00 1.36e-04 -11.0 1.28e-04    -  1.00e+00 1.00e+00h  1
 169  1.6713679e+00 0.00e+00 1.36e-04 -11.0 1.28e-04    -  1.00e+00 1.00e+00h  1
iter    objective    inf_pr   inf_du lg(mu)  ||d||  lg(rg) alpha_du alpha_pr  ls
 170  1.6713679e+00 0.00e+00 1.36e-04 -11.0 1.28e-04    -  1.00e+00 1.00e+00h  1
 171  1.6713678e+00 0.00e+00 1.36e-04 -11.0 1.28e-04    -  1.00e+00 1.00e+00h  1
 172  1.6713678e+00 0.00e+00 1.36e-04 -11.0 1.28e-04    -  1.00e+00 1.00e+00f  1
 173  1.6713678e+00 0.00e+00 1.36e-04 -11.0 1.28e-04    -  1.00e+00 1.00e+00h  1
 174  1.6713678e+00 0.00e+00 1.36e-04 -11.0 1.28e-04    -  1.00e+00 1.00e+00h  1
 175  1.6713677e+00 0.00e+00 1.36e-04 -11.0 1.28e-04    -  1.00e+00 1.00e+00h  1
 176  1.6713677e+00 0.00e+00 1.36e-04 -11.0 1.28e-04    -  1.00e+00 1.00e+00h  1
 177  1.6713677e+00 0.00e+00 1.36e-04 -11.0 1.28e-04    -  1.00e+00 1.00e+00h  1
 178  1.6713676e+00 0.00e+00 1.36e-04 -11.0 1.28e-04    -  1.00e+00 1.00e+00h  1
 179  1.6713676e+00 0.00e+00 1.36e-04 -11.0 1.28e-04    -  1.00e+00 1.00e+00h  1
iter    objective    inf_pr   inf_du lg(mu)  ||d||  lg(rg) alpha_du alpha_pr  ls
 180  1.6713676e+00 0.00e+00 1.36e-04 -11.0 1.28e-04    -  1.00e+00 1.00e+00h  1
 181  1.6713675e+00 0.00e+00 1.36e-04 -11.0 1.28e-04    -  1.00e+00 1.00e+00f  1
 182  1.6713675e+00 0.00e+00 1.36e-04 -11.0 1.28e-04    -  1.00e+00 1.00e+00h  1
 183  1.6713675e+00 0.00e+00 1.36e-04 -11.0 1.28e-04    -  1.00e+00 1.00e+00h  1
 184  1.6713675e+00 0.00e+00 1.36e-04 -11.0 1.28e-04    -  1.00e+00 1.00e+00h  1
 185  1.6713674e+00 0.00e+00 1.36e-04 -11.0 1.28e-04    -  1.00e+00 1.00e+00h  1
 186  1.6713674e+00 0.00e+00 1.36e-04 -11.0 1.28e-04    -  1.00e+00 1.00e+00h  1
 187  1.6713674e+00 0.00e+00 1.36e-04 -11.0 1.28e-04    -  1.00e+00 1.00e+00h  1
 188  1.6713673e+00 0.00e+00 1.36e-04 -11.0 1.28e-04    -  1.00e+00 1.00e+00h  1
 189  1.6713673e+00 0.00e+00 1.36e-04 -11.0 1.28e-04    -  1.00e+00 1.00e+00h  1
iter    objective    inf_pr   inf_du lg(mu)  ||d||  lg(rg) alpha_du alpha_pr  ls
 190  1.6713673e+00 0.00e+00 1.36e-04 -11.0 1.28e-04    -  1.00e+00 1.00e+00h  1
 191  1.6713673e+00 0.00e+00 1.36e-04 -11.0 1.28e-04    -  1.00e+00 1.00e+00h  1
 192  1.6713672e+00 0.00e+00 1.36e-04 -11.0 1.28e-04    -  1.00e+00 1.00e+00h  1
 193  1.6713672e+00 0.00e+00 1.36e-04 -11.0 1.28e-04    -  1.00e+00 1.00e+00h  1
 194  1.6713672e+00 0.00e+00 1.36e-04 -11.0 1.28e-04    -  1.00e+00 1.00e+00h  1
 195  1.6713671e+00 0.00e+00 1.36e-04 -11.0 1.28e-04    -  1.00e+00 1.00e+00h  1
 196  1.6713671e+00 0.00e+00 1.36e-04 -11.0 1.28e-04    -  1.00e+00 1.00e+00h  1
 197  1.6713671e+00 0.00e+00 1.36e-04 -11.0 1.28e-04    -  1.00e+00 1.00e+00h  1
 198  1.6713670e+00 0.00e+00 1.36e-04 -11.0 1.28e-04    -  1.00e+00 1.00e+00h  1
 199  1.6713670e+00 0.00e+00 1.36e-04 -11.0 1.28e-04    -  1.00e+00 1.00e+00h  1
iter    objective    inf_pr   inf_du lg(mu)  ||d||  lg(rg) alpha_du alpha_pr  ls
 200  1.6713670e+00 0.00e+00 1.36e-04 -11.0 1.28e-04    -  1.00e+00 1.00e+00f  1

Number of Iterations....: 200

                                   (scaled)                 (unscaled)
Objective...............:   1.6713669906834887e+00    1.6713669906834887e+00
Dual infeasibility......:   1.3610881920797320e-04    1.3610881920797320e-04
Constraint violation....:   0.0000000000000000e+00    0.0000000000000000e+00
Variable bound violation:   0.0000000000000000e+00    0.0000000000000000e+00
Complementarity.........:   9.9999999999999978e-12    9.9999999999999978e-12
Overall NLP error.......:   1.3610881920797320e-04    1.3610881920797320e-04


Number of objective function evaluations             = 201
Number of objective gradient evaluations             = 201
Number of equality constraint evaluations            = 0
Number of inequality constraint evaluations          = 201
Number of equality constraint Jacobian evaluations   = 0
Number of inequality constraint Jacobian evaluations = 201
Number of Lagrangian Hessian evaluations             = 0
Total seconds in IPOPT                               = 8.607

EXIT: Maximum Number of Iterations Exceeded.
OPTIMIZATION FAILED
fStar None

List of user-set options:

                                    Name   Value                used
                        file_print_level = 5                     yes
                   hessian_approximation = limited-memory        yes
                                  hsllib = /home/ggs24/packages/ThirdParty-HSL/.libs/libcoinhsl.so  yes
                           linear_solver = ma97                  yes
                                max_iter = 200                   yes
                             output_file = IPOPT.out             yes
                             print_level = 5                     yes
                      print_user_options = yes                   yes
                                      sb = yes                   yes
                                     tol = 1e-05                 yes
This is Ipopt version 3.14.7, running with linear solver ma97.

Number of nonzeros in equality constraint Jacobian...:        0
Number of nonzeros in inequality constraint Jacobian.:        2
Number of nonzeros in Lagrangian Hessian.............:        0

Total number of variables............................:        2
                     variables with only lower bounds:        0
                variables with lower and upper bounds:        2
                     variables with only upper bounds:        0
Total number of equality constraints.................:        0
Total number of inequality constraints...............:        1
        inequality constraints with only lower bounds:        0
   inequality constraints with lower and upper bounds:        1
        inequality constraints with only upper bounds:        0

iter    objective    inf_pr   inf_du lg(mu)  ||d||  lg(rg) alpha_du alpha_pr  ls
   0  2.3760896e+00 3.06e+03 3.14e-07   0.0 0.00e+00    -  0.00e+00 0.00e+00   0
   1  2.3760883e+00 3.06e+03 8.91e+01   3.5 3.03e+03    -  9.98e-01 2.19e-02h  1
   2  2.3722027e+00 5.42e+01 4.31e+01  -2.7 2.93e+03    -  5.21e-01 1.00e+00h  1
   3  2.3720694e+00 0.00e+00 4.42e-01   0.9 4.45e+01    -  9.90e-01 1.00e+00h  1
   4  2.3720694e+00 0.00e+00 2.21e-03  -4.9 6.93e-03    -  9.90e-01 1.00e+00h  1
   5  2.3720681e+00 0.00e+00 4.65e-05  -6.9 1.36e+00    -  9.89e-01 1.00e+00h  1
   6  2.3720668e+00 0.00e+00 2.48e-06  -8.8 1.42e+00    -  9.47e-01 1.00e+00h  1
   7  2.3720269e+00 0.00e+00 2.35e-06 -10.1 1.63e+01    -  5.23e-02 1.00e+00h  1
   8  2.3720269e+00 0.00e+00 1.30e-06 -10.1 3.08e-04    -  1.00e+00 1.00e+00h  1

Number of Iterations....: 8

                                   (scaled)                 (unscaled)
Objective...............:   2.3720268539519291e+00    2.3720268539519291e+00
Dual infeasibility......:   1.2954505498881909e-06    1.2954505498881909e-06
Constraint violation....:   0.0000000000000000e+00    0.0000000000000000e+00
Variable bound violation:   0.0000000000000000e+00    0.0000000000000000e+00
Complementarity.........:   2.2078671107033412e-08    2.2078671107033412e-08
Overall NLP error.......:   1.2954505498881909e-06    1.2954505498881909e-06


Number of objective function evaluations             = 9
Number of objective gradient evaluations             = 9
Number of equality constraint evaluations            = 0
Number of inequality constraint evaluations          = 9
Number of equality constraint Jacobian evaluations   = 0
Number of inequality constraint Jacobian evaluations = 9
Number of Lagrangian Hessian evaluations             = 0
Total seconds in IPOPT                               = 0.406

EXIT: Optimal Solution Found.
OPTIMIZATION SUCCESSFUL
fStar [2.37202685]

List of user-set options:

                                    Name   Value                used
                        file_print_level = 5                     yes
                   hessian_approximation = limited-memory        yes
                                  hsllib = /home/ggs24/packages/ThirdParty-HSL/.libs/libcoinhsl.so  yes
                           linear_solver = ma97                  yes
                                max_iter = 200                   yes
                             output_file = IPOPT.out             yes
                             print_level = 5                     yes
                      print_user_options = yes                   yes
                                      sb = yes                   yes
                                     tol = 1e-05                 yes
This is Ipopt version 3.14.7, running with linear solver ma97.

Number of nonzeros in equality constraint Jacobian...:        0
Number of nonzeros in inequality constraint Jacobian.:        2
Number of nonzeros in Lagrangian Hessian.............:        0

Total number of variables............................:        2
                     variables with only lower bounds:        0
                variables with lower and upper bounds:        2
                     variables with only upper bounds:        0
Total number of equality constraints.................:        0
Total number of inequality constraints...............:        1
        inequality constraints with only lower bounds:        0
   inequality constraints with lower and upper bounds:        1
        inequality constraints with only upper bounds:        0

iter    objective    inf_pr   inf_du lg(mu)  ||d||  lg(rg) alpha_du alpha_pr  ls
   0  2.2974443e+00 7.74e+03 2.27e-05   0.0 0.00e+00    -  0.00e+00 0.00e+00   0
   1  2.2974025e+00 7.73e+03 1.37e+02   3.7 7.61e+03    -  7.24e-01 8.72e-03h  1
   2  2.2620352e+00 6.62e+03 1.96e+03   3.7 5.94e+03    -  3.87e-01 1.45e-01h  1
   3  8.4043429e-01 0.00e+00 5.09e+03   3.0 5.09e+03    -  6.58e-01 1.00e+00f  1
   4  8.4043413e-01 0.00e+00 2.70e+01  -2.7 2.96e-04    -  9.90e-01 1.00e+00h  1
   5  8.4039579e-01 0.00e+00 2.70e-01  -4.7 7.49e-02    -  9.90e-01 1.00e+00f  1
   6  8.3654723e-01 0.00e+00 5.75e-03  -6.7 7.51e+00    -  9.89e-01 1.00e+00f  1
   7  8.3267270e-01 0.00e+00 3.03e-04  -8.7 7.51e+00    -  9.49e-01 1.00e+00h  1
   8  8.2728624e-01 0.00e+00 4.30e-04  -3.8 1.07e+01    -  4.93e-01 1.00e+00h  1
   9  8.2728601e-01 0.00e+00 3.55e-04  -9.9 6.97e-03    -  1.00e+00 1.00e+00h  1
iter    objective    inf_pr   inf_du lg(mu)  ||d||  lg(rg) alpha_du alpha_pr  ls
  10  8.2728579e-01 0.00e+00 3.55e-04  -9.4 4.55e-04    -  1.00e+00 1.00e+00h  1
  11  8.2728556e-01 0.00e+00 3.55e-04 -11.0 4.55e-04    -  1.00e+00 1.00e+00h  1
  12  8.2728534e-01 0.00e+00 3.55e-04 -11.0 4.55e-04    -  1.00e+00 1.00e+00h  1
  13  8.2728511e-01 0.00e+00 3.55e-04 -11.0 4.55e-04    -  1.00e+00 1.00e+00h  1
  14  8.2728489e-01 0.00e+00 3.55e-04 -11.0 4.55e-04    -  1.00e+00 1.00e+00h  1
  15  8.2728466e-01 0.00e+00 3.55e-04 -11.0 4.55e-04    -  1.00e+00 1.00e+00h  1
  16  8.2728444e-01 0.00e+00 3.55e-04 -11.0 4.55e-04    -  1.00e+00 1.00e+00h  1
  17  8.2728421e-01 0.00e+00 3.55e-04 -11.0 4.55e-04    -  1.00e+00 1.00e+00h  1
  18  8.2728398e-01 0.00e+00 3.55e-04 -11.0 4.55e-04    -  1.00e+00 1.00e+00h  1
  19  8.2728376e-01 0.00e+00 3.55e-04 -11.0 4.55e-04    -  1.00e+00 1.00e+00h  1
iter    objective    inf_pr   inf_du lg(mu)  ||d||  lg(rg) alpha_du alpha_pr  ls
  20  8.2728353e-01 0.00e+00 3.55e-04 -11.0 4.55e-04    -  1.00e+00 1.00e+00h  1
  21  8.2728331e-01 0.00e+00 3.55e-04 -11.0 4.55e-04    -  1.00e+00 1.00e+00h  1
  22  8.2728308e-01 0.00e+00 3.55e-04 -11.0 4.55e-04    -  1.00e+00 1.00e+00h  1
  23  8.2728286e-01 0.00e+00 3.55e-04 -11.0 4.55e-04    -  1.00e+00 1.00e+00h  1
  24  8.2728263e-01 0.00e+00 3.55e-04 -11.0 4.55e-04    -  1.00e+00 1.00e+00h  1
  25  8.2728241e-01 0.00e+00 3.55e-04 -11.0 4.55e-04    -  1.00e+00 1.00e+00h  1
  26  8.2728218e-01 0.00e+00 3.55e-04 -11.0 4.55e-04    -  1.00e+00 1.00e+00h  1
  27  8.2728195e-01 0.00e+00 3.55e-04 -11.0 4.55e-04    -  1.00e+00 1.00e+00h  1
  28  8.2728173e-01 0.00e+00 3.55e-04 -11.0 4.55e-04    -  1.00e+00 1.00e+00h  1
  29  8.2728150e-01 0.00e+00 3.55e-04 -11.0 4.55e-04    -  1.00e+00 1.00e+00h  1
iter    objective    inf_pr   inf_du lg(mu)  ||d||  lg(rg) alpha_du alpha_pr  ls
  30  8.2728128e-01 0.00e+00 3.55e-04 -11.0 4.55e-04    -  1.00e+00 1.00e+00h  1
  31  8.2728105e-01 0.00e+00 3.55e-04 -11.0 4.55e-04    -  1.00e+00 1.00e+00h  1
  32  8.2728083e-01 0.00e+00 3.55e-04 -11.0 4.55e-04    -  1.00e+00 1.00e+00h  1
  33  8.2728060e-01 0.00e+00 3.55e-04 -11.0 4.55e-04    -  1.00e+00 1.00e+00h  1
  34  8.2728038e-01 0.00e+00 3.55e-04 -11.0 4.55e-04    -  1.00e+00 1.00e+00h  1
  35  8.2728015e-01 0.00e+00 3.55e-04 -11.0 4.55e-04    -  1.00e+00 1.00e+00h  1
  36  8.2727993e-01 0.00e+00 3.55e-04 -11.0 4.55e-04    -  1.00e+00 1.00e+00h  1
  37  8.2727970e-01 0.00e+00 3.55e-04 -11.0 4.55e-04    -  1.00e+00 1.00e+00h  1
  38  8.2727947e-01 0.00e+00 3.55e-04 -11.0 4.55e-04    -  1.00e+00 1.00e+00h  1
  39  8.2727925e-01 0.00e+00 3.55e-04 -11.0 4.55e-04    -  1.00e+00 1.00e+00h  1
iter    objective    inf_pr   inf_du lg(mu)  ||d||  lg(rg) alpha_du alpha_pr  ls
  40  8.2727902e-01 0.00e+00 3.55e-04 -11.0 4.55e-04    -  1.00e+00 1.00e+00h  1
  41  8.2727880e-01 0.00e+00 3.55e-04 -11.0 4.55e-04    -  1.00e+00 1.00e+00h  1
  42  8.2727857e-01 0.00e+00 3.55e-04 -11.0 4.55e-04    -  1.00e+00 1.00e+00h  1
  43  8.2727835e-01 0.00e+00 3.55e-04 -11.0 4.55e-04    -  1.00e+00 1.00e+00h  1
  44  8.2727812e-01 0.00e+00 3.55e-04 -11.0 4.55e-04    -  1.00e+00 1.00e+00h  1
  45  8.2727790e-01 0.00e+00 3.55e-04 -11.0 4.55e-04    -  1.00e+00 1.00e+00h  1
  46  8.2727767e-01 0.00e+00 3.55e-04 -11.0 4.55e-04    -  1.00e+00 1.00e+00h  1
  47  8.2727744e-01 0.00e+00 3.55e-04 -11.0 4.55e-04    -  1.00e+00 1.00e+00h  1
  48  8.2727722e-01 0.00e+00 3.55e-04 -11.0 4.55e-04    -  1.00e+00 1.00e+00h  1
  49  8.2727699e-01 0.00e+00 3.55e-04 -11.0 4.55e-04    -  1.00e+00 1.00e+00h  1
iter    objective    inf_pr   inf_du lg(mu)  ||d||  lg(rg) alpha_du alpha_pr  ls
  50  8.2727677e-01 0.00e+00 3.55e-04 -11.0 4.55e-04    -  1.00e+00 1.00e+00h  1
  51  8.2727654e-01 0.00e+00 3.55e-04 -11.0 4.55e-04    -  1.00e+00 1.00e+00h  1
  52  8.2727632e-01 0.00e+00 3.55e-04 -11.0 4.55e-04    -  1.00e+00 1.00e+00h  1
  53  8.2727609e-01 0.00e+00 3.55e-04 -11.0 4.55e-04    -  1.00e+00 1.00e+00h  1
  54  8.2727587e-01 0.00e+00 3.55e-04 -11.0 4.55e-04    -  1.00e+00 1.00e+00h  1
  55  8.2727564e-01 0.00e+00 3.55e-04 -11.0 4.55e-04    -  1.00e+00 1.00e+00h  1
  56  8.2727542e-01 0.00e+00 3.55e-04 -11.0 4.55e-04    -  1.00e+00 1.00e+00h  1
  57  8.2727519e-01 0.00e+00 3.55e-04 -11.0 4.55e-04    -  1.00e+00 1.00e+00h  1
  58  8.2727496e-01 0.00e+00 3.55e-04 -11.0 4.55e-04    -  1.00e+00 1.00e+00h  1
  59  8.2727474e-01 0.00e+00 3.55e-04 -11.0 4.55e-04    -  1.00e+00 1.00e+00h  1
iter    objective    inf_pr   inf_du lg(mu)  ||d||  lg(rg) alpha_du alpha_pr  ls
  60  8.2727451e-01 0.00e+00 3.55e-04 -11.0 4.55e-04    -  1.00e+00 1.00e+00h  1
  61  8.2727429e-01 0.00e+00 3.55e-04 -11.0 4.55e-04    -  1.00e+00 1.00e+00h  1
  62  8.2727406e-01 0.00e+00 3.55e-04 -11.0 4.55e-04    -  1.00e+00 1.00e+00h  1
  63  8.2727384e-01 0.00e+00 3.55e-04 -11.0 4.55e-04    -  1.00e+00 1.00e+00h  1
  64  8.2727361e-01 0.00e+00 3.55e-04 -11.0 4.55e-04    -  1.00e+00 1.00e+00h  1
  65  8.2727339e-01 0.00e+00 3.55e-04 -11.0 4.55e-04    -  1.00e+00 1.00e+00h  1
  66  8.2727316e-01 0.00e+00 3.55e-04 -11.0 4.55e-04    -  1.00e+00 1.00e+00h  1
  67  8.2727293e-01 0.00e+00 3.55e-04 -11.0 4.55e-04    -  1.00e+00 1.00e+00h  1
  68  8.2727271e-01 0.00e+00 3.55e-04 -11.0 4.55e-04    -  1.00e+00 1.00e+00h  1
  69  8.2727248e-01 0.00e+00 3.55e-04 -11.0 4.55e-04    -  1.00e+00 1.00e+00h  1
iter    objective    inf_pr   inf_du lg(mu)  ||d||  lg(rg) alpha_du alpha_pr  ls
  70  8.2727226e-01 0.00e+00 3.55e-04 -11.0 4.55e-04    -  1.00e+00 1.00e+00h  1
  71  8.2727203e-01 0.00e+00 3.55e-04 -11.0 4.55e-04    -  1.00e+00 1.00e+00h  1
  72  8.2727181e-01 0.00e+00 3.55e-04 -11.0 4.55e-04    -  1.00e+00 1.00e+00h  1
  73  8.2727158e-01 0.00e+00 3.55e-04 -11.0 4.55e-04    -  1.00e+00 1.00e+00h  1
  74  8.2727136e-01 0.00e+00 3.55e-04 -11.0 4.55e-04    -  1.00e+00 1.00e+00h  1
  75  8.2727113e-01 0.00e+00 3.55e-04 -11.0 4.55e-04    -  1.00e+00 1.00e+00h  1
  76  8.2727090e-01 0.00e+00 3.55e-04 -11.0 4.55e-04    -  1.00e+00 1.00e+00h  1
  77  8.2727068e-01 0.00e+00 3.55e-04 -11.0 4.55e-04    -  1.00e+00 1.00e+00h  1
  78  8.2727045e-01 0.00e+00 3.55e-04 -11.0 4.55e-04    -  1.00e+00 1.00e+00h  1
  79  8.2727023e-01 0.00e+00 3.55e-04 -11.0 4.55e-04    -  1.00e+00 1.00e+00h  1
iter    objective    inf_pr   inf_du lg(mu)  ||d||  lg(rg) alpha_du alpha_pr  ls
  80  8.2727000e-01 0.00e+00 3.55e-04 -11.0 4.55e-04    -  1.00e+00 1.00e+00h  1
  81  8.2726978e-01 0.00e+00 3.55e-04 -11.0 4.55e-04    -  1.00e+00 1.00e+00h  1
  82  8.2726955e-01 0.00e+00 3.55e-04 -11.0 4.55e-04    -  1.00e+00 1.00e+00h  1
  83  8.2726933e-01 0.00e+00 3.55e-04 -11.0 4.55e-04    -  1.00e+00 1.00e+00h  1
  84  8.2726910e-01 0.00e+00 3.55e-04 -11.0 4.55e-04    -  1.00e+00 1.00e+00h  1
  85  8.2726888e-01 0.00e+00 3.55e-04 -11.0 4.55e-04    -  1.00e+00 1.00e+00h  1
  86  8.2726865e-01 0.00e+00 3.55e-04 -11.0 4.55e-04    -  1.00e+00 1.00e+00h  1
  87  8.2726842e-01 0.00e+00 3.55e-04 -11.0 4.55e-04    -  1.00e+00 1.00e+00h  1
  88  8.2726820e-01 0.00e+00 3.55e-04 -11.0 4.55e-04    -  1.00e+00 1.00e+00h  1
  89  8.2726797e-01 0.00e+00 3.55e-04 -11.0 4.55e-04    -  1.00e+00 1.00e+00h  1
iter    objective    inf_pr   inf_du lg(mu)  ||d||  lg(rg) alpha_du alpha_pr  ls
  90  8.2726775e-01 0.00e+00 3.55e-04 -11.0 4.55e-04    -  1.00e+00 1.00e+00h  1
  91  8.2726752e-01 0.00e+00 3.55e-04 -11.0 4.55e-04    -  1.00e+00 1.00e+00h  1
  92  8.2726730e-01 0.00e+00 3.55e-04 -11.0 4.55e-04    -  1.00e+00 1.00e+00h  1
  93  8.2726707e-01 0.00e+00 3.55e-04 -11.0 4.55e-04    -  1.00e+00 1.00e+00h  1
  94  8.2726685e-01 0.00e+00 3.55e-04 -11.0 4.55e-04    -  1.00e+00 1.00e+00h  1
  95  8.2726662e-01 0.00e+00 3.55e-04 -11.0 4.55e-04    -  1.00e+00 1.00e+00h  1
  96  8.2726639e-01 0.00e+00 3.55e-04 -11.0 4.55e-04    -  1.00e+00 1.00e+00h  1
  97  8.2726617e-01 0.00e+00 3.55e-04 -11.0 4.55e-04    -  1.00e+00 1.00e+00h  1
  98  8.2726594e-01 0.00e+00 3.55e-04 -11.0 4.55e-04    -  1.00e+00 1.00e+00h  1
  99  8.2726572e-01 0.00e+00 3.55e-04 -11.0 4.55e-04    -  1.00e+00 1.00e+00h  1
iter    objective    inf_pr   inf_du lg(mu)  ||d||  lg(rg) alpha_du alpha_pr  ls
 100  8.2726549e-01 0.00e+00 3.55e-04 -11.0 4.55e-04    -  1.00e+00 1.00e+00h  1
 101  8.2726527e-01 0.00e+00 3.55e-04 -11.0 4.55e-04    -  1.00e+00 1.00e+00h  1
 102  8.2726504e-01 0.00e+00 3.55e-04 -11.0 4.55e-04    -  1.00e+00 1.00e+00h  1
 103  8.2726482e-01 0.00e+00 3.55e-04 -11.0 4.55e-04    -  1.00e+00 1.00e+00h  1
 104  8.2726459e-01 0.00e+00 3.55e-04 -11.0 4.55e-04    -  1.00e+00 1.00e+00h  1
 105  8.2726436e-01 0.00e+00 3.55e-04 -11.0 4.55e-04    -  1.00e+00 1.00e+00h  1
 106  8.2726414e-01 0.00e+00 3.55e-04 -11.0 4.55e-04    -  1.00e+00 1.00e+00h  1
 107  8.2726391e-01 0.00e+00 3.55e-04 -11.0 4.55e-04    -  1.00e+00 1.00e+00h  1
 108  8.2726369e-01 0.00e+00 3.55e-04 -11.0 4.55e-04    -  1.00e+00 1.00e+00h  1
 109  8.2726346e-01 0.00e+00 3.55e-04 -11.0 4.55e-04    -  1.00e+00 1.00e+00h  1
iter    objective    inf_pr   inf_du lg(mu)  ||d||  lg(rg) alpha_du alpha_pr  ls
 110  8.2726324e-01 0.00e+00 3.55e-04 -11.0 4.55e-04    -  1.00e+00 1.00e+00h  1
 111  8.2726301e-01 0.00e+00 3.55e-04 -11.0 4.55e-04    -  1.00e+00 1.00e+00h  1
 112  8.2726279e-01 0.00e+00 3.55e-04 -11.0 4.55e-04    -  1.00e+00 1.00e+00h  1
 113  8.2726256e-01 0.00e+00 3.55e-04 -11.0 4.55e-04    -  1.00e+00 1.00e+00h  1
 114  8.2726234e-01 0.00e+00 3.55e-04 -11.0 4.55e-04    -  1.00e+00 1.00e+00h  1
 115  8.2726211e-01 0.00e+00 3.55e-04 -11.0 4.55e-04    -  1.00e+00 1.00e+00h  1
 116  8.2726188e-01 0.00e+00 3.55e-04 -11.0 4.55e-04    -  1.00e+00 1.00e+00h  1
 117  8.2726166e-01 0.00e+00 3.55e-04 -11.0 4.55e-04    -  1.00e+00 1.00e+00h  1
 118  8.2726143e-01 0.00e+00 3.55e-04 -11.0 4.55e-04    -  1.00e+00 1.00e+00h  1
 119  8.2726121e-01 0.00e+00 3.55e-04 -11.0 4.55e-04    -  1.00e+00 1.00e+00h  1
iter    objective    inf_pr   inf_du lg(mu)  ||d||  lg(rg) alpha_du alpha_pr  ls
 120  8.2726098e-01 0.00e+00 3.55e-04 -11.0 4.55e-04    -  1.00e+00 1.00e+00h  1
 121  8.2726076e-01 0.00e+00 3.55e-04 -11.0 4.55e-04    -  1.00e+00 1.00e+00h  1
 122  8.2726053e-01 0.00e+00 3.55e-04 -11.0 4.55e-04    -  1.00e+00 1.00e+00h  1
 123  8.2726031e-01 0.00e+00 3.55e-04 -11.0 4.55e-04    -  1.00e+00 1.00e+00h  1
 124  8.2726008e-01 0.00e+00 3.55e-04 -11.0 4.55e-04    -  1.00e+00 1.00e+00h  1
 125  8.2725985e-01 0.00e+00 3.55e-04 -11.0 4.55e-04    -  1.00e+00 1.00e+00h  1
 126  8.2725963e-01 0.00e+00 3.55e-04 -11.0 4.55e-04    -  1.00e+00 1.00e+00h  1
 127  8.2725940e-01 0.00e+00 3.55e-04 -11.0 4.55e-04    -  1.00e+00 1.00e+00h  1
 128  8.2725918e-01 0.00e+00 3.55e-04 -11.0 4.55e-04    -  1.00e+00 1.00e+00h  1
 129  8.2725895e-01 0.00e+00 3.55e-04 -11.0 4.55e-04    -  1.00e+00 1.00e+00h  1
iter    objective    inf_pr   inf_du lg(mu)  ||d||  lg(rg) alpha_du alpha_pr  ls
 130  8.2725873e-01 0.00e+00 3.55e-04 -11.0 4.55e-04    -  1.00e+00 1.00e+00h  1
 131  8.2725850e-01 0.00e+00 3.55e-04 -11.0 4.55e-04    -  1.00e+00 1.00e+00h  1
 132  8.2725828e-01 0.00e+00 3.55e-04 -11.0 4.55e-04    -  1.00e+00 1.00e+00h  1
 133  8.2725805e-01 0.00e+00 3.55e-04 -11.0 4.55e-04    -  1.00e+00 1.00e+00h  1
 134  8.2725782e-01 0.00e+00 3.55e-04 -11.0 4.55e-04    -  1.00e+00 1.00e+00h  1
 135  8.2725760e-01 0.00e+00 3.55e-04 -11.0 4.55e-04    -  1.00e+00 1.00e+00h  1
 136  8.2725737e-01 0.00e+00 3.55e-04 -11.0 4.55e-04    -  1.00e+00 1.00e+00h  1
 137  8.2725715e-01 0.00e+00 3.55e-04 -11.0 4.55e-04    -  1.00e+00 1.00e+00h  1
 138  8.2725692e-01 0.00e+00 3.55e-04 -11.0 4.55e-04    -  1.00e+00 1.00e+00h  1
 139  8.2725670e-01 0.00e+00 3.55e-04 -11.0 4.55e-04    -  1.00e+00 1.00e+00h  1
iter    objective    inf_pr   inf_du lg(mu)  ||d||  lg(rg) alpha_du alpha_pr  ls
 140  8.2725647e-01 0.00e+00 3.55e-04 -11.0 4.55e-04    -  1.00e+00 1.00e+00h  1
 141  8.2725625e-01 0.00e+00 3.55e-04 -11.0 4.55e-04    -  1.00e+00 1.00e+00h  1
 142  8.2725602e-01 0.00e+00 3.55e-04 -11.0 4.55e-04    -  1.00e+00 1.00e+00h  1
 143  8.2725580e-01 0.00e+00 3.55e-04 -11.0 4.55e-04    -  1.00e+00 1.00e+00h  1
 144  8.2725557e-01 0.00e+00 3.55e-04 -11.0 4.55e-04    -  1.00e+00 1.00e+00h  1
 145  8.2725534e-01 0.00e+00 3.55e-04 -11.0 4.55e-04    -  1.00e+00 1.00e+00h  1
 146  8.2725512e-01 0.00e+00 3.55e-04 -11.0 4.55e-04    -  1.00e+00 1.00e+00h  1
 147  8.2725489e-01 0.00e+00 3.55e-04 -11.0 4.55e-04    -  1.00e+00 1.00e+00h  1
 148  8.2725467e-01 0.00e+00 3.55e-04 -11.0 4.55e-04    -  1.00e+00 1.00e+00h  1
 149  8.2725444e-01 0.00e+00 3.55e-04 -11.0 4.55e-04    -  1.00e+00 1.00e+00h  1
iter    objective    inf_pr   inf_du lg(mu)  ||d||  lg(rg) alpha_du alpha_pr  ls
 150  8.2725422e-01 0.00e+00 3.55e-04 -11.0 4.55e-04    -  1.00e+00 1.00e+00h  1
 151  8.2725399e-01 0.00e+00 3.55e-04 -11.0 4.55e-04    -  1.00e+00 1.00e+00h  1
 152  8.2725377e-01 0.00e+00 3.55e-04 -11.0 4.55e-04    -  1.00e+00 1.00e+00h  1
 153  8.2725354e-01 0.00e+00 3.55e-04 -11.0 4.55e-04    -  1.00e+00 1.00e+00h  1
 154  8.2725331e-01 0.00e+00 3.55e-04 -11.0 4.55e-04    -  1.00e+00 1.00e+00h  1
 155  8.2725309e-01 0.00e+00 3.55e-04 -11.0 4.55e-04    -  1.00e+00 1.00e+00h  1
 156  8.2725286e-01 0.00e+00 3.55e-04 -11.0 4.55e-04    -  1.00e+00 1.00e+00h  1
 157  8.2725264e-01 0.00e+00 3.55e-04 -11.0 4.55e-04    -  1.00e+00 1.00e+00h  1
 158  8.2725241e-01 0.00e+00 3.55e-04 -11.0 4.55e-04    -  1.00e+00 1.00e+00h  1
 159  8.2725219e-01 0.00e+00 3.55e-04 -11.0 4.55e-04    -  1.00e+00 1.00e+00h  1
iter    objective    inf_pr   inf_du lg(mu)  ||d||  lg(rg) alpha_du alpha_pr  ls
 160  8.2725196e-01 0.00e+00 3.55e-04 -11.0 4.55e-04    -  1.00e+00 1.00e+00h  1
 161  8.2725174e-01 0.00e+00 3.55e-04 -11.0 4.55e-04    -  1.00e+00 1.00e+00h  1
 162  8.2725151e-01 0.00e+00 3.55e-04 -11.0 4.55e-04    -  1.00e+00 1.00e+00h  1
 163  8.2725128e-01 0.00e+00 3.55e-04 -11.0 4.55e-04    -  1.00e+00 1.00e+00h  1
 164  8.2725106e-01 0.00e+00 3.55e-04 -11.0 4.55e-04    -  1.00e+00 1.00e+00h  1
 165  8.2725083e-01 0.00e+00 3.55e-04 -11.0 4.55e-04    -  1.00e+00 1.00e+00h  1
 166  8.2725061e-01 0.00e+00 3.55e-04 -11.0 4.55e-04    -  1.00e+00 1.00e+00h  1
 167  8.2725038e-01 0.00e+00 3.55e-04 -11.0 4.55e-04    -  1.00e+00 1.00e+00h  1
 168  8.2725016e-01 0.00e+00 3.55e-04 -11.0 4.55e-04    -  1.00e+00 1.00e+00h  1
 169  8.2724993e-01 0.00e+00 3.55e-04 -11.0 4.55e-04    -  1.00e+00 1.00e+00h  1
iter    objective    inf_pr   inf_du lg(mu)  ||d||  lg(rg) alpha_du alpha_pr  ls
 170  8.2724971e-01 0.00e+00 3.55e-04 -11.0 4.55e-04    -  1.00e+00 1.00e+00h  1
 171  8.2724948e-01 0.00e+00 3.55e-04 -11.0 4.55e-04    -  1.00e+00 1.00e+00h  1
 172  8.2724926e-01 0.00e+00 3.55e-04 -11.0 4.55e-04    -  1.00e+00 1.00e+00h  1
 173  8.2724903e-01 0.00e+00 3.55e-04 -11.0 4.55e-04    -  1.00e+00 1.00e+00h  1
 174  8.2724880e-01 0.00e+00 3.55e-04 -11.0 4.55e-04    -  1.00e+00 1.00e+00h  1
 175  8.2724858e-01 0.00e+00 3.55e-04 -11.0 4.55e-04    -  1.00e+00 1.00e+00h  1
 176  8.2724835e-01 0.00e+00 3.55e-04 -11.0 4.55e-04    -  1.00e+00 1.00e+00h  1
 177  8.2724813e-01 0.00e+00 3.55e-04 -11.0 4.55e-04    -  1.00e+00 1.00e+00h  1
 178  8.2724790e-01 0.00e+00 3.55e-04 -11.0 4.55e-04    -  1.00e+00 1.00e+00h  1
 179  8.2724768e-01 0.00e+00 3.55e-04 -11.0 4.55e-04    -  1.00e+00 1.00e+00h  1
iter    objective    inf_pr   inf_du lg(mu)  ||d||  lg(rg) alpha_du alpha_pr  ls
 180  8.2724745e-01 0.00e+00 3.55e-04 -11.0 4.55e-04    -  1.00e+00 1.00e+00h  1
 181  8.2724723e-01 0.00e+00 3.55e-04 -11.0 4.55e-04    -  1.00e+00 1.00e+00h  1
 182  8.2724700e-01 0.00e+00 3.55e-04 -11.0 4.55e-04    -  1.00e+00 1.00e+00h  1
 183  8.2724677e-01 0.00e+00 3.55e-04 -11.0 4.55e-04    -  1.00e+00 1.00e+00h  1
 184  8.2724655e-01 0.00e+00 3.55e-04 -11.0 4.55e-04    -  1.00e+00 1.00e+00h  1
 185  8.2724632e-01 0.00e+00 3.55e-04 -11.0 4.55e-04    -  1.00e+00 1.00e+00h  1
 186  8.2724610e-01 0.00e+00 3.55e-04 -11.0 4.55e-04    -  1.00e+00 1.00e+00h  1
 187  8.2724587e-01 0.00e+00 3.55e-04 -11.0 4.55e-04    -  1.00e+00 1.00e+00h  1
 188  8.2724565e-01 0.00e+00 3.55e-04 -11.0 4.55e-04    -  1.00e+00 1.00e+00h  1
 189  8.2724542e-01 0.00e+00 3.55e-04 -11.0 4.55e-04    -  1.00e+00 1.00e+00h  1
iter    objective    inf_pr   inf_du lg(mu)  ||d||  lg(rg) alpha_du alpha_pr  ls
 190  8.2724520e-01 0.00e+00 3.55e-04 -11.0 4.55e-04    -  1.00e+00 1.00e+00h  1
 191  8.2724497e-01 0.00e+00 3.55e-04 -11.0 4.55e-04    -  1.00e+00 1.00e+00h  1
 192  8.2724474e-01 0.00e+00 3.55e-04 -11.0 4.55e-04    -  1.00e+00 1.00e+00h  1
 193  8.2724452e-01 0.00e+00 3.55e-04 -11.0 4.55e-04    -  1.00e+00 1.00e+00h  1
 194  8.2724429e-01 0.00e+00 3.55e-04 -11.0 4.55e-04    -  1.00e+00 1.00e+00h  1
 195  8.2724407e-01 0.00e+00 3.55e-04 -11.0 4.55e-04    -  1.00e+00 1.00e+00h  1
 196  8.2724384e-01 0.00e+00 3.55e-04 -11.0 4.55e-04    -  1.00e+00 1.00e+00h  1
 197  8.2724362e-01 0.00e+00 3.55e-04 -11.0 4.55e-04    -  1.00e+00 1.00e+00h  1
 198  8.2724339e-01 0.00e+00 3.55e-04 -11.0 4.55e-04    -  1.00e+00 1.00e+00h  1
 199  8.2724317e-01 0.00e+00 3.55e-04 -11.0 4.55e-04    -  1.00e+00 1.00e+00h  1
iter    objective    inf_pr   inf_du lg(mu)  ||d||  lg(rg) alpha_du alpha_pr  ls
 200  8.2724294e-01 0.00e+00 3.55e-04 -11.0 4.55e-04    -  1.00e+00 1.00e+00h  1

Number of Iterations....: 200

                                   (scaled)                 (unscaled)
Objective...............:   8.2724294055694159e-01    8.2724294055694159e-01
Dual infeasibility......:   3.5499427653352012e-04    3.5499427653352012e-04
Constraint violation....:   0.0000000000000000e+00    0.0000000000000000e+00
Variable bound violation:   0.0000000000000000e+00    0.0000000000000000e+00
Complementarity.........:   9.9999999999999978e-12    9.9999999999999978e-12
Overall NLP error.......:   3.5499427653352012e-04    3.5499427653352012e-04


Number of objective function evaluations             = 201
Number of objective gradient evaluations             = 201
Number of equality constraint evaluations            = 0
Number of inequality constraint evaluations          = 201
Number of equality constraint Jacobian evaluations   = 0
Number of inequality constraint Jacobian evaluations = 201
Number of Lagrangian Hessian evaluations             = 0
Total seconds in IPOPT                               = 8.607

EXIT: Maximum Number of Iterations Exceeded.
OPTIMIZATION FAILED
fStar None

List of user-set options:

                                    Name   Value                used
                        file_print_level = 5                     yes
                   hessian_approximation = limited-memory        yes
                                  hsllib = /home/ggs24/packages/ThirdParty-HSL/.libs/libcoinhsl.so  yes
                           linear_solver = ma97                  yes
                                max_iter = 200                   yes
                             output_file = IPOPT.out             yes
                             print_level = 5                     yes
                      print_user_options = yes                   yes
                                      sb = yes                   yes
                                     tol = 1e-05                 yes
This is Ipopt version 3.14.7, running with linear solver ma97.

Number of nonzeros in equality constraint Jacobian...:        0
Number of nonzeros in inequality constraint Jacobian.:        2
Number of nonzeros in Lagrangian Hessian.............:        0

Total number of variables............................:        2
                     variables with only lower bounds:        0
                variables with lower and upper bounds:        2
                     variables with only upper bounds:        0
Total number of equality constraints.................:        0
Total number of inequality constraints...............:        1
        inequality constraints with only lower bounds:        0
   inequality constraints with lower and upper bounds:        1
        inequality constraints with only upper bounds:        0

iter    objective    inf_pr   inf_du lg(mu)  ||d||  lg(rg) alpha_du alpha_pr  ls
   0  2.3740775e+00 0.00e+00 2.95e-06   0.0 0.00e+00    -  0.00e+00 0.00e+00   0
   1  2.3740775e+00 0.00e+00 3.92e-06  -2.1 5.51e-06    -  9.90e-01 1.00e+00f  1
   2  2.3740775e+00 0.00e+00 7.86e-03   1.8 1.53e-02    -  1.00e+00 1.00e+00f  1
   3  2.3727767e+00 0.00e+00 2.23e-04   1.1 2.87e+02    -  1.00e+00 1.00e+00f  1
   4  2.3727119e+00 0.00e+00 4.98e-06  -1.0 1.57e+01    -  9.97e-01 1.00e+00h  1
   5  2.3722793e+00 0.00e+00 3.21e-06  -2.2 1.36e+02    -  9.96e-01 1.00e+00h  1
   6  2.3722793e+00 0.00e+00 3.77e-06  -8.2 2.40e-02    -  9.90e-01 1.00e+00h  1
   7  2.3722793e+00 0.00e+00 3.78e-06 -10.2 4.88e-06    -  1.00e+00 1.00e+00h  1

Number of Iterations....: 7

                                   (scaled)                 (unscaled)
Objective...............:   2.3722793116606531e+00    2.3722793116606531e+00
Dual infeasibility......:   3.7780443508131675e-06    3.7780443508131675e-06
Constraint violation....:   0.0000000000000000e+00    0.0000000000000000e+00
Variable bound violation:   0.0000000000000000e+00    0.0000000000000000e+00
Complementarity.........:   1.4928871087431835e-08    1.4928871087431835e-08
Overall NLP error.......:   3.7780443508131675e-06    3.7780443508131675e-06


Number of objective function evaluations             = 8
Number of objective gradient evaluations             = 8
Number of equality constraint evaluations            = 0
Number of inequality constraint evaluations          = 8
Number of equality constraint Jacobian evaluations   = 0
Number of inequality constraint Jacobian evaluations = 8
Number of Lagrangian Hessian evaluations             = 0
Total seconds in IPOPT                               = 0.364

EXIT: Optimal Solution Found.
OPTIMIZATION SUCCESSFUL
fStar [2.37227931]

List of user-set options:

                                    Name   Value                used
                        file_print_level = 5                     yes
                   hessian_approximation = limited-memory        yes
                                  hsllib = /home/ggs24/packages/ThirdParty-HSL/.libs/libcoinhsl.so  yes
                           linear_solver = ma97                  yes
                                max_iter = 200                   yes
                             output_file = IPOPT.out             yes
                             print_level = 5                     yes
                      print_user_options = yes                   yes
                                      sb = yes                   yes
                                     tol = 1e-05                 yes
This is Ipopt version 3.14.7, running with linear solver ma97.

Number of nonzeros in equality constraint Jacobian...:        0
Number of nonzeros in inequality constraint Jacobian.:        2
Number of nonzeros in Lagrangian Hessian.............:        0

Total number of variables............................:        2
                     variables with only lower bounds:        0
                variables with lower and upper bounds:        2
                     variables with only upper bounds:        0
Total number of equality constraints.................:        0
Total number of inequality constraints...............:        1
        inequality constraints with only lower bounds:        0
   inequality constraints with lower and upper bounds:        1
        inequality constraints with only upper bounds:        0

iter    objective    inf_pr   inf_du lg(mu)  ||d||  lg(rg) alpha_du alpha_pr  ls
   0  2.3773288e+00 1.09e+03 4.65e-07   0.0 0.00e+00    -  0.00e+00 0.00e+00   0
   1  2.3773281e+00 1.09e+03 3.17e+01   3.1 1.12e+03    -  9.95e-01 5.92e-02h  1
   2  2.3769727e+00 0.00e+00 5.61e+00  -3.1 8.53e+02    -  8.34e-01 1.00e+00h  1
   3  2.3769724e+00 0.00e+00 5.69e-02  -4.0 3.10e-01    -  9.90e-01 1.00e+00h  1
   4  2.3769723e+00 0.00e+00 5.69e-04  -6.0 1.11e-01    -  9.90e-01 1.00e+00h  1
   5  2.3769650e+00 0.00e+00 5.16e-06  -2.1 1.56e+01    -  9.91e-01 1.00e+00f  1
   6  2.3769650e+00 0.00e+00 7.46e-07  -8.1 9.17e-07    -  9.91e-01 1.00e+00h  1
   7  2.3769650e+00 0.00e+00 7.25e-07 -10.2 9.17e-07    -  1.00e+00 1.00e+00f  1

Number of Iterations....: 7

                                   (scaled)                 (unscaled)
Objective...............:   2.3769649608521366e+00    2.3769649608521366e+00
Dual infeasibility......:   7.2537972281566107e-07    7.2537972281566107e-07
Constraint violation....:   0.0000000000000000e+00    0.0000000000000000e+00
Variable bound violation:   0.0000000000000000e+00    0.0000000000000000e+00
Complementarity.........:   6.5858016648796299e-09    6.5858016648796299e-09
Overall NLP error.......:   7.2537972281566107e-07    7.2537972281566107e-07


Number of objective function evaluations             = 8
Number of objective gradient evaluations             = 8
Number of equality constraint evaluations            = 0
Number of inequality constraint evaluations          = 8
Number of equality constraint Jacobian evaluations   = 0
Number of inequality constraint Jacobian evaluations = 8
Number of Lagrangian Hessian evaluations             = 0
Total seconds in IPOPT                               = 0.370

EXIT: Optimal Solution Found.
OPTIMIZATION SUCCESSFUL
fStar [2.37696496]

List of user-set options:

                                    Name   Value                used
                        file_print_level = 5                     yes
                   hessian_approximation = limited-memory        yes
                                  hsllib = /home/ggs24/packages/ThirdParty-HSL/.libs/libcoinhsl.so  yes
                           linear_solver = ma97                  yes
                                max_iter = 200                   yes
                             output_file = IPOPT.out             yes
                             print_level = 5                     yes
                      print_user_options = yes                   yes
                                      sb = yes                   yes
                                     tol = 1e-05                 yes
This is Ipopt version 3.14.7, running with linear solver ma97.

Number of nonzeros in equality constraint Jacobian...:        0
Number of nonzeros in inequality constraint Jacobian.:        2
Number of nonzeros in Lagrangian Hessian.............:        0

Total number of variables............................:        2
                     variables with only lower bounds:        0
                variables with lower and upper bounds:        2
                     variables with only upper bounds:        0
Total number of equality constraints.................:        0
Total number of inequality constraints...............:        1
        inequality constraints with only lower bounds:        0
   inequality constraints with lower and upper bounds:        1
        inequality constraints with only upper bounds:        0

iter    objective    inf_pr   inf_du lg(mu)  ||d||  lg(rg) alpha_du alpha_pr  ls
   0  2.3772523e+00 4.70e+03 1.84e-07   0.0 0.00e+00    -  0.00e+00 0.00e+00   0
   1  2.3772518e+00 4.70e+03 1.35e+02   3.7 4.63e+03    -  9.91e-01 1.43e-02h  1
   2  2.3776137e+00 7.32e+02 8.87e+01  -2.5 5.17e+03    -  3.02e-01 1.00e+00h  1
   3  2.3774964e+00 4.16e-01 9.60e-01   2.1 7.16e+02    -  9.90e-01 1.00e+00f  1
   4  2.3774955e+00 0.00e+00 1.02e-02  -3.9 2.21e+00    -  9.89e-01 1.00e+00h  1
   5  2.3774952e+00 0.00e+00 1.02e-04  -5.9 4.57e-01    -  9.90e-01 1.00e+00h  1
   6  2.3774949e+00 0.00e+00 1.36e-06  -7.9 4.65e-01    -  9.87e-01 1.00e+00h  1
   7  2.3774949e+00 0.00e+00 6.94e-07  -9.8 1.59e-05    -  1.00e+00 1.00e+00h  1

Number of Iterations....: 7

                                   (scaled)                 (unscaled)
Objective...............:   2.3774948693393241e+00    2.3774948693393241e+00
Dual infeasibility......:   6.9353214805996088e-07    6.9353214805996088e-07
Constraint violation....:   0.0000000000000000e+00    0.0000000000000000e+00
Variable bound violation:   0.0000000000000000e+00    0.0000000000000000e+00
Complementarity.........:   1.3205746938212378e-07    1.3205746938212378e-07
Overall NLP error.......:   6.9353214805996088e-07    6.9353214805996088e-07


Number of objective function evaluations             = 8
Number of objective gradient evaluations             = 8
Number of equality constraint evaluations            = 0
Number of inequality constraint evaluations          = 8
Number of equality constraint Jacobian evaluations   = 0
Number of inequality constraint Jacobian evaluations = 8
Number of Lagrangian Hessian evaluations             = 0
Total seconds in IPOPT                               = 0.442

EXIT: Optimal Solution Found.
OPTIMIZATION SUCCESSFUL
fStar [2.37749487]

List of user-set options:

                                    Name   Value                used
                        file_print_level = 5                     yes
                   hessian_approximation = limited-memory        yes
                                  hsllib = /home/ggs24/packages/ThirdParty-HSL/.libs/libcoinhsl.so  yes
                           linear_solver = ma97                  yes
                                max_iter = 200                   yes
                             output_file = IPOPT.out             yes
                             print_level = 5                     yes
                      print_user_options = yes                   yes
                                      sb = yes                   yes
                                     tol = 1e-05                 yes
This is Ipopt version 3.14.7, running with linear solver ma97.

Number of nonzeros in equality constraint Jacobian...:        0
Number of nonzeros in inequality constraint Jacobian.:        2
Number of nonzeros in Lagrangian Hessian.............:        0

Total number of variables............................:        2
                     variables with only lower bounds:        0
                variables with lower and upper bounds:        2
                     variables with only upper bounds:        0
Total number of equality constraints.................:        0
Total number of inequality constraints...............:        1
        inequality constraints with only lower bounds:        0
   inequality constraints with lower and upper bounds:        1
        inequality constraints with only upper bounds:        0

iter    objective    inf_pr   inf_du lg(mu)  ||d||  lg(rg) alpha_du alpha_pr  ls
   0  2.2879267e+00 0.00e+00 2.33e-05   0.0 0.00e+00    -  0.00e+00 0.00e+00   0
   1  2.2879267e+00 0.00e+00 2.28e-05  -2.1 4.55e-05    -  9.90e-01 1.00e+00f  1
   2  2.3352433e+00 0.00e+00 1.78e-03   1.8 1.09e+03    -  1.00e+00 1.00e+00f  1
   3  2.3407938e+00 0.00e+00 1.46e-04   1.1 2.95e+02    -  1.00e+00 1.00e+00h  1
   4  2.3461137e+00 0.00e+00 2.66e-05   0.4 2.70e+02    -  1.00e+00 1.00e+00h  1
   5  2.3461137e+00 0.00e+00 2.28e-05  -0.3 1.53e+01    -  1.00e+00 1.00e+00h  1
   6  2.3461137e+00 0.00e+00 2.12e-05  -1.0 2.92e-05    -  1.00e+00 1.00e+00h  1
   7  2.3461137e+00 0.00e+00 2.13e-05  -1.7 2.69e-05    -  1.00e+00 1.00e+00h  1
   8  2.3461137e+00 0.00e+00 2.14e-05  -2.5 2.64e-05    -  1.00e+00 1.00e+00f  1
   9  2.3461137e+00 0.00e+00 2.14e-05  -3.7 2.63e-05    -  1.00e+00 1.00e+00h  1
iter    objective    inf_pr   inf_du lg(mu)  ||d||  lg(rg) alpha_du alpha_pr  ls
  10  2.3461137e+00 0.00e+00 2.14e-05  -5.6 2.63e-05    -  1.00e+00 1.00e+00h  1
  11  2.3461137e+00 0.00e+00 2.14e-05  -6.0 2.63e-05    -  1.00e+00 1.00e+00h  1
  12  2.3461137e+00 0.00e+00 2.14e-05  -6.0 2.63e-05    -  1.00e+00 1.00e+00f  1
  13  2.3461137e+00 0.00e+00 2.14e-05  -6.0 2.63e-05    -  1.00e+00 1.00e+00h  1
  14  2.3461137e+00 0.00e+00 2.14e-05  -6.0 2.63e-05    -  1.00e+00 1.00e+00h  1
  15  2.3461137e+00 0.00e+00 2.14e-05  -6.0 2.63e-05    -  1.00e+00 1.00e+00h  1
  16  2.3461137e+00 0.00e+00 2.14e-05  -6.0 2.63e-05    -  1.00e+00 1.00e+00f  1
  17  2.3461137e+00 0.00e+00 2.14e-05  -6.0 2.63e-05    -  1.00e+00 1.00e+00f  1
  18  2.3461137e+00 0.00e+00 2.14e-05  -6.0 2.63e-05    -  1.00e+00 1.00e+00f  1
  19  2.3461137e+00 0.00e+00 2.14e-05  -6.0 2.63e-05    -  1.00e+00 1.00e+00f  1
iter    objective    inf_pr   inf_du lg(mu)  ||d||  lg(rg) alpha_du alpha_pr  ls
  20  2.3461137e+00 0.00e+00 2.14e-05  -6.0 2.63e-05    -  1.00e+00 1.00e+00h  1
  21  2.3461137e+00 0.00e+00 2.14e-05  -6.0 2.63e-05    -  1.00e+00 1.00e+00h  1
  22  2.3461137e+00 0.00e+00 2.14e-05  -6.0 2.63e-05    -  1.00e+00 1.00e+00h  1
  23  2.3461137e+00 0.00e+00 2.14e-05  -6.0 2.63e-05    -  1.00e+00 1.00e+00h  1
  24  2.3461137e+00 0.00e+00 2.14e-05  -6.0 2.63e-05    -  1.00e+00 1.00e+00h  1
  25  2.3461137e+00 0.00e+00 2.14e-05  -6.0 2.63e-05    -  1.00e+00 1.00e+00f  1
  26  2.3461137e+00 0.00e+00 2.14e-05  -6.0 2.63e-05    -  1.00e+00 1.00e+00h  1
  27  2.3461137e+00 0.00e+00 2.14e-05  -6.0 2.63e-05    -  1.00e+00 1.00e+00h  1
  28  2.3461137e+00 0.00e+00 2.14e-05  -6.0 2.63e-05    -  1.00e+00 1.00e+00h  1
  29  2.3461137e+00 0.00e+00 2.14e-05  -6.0 2.63e-05    -  1.00e+00 1.00e+00h  1
iter    objective    inf_pr   inf_du lg(mu)  ||d||  lg(rg) alpha_du alpha_pr  ls
  30  2.3461137e+00 0.00e+00 2.14e-05  -6.0 2.63e-05    -  1.00e+00 1.00e+00f  1
  31  2.3461137e+00 0.00e+00 2.14e-05  -6.0 2.63e-05    -  1.00e+00 1.00e+00h  1
  32  2.3461137e+00 0.00e+00 2.14e-05  -6.0 2.63e-05    -  1.00e+00 1.00e+00f  1
  33  2.3461137e+00 0.00e+00 2.14e-05  -6.0 2.63e-05    -  1.00e+00 1.00e+00f  1
  34  2.3461137e+00 0.00e+00 2.14e-05  -6.0 2.63e-05    -  1.00e+00 1.00e+00h  1
  35  2.3461137e+00 0.00e+00 2.14e-05  -6.0 2.63e-05    -  1.00e+00 1.00e+00h  1
  36  2.3461137e+00 0.00e+00 2.14e-05  -6.0 2.63e-05    -  1.00e+00 1.00e+00h  1
  37  2.3461137e+00 0.00e+00 2.14e-05  -6.0 2.63e-05    -  1.00e+00 1.00e+00h  1
  38  2.3461137e+00 0.00e+00 2.14e-05  -6.0 2.63e-05    -  1.00e+00 1.00e+00h  1
  39  2.3461137e+00 0.00e+00 2.14e-05  -6.0 2.63e-05    -  1.00e+00 1.00e+00h  1
iter    objective    inf_pr   inf_du lg(mu)  ||d||  lg(rg) alpha_du alpha_pr  ls
  40  2.3461137e+00 0.00e+00 2.14e-05  -6.0 2.63e-05    -  1.00e+00 1.00e+00h  1
  41  2.3461137e+00 0.00e+00 2.14e-05  -6.0 2.63e-05    -  1.00e+00 1.00e+00h  1
  42  2.3461137e+00 0.00e+00 2.14e-05  -6.0 2.63e-05    -  1.00e+00 1.00e+00h  1
  43  2.3461137e+00 0.00e+00 2.14e-05  -6.0 2.63e-05    -  1.00e+00 1.00e+00h  1
  44  2.3461137e+00 0.00e+00 2.14e-05  -6.0 2.63e-05    -  1.00e+00 1.00e+00f  1
  45  2.3461137e+00 0.00e+00 2.14e-05  -6.0 2.63e-05    -  1.00e+00 1.00e+00f  1
  46  2.3461137e+00 0.00e+00 2.14e-05  -6.0 2.63e-05    -  1.00e+00 1.00e+00h  1
  47  2.3461137e+00 0.00e+00 2.14e-05  -6.0 2.63e-05    -  1.00e+00 1.00e+00f  1
  48  2.3461137e+00 0.00e+00 2.14e-05  -6.0 2.63e-05    -  1.00e+00 1.00e+00h  1
  49  2.3461137e+00 0.00e+00 2.14e-05  -6.0 2.63e-05    -  1.00e+00 1.00e+00h  1
iter    objective    inf_pr   inf_du lg(mu)  ||d||  lg(rg) alpha_du alpha_pr  ls
  50  2.3461137e+00 0.00e+00 2.14e-05  -6.0 2.63e-05    -  1.00e+00 1.00e+00h  1
  51  2.3461137e+00 0.00e+00 2.14e-05  -6.0 2.63e-05    -  1.00e+00 1.00e+00h  1
  52  2.3461137e+00 0.00e+00 2.14e-05  -6.0 2.63e-05    -  1.00e+00 1.00e+00h  1
  53  2.3461137e+00 0.00e+00 2.14e-05  -6.0 2.63e-05    -  1.00e+00 1.00e+00h  1
  54  2.3461137e+00 0.00e+00 2.14e-05  -6.0 2.63e-05    -  1.00e+00 1.00e+00h  1
  55  2.3461137e+00 0.00e+00 2.14e-05  -6.0 2.63e-05    -  1.00e+00 1.00e+00h  1
  56  2.3461137e+00 0.00e+00 2.14e-05  -6.0 2.63e-05    -  1.00e+00 1.00e+00h  1
  57  2.3461137e+00 0.00e+00 2.14e-05  -6.0 2.63e-05    -  1.00e+00 1.00e+00h  1
  58  2.3461137e+00 0.00e+00 2.14e-05  -6.0 2.63e-05    -  1.00e+00 1.00e+00h  1
  59  2.3461137e+00 0.00e+00 2.14e-05  -6.0 2.63e-05    -  1.00e+00 1.00e+00f  1
iter    objective    inf_pr   inf_du lg(mu)  ||d||  lg(rg) alpha_du alpha_pr  ls
  60  2.3461137e+00 0.00e+00 2.14e-05  -6.0 2.63e-05    -  1.00e+00 1.00e+00h  1
  61  2.3461137e+00 0.00e+00 2.14e-05  -6.0 2.63e-05    -  1.00e+00 1.00e+00h  1
  62  2.3461137e+00 0.00e+00 2.14e-05  -6.0 2.63e-05    -  1.00e+00 1.00e+00h  1
  63  2.3461137e+00 0.00e+00 2.14e-05  -6.0 2.63e-05    -  1.00e+00 1.00e+00f  1
  64  2.3461137e+00 0.00e+00 2.14e-05  -6.0 2.63e-05    -  1.00e+00 1.00e+00h  1
  65  2.3461137e+00 0.00e+00 2.14e-05  -6.0 2.63e-05    -  1.00e+00 1.00e+00h  1
  66  2.3461137e+00 0.00e+00 2.14e-05  -6.0 2.63e-05    -  1.00e+00 1.00e+00h  1
  67  2.3461137e+00 0.00e+00 2.14e-05  -6.0 2.63e-05    -  1.00e+00 1.00e+00h  1
  68  2.3461137e+00 0.00e+00 2.14e-05  -6.0 2.63e-05    -  1.00e+00 1.00e+00f  1
  69  2.3461137e+00 0.00e+00 2.14e-05  -6.0 2.63e-05    -  1.00e+00 1.00e+00h  1
iter    objective    inf_pr   inf_du lg(mu)  ||d||  lg(rg) alpha_du alpha_pr  ls
  70  2.3461137e+00 0.00e+00 2.14e-05  -6.0 2.63e-05    -  1.00e+00 1.00e+00h  1
  71  2.3461137e+00 0.00e+00 2.14e-05  -6.0 2.63e-05    -  1.00e+00 1.00e+00f  1
  72  2.3461137e+00 0.00e+00 2.14e-05  -6.0 2.63e-05    -  1.00e+00 1.00e+00h  1
  73  2.3461137e+00 0.00e+00 2.14e-05  -6.0 2.63e-05    -  1.00e+00 1.00e+00h  1
  74  2.3461137e+00 0.00e+00 2.14e-05  -6.0 2.63e-05    -  1.00e+00 1.00e+00f  1
  75  2.3461137e+00 0.00e+00 2.14e-05  -6.0 2.63e-05    -  1.00e+00 1.00e+00h  1
  76  2.3461137e+00 0.00e+00 2.14e-05  -6.0 2.63e-05    -  1.00e+00 1.00e+00h  1
  77  2.3461137e+00 0.00e+00 2.14e-05  -6.0 2.63e-05    -  1.00e+00 1.00e+00h  1
  78  2.3461137e+00 0.00e+00 2.14e-05  -6.0 2.63e-05    -  1.00e+00 1.00e+00h  1
  79  2.3461137e+00 0.00e+00 2.14e-05  -6.0 2.63e-05    -  1.00e+00 1.00e+00h  1
iter    objective    inf_pr   inf_du lg(mu)  ||d||  lg(rg) alpha_du alpha_pr  ls
  80  2.3461137e+00 0.00e+00 2.14e-05  -6.0 2.63e-05    -  1.00e+00 1.00e+00h  1
  81  2.3461137e+00 0.00e+00 2.14e-05  -6.0 2.63e-05    -  1.00e+00 1.00e+00f  1
  82  2.3461137e+00 0.00e+00 2.14e-05  -6.0 2.63e-05    -  1.00e+00 1.00e+00h  1
  83  2.3461137e+00 0.00e+00 2.14e-05  -6.0 2.63e-05    -  1.00e+00 1.00e+00h  1
  84  2.3461137e+00 0.00e+00 2.14e-05  -6.0 2.63e-05    -  1.00e+00 1.00e+00h  1
  85  2.3461137e+00 0.00e+00 2.14e-05  -6.0 2.63e-05    -  1.00e+00 1.00e+00f  1
  86  2.3461137e+00 0.00e+00 2.14e-05  -6.0 2.63e-05    -  1.00e+00 1.00e+00h  1
  87  2.3461137e+00 0.00e+00 2.14e-05  -6.0 2.63e-05    -  1.00e+00 1.00e+00h  1
  88  2.3461137e+00 0.00e+00 2.14e-05  -6.0 2.63e-05    -  1.00e+00 1.00e+00h  1
  89  2.3461137e+00 0.00e+00 2.14e-05  -6.0 2.63e-05    -  1.00e+00 1.00e+00h  1
iter    objective    inf_pr   inf_du lg(mu)  ||d||  lg(rg) alpha_du alpha_pr  ls
  90  2.3461137e+00 0.00e+00 2.14e-05  -6.0 2.63e-05    -  1.00e+00 1.00e+00h  1
  91  2.3461137e+00 0.00e+00 2.14e-05  -6.0 2.63e-05    -  1.00e+00 1.00e+00h  1
  92  2.3461137e+00 0.00e+00 2.14e-05  -6.0 2.63e-05    -  1.00e+00 1.00e+00h  1
  93  2.3461137e+00 0.00e+00 2.14e-05  -6.0 2.63e-05    -  1.00e+00 1.00e+00f  1
  94  2.3461137e+00 0.00e+00 2.14e-05  -6.0 2.63e-05    -  1.00e+00 1.00e+00h  1
  95  2.3461137e+00 0.00e+00 2.14e-05  -6.0 2.63e-05    -  1.00e+00 1.00e+00f  1
  96  2.3461137e+00 0.00e+00 2.14e-05  -6.0 2.63e-05    -  1.00e+00 1.00e+00f  1
  97  2.3461137e+00 0.00e+00 2.14e-05  -6.0 2.63e-05    -  1.00e+00 1.00e+00h  1
  98  2.3461137e+00 0.00e+00 2.14e-05  -6.0 2.63e-05    -  1.00e+00 1.00e+00f  1
  99  2.3461137e+00 0.00e+00 2.14e-05  -6.0 2.63e-05    -  1.00e+00 1.00e+00h  1
iter    objective    inf_pr   inf_du lg(mu)  ||d||  lg(rg) alpha_du alpha_pr  ls
 100  2.3461137e+00 0.00e+00 2.14e-05  -6.0 2.63e-05    -  1.00e+00 1.00e+00h  1
 101  2.3461137e+00 0.00e+00 2.14e-05  -6.0 2.63e-05    -  1.00e+00 1.00e+00h  1
 102  2.3461137e+00 0.00e+00 2.14e-05  -6.0 2.63e-05    -  1.00e+00 1.00e+00f  1
 103  2.3461136e+00 0.00e+00 2.14e-05  -6.0 2.63e-05    -  1.00e+00 1.00e+00h  1
 104  2.3461136e+00 0.00e+00 2.14e-05  -6.0 2.63e-05    -  1.00e+00 1.00e+00h  1
 105  2.3461136e+00 0.00e+00 2.14e-05  -6.0 2.63e-05    -  1.00e+00 1.00e+00h  1
 106  2.3461136e+00 0.00e+00 2.14e-05  -6.0 2.63e-05    -  1.00e+00 1.00e+00h  1
 107  2.3461136e+00 0.00e+00 2.14e-05  -6.0 2.63e-05    -  1.00e+00 1.00e+00f  1
 108  2.3461136e+00 0.00e+00 2.14e-05  -6.0 2.63e-05    -  1.00e+00 1.00e+00h  1
 109  2.3461136e+00 0.00e+00 2.14e-05  -6.0 2.63e-05    -  1.00e+00 1.00e+00f  1
iter    objective    inf_pr   inf_du lg(mu)  ||d||  lg(rg) alpha_du alpha_pr  ls
 110  2.3461136e+00 0.00e+00 2.14e-05  -6.0 2.63e-05    -  1.00e+00 1.00e+00h  1
 111  2.3461136e+00 0.00e+00 2.14e-05  -6.0 2.63e-05    -  1.00e+00 1.00e+00h  1
 112  2.3461136e+00 0.00e+00 2.14e-05  -6.0 2.63e-05    -  1.00e+00 1.00e+00h  1
 113  2.3461136e+00 0.00e+00 2.14e-05  -6.0 2.63e-05    -  1.00e+00 1.00e+00h  1
 114  2.3461136e+00 0.00e+00 2.14e-05  -6.0 2.63e-05    -  1.00e+00 1.00e+00f  1
 115  2.3461136e+00 0.00e+00 2.14e-05  -6.0 2.63e-05    -  1.00e+00 1.00e+00h  1
 116  2.3461136e+00 0.00e+00 2.14e-05  -6.0 2.63e-05    -  1.00e+00 1.00e+00f  1
 117  2.3461136e+00 0.00e+00 2.14e-05  -6.0 2.63e-05    -  1.00e+00 1.00e+00h  1
 118  2.3461136e+00 0.00e+00 2.14e-05  -6.0 2.63e-05    -  1.00e+00 1.00e+00h  1
 119  2.3461136e+00 0.00e+00 2.14e-05  -6.0 2.63e-05    -  1.00e+00 1.00e+00h  1
iter    objective    inf_pr   inf_du lg(mu)  ||d||  lg(rg) alpha_du alpha_pr  ls
 120  2.3461136e+00 0.00e+00 2.14e-05  -6.0 2.63e-05    -  1.00e+00 1.00e+00f  1
 121  2.3461136e+00 0.00e+00 2.14e-05  -6.0 2.63e-05    -  1.00e+00 1.00e+00h  1
 122  2.3461136e+00 0.00e+00 2.14e-05  -6.0 2.63e-05    -  1.00e+00 1.00e+00f  1
 123  2.3461136e+00 0.00e+00 2.14e-05  -6.0 2.63e-05    -  1.00e+00 1.00e+00f  1
 124  2.3461136e+00 0.00e+00 2.14e-05  -6.0 2.63e-05    -  1.00e+00 1.00e+00h  1
 125  2.3461136e+00 0.00e+00 2.14e-05  -6.0 2.63e-05    -  1.00e+00 1.00e+00h  1
 126  2.3461136e+00 0.00e+00 2.14e-05  -6.0 2.63e-05    -  1.00e+00 1.00e+00f  1
 127  2.3461136e+00 0.00e+00 2.14e-05  -6.0 2.63e-05    -  1.00e+00 1.00e+00f  1
 128  2.3461136e+00 0.00e+00 2.14e-05  -6.0 2.63e-05    -  1.00e+00 1.00e+00f  1
 129  2.3461136e+00 0.00e+00 2.14e-05  -6.0 2.63e-05    -  1.00e+00 1.00e+00h  1
iter    objective    inf_pr   inf_du lg(mu)  ||d||  lg(rg) alpha_du alpha_pr  ls
 130  2.3461136e+00 0.00e+00 2.14e-05  -6.0 2.63e-05    -  1.00e+00 1.00e+00h  1
 131  2.3461136e+00 0.00e+00 2.14e-05  -6.0 2.63e-05    -  1.00e+00 1.00e+00f  1
 132  2.3461136e+00 0.00e+00 2.14e-05  -6.0 2.63e-05    -  1.00e+00 1.00e+00h  1
 133  2.3461136e+00 0.00e+00 2.14e-05  -6.0 2.63e-05    -  1.00e+00 1.00e+00f  1
 134  2.3461136e+00 0.00e+00 2.14e-05  -6.0 2.63e-05    -  1.00e+00 1.00e+00h  1
 135  2.3461136e+00 0.00e+00 2.14e-05  -6.0 2.63e-05    -  1.00e+00 1.00e+00h  1
 136  2.3461136e+00 0.00e+00 2.14e-05  -6.0 2.63e-05    -  1.00e+00 1.00e+00h  1
 137  2.3461136e+00 0.00e+00 2.14e-05  -6.0 2.63e-05    -  1.00e+00 1.00e+00h  1
 138  2.3461136e+00 0.00e+00 2.14e-05  -6.0 2.63e-05    -  1.00e+00 1.00e+00h  1
 139  2.3461136e+00 0.00e+00 2.14e-05  -6.0 2.63e-05    -  1.00e+00 1.00e+00h  1
iter    objective    inf_pr   inf_du lg(mu)  ||d||  lg(rg) alpha_du alpha_pr  ls
 140  2.3461136e+00 0.00e+00 2.14e-05  -6.0 2.63e-05    -  1.00e+00 1.00e+00f  1
 141  2.3461136e+00 0.00e+00 2.14e-05  -6.0 2.63e-05    -  1.00e+00 1.00e+00f  1
 142  2.3461136e+00 0.00e+00 2.14e-05  -6.0 2.63e-05    -  1.00e+00 1.00e+00h  1
 143  2.3461136e+00 0.00e+00 2.14e-05  -6.0 2.63e-05    -  1.00e+00 1.00e+00h  1
 144  2.3461136e+00 0.00e+00 2.14e-05  -6.0 2.63e-05    -  1.00e+00 1.00e+00h  1
 145  2.3461136e+00 0.00e+00 2.14e-05  -6.0 2.63e-05    -  1.00e+00 1.00e+00h  1
 146  2.3461136e+00 0.00e+00 2.14e-05  -6.0 2.63e-05    -  1.00e+00 1.00e+00h  1
 147  2.3461136e+00 0.00e+00 2.14e-05  -6.0 2.63e-05    -  1.00e+00 1.00e+00h  1
 148  2.3461136e+00 0.00e+00 2.14e-05  -6.0 2.63e-05    -  1.00e+00 1.00e+00h  1
 149  2.3461136e+00 0.00e+00 2.14e-05  -6.0 2.63e-05    -  1.00e+00 1.00e+00f  1
iter    objective    inf_pr   inf_du lg(mu)  ||d||  lg(rg) alpha_du alpha_pr  ls
 150  2.3461136e+00 0.00e+00 2.14e-05  -6.0 2.63e-05    -  1.00e+00 1.00e+00h  1
 151  2.3461136e+00 0.00e+00 2.14e-05  -6.0 2.63e-05    -  1.00e+00 1.00e+00h  1
 152  2.3461136e+00 0.00e+00 2.14e-05  -6.0 2.63e-05    -  1.00e+00 1.00e+00h  1
 153  2.3461136e+00 0.00e+00 2.14e-05  -6.0 2.63e-05    -  1.00e+00 1.00e+00h  1
 154  2.3461136e+00 0.00e+00 2.14e-05  -6.0 2.63e-05    -  1.00e+00 1.00e+00h  1
 155  2.3461136e+00 0.00e+00 2.14e-05  -6.0 2.63e-05    -  1.00e+00 1.00e+00h  1
 156  2.3461136e+00 0.00e+00 2.14e-05  -6.0 2.63e-05    -  1.00e+00 1.00e+00h  1
 157  2.3461136e+00 0.00e+00 2.14e-05  -6.0 2.63e-05    -  1.00e+00 1.00e+00h  1
 158  2.3461136e+00 0.00e+00 2.14e-05  -6.0 2.63e-05    -  1.00e+00 1.00e+00h  1
 159  2.3461136e+00 0.00e+00 2.14e-05  -6.0 2.63e-05    -  1.00e+00 1.00e+00h  1
iter    objective    inf_pr   inf_du lg(mu)  ||d||  lg(rg) alpha_du alpha_pr  ls
 160  2.3461136e+00 0.00e+00 2.14e-05  -6.0 2.63e-05    -  1.00e+00 1.00e+00f  1
 161  2.3461136e+00 0.00e+00 2.14e-05  -6.0 2.63e-05    -  1.00e+00 1.00e+00f  1
 162  2.3461136e+00 0.00e+00 2.14e-05  -6.0 2.63e-05    -  1.00e+00 1.00e+00f  1
 163  2.3461136e+00 0.00e+00 2.14e-05  -6.0 2.63e-05    -  1.00e+00 1.00e+00h  1
 164  2.3461136e+00 0.00e+00 2.14e-05  -6.0 2.63e-05    -  1.00e+00 1.00e+00h  1
 165  2.3461136e+00 0.00e+00 2.14e-05  -6.0 2.63e-05    -  1.00e+00 1.00e+00f  1
 166  2.3461136e+00 0.00e+00 2.14e-05  -6.0 2.63e-05    -  1.00e+00 1.00e+00f  1
 167  2.3461136e+00 0.00e+00 2.14e-05  -6.0 2.63e-05    -  1.00e+00 1.00e+00f  1
 168  2.3461136e+00 0.00e+00 2.14e-05  -6.0 2.63e-05    -  1.00e+00 1.00e+00f  1
 169  2.3461136e+00 0.00e+00 2.14e-05  -6.0 2.63e-05    -  1.00e+00 1.00e+00h  1
iter    objective    inf_pr   inf_du lg(mu)  ||d||  lg(rg) alpha_du alpha_pr  ls
 170  2.3461136e+00 0.00e+00 2.14e-05  -6.0 2.63e-05    -  1.00e+00 1.00e+00h  1
 171  2.3461136e+00 0.00e+00 2.14e-05  -6.0 2.63e-05    -  1.00e+00 1.00e+00h  1
 172  2.3461136e+00 0.00e+00 2.14e-05  -6.0 2.63e-05    -  1.00e+00 1.00e+00h  1
 173  2.3461136e+00 0.00e+00 2.14e-05  -6.0 2.63e-05    -  1.00e+00 1.00e+00f  1
 174  2.3461136e+00 0.00e+00 2.14e-05  -6.0 2.63e-05    -  1.00e+00 1.00e+00f  1
 175  2.3461136e+00 0.00e+00 2.14e-05  -6.0 2.63e-05    -  1.00e+00 1.00e+00h  1
 176  2.3461136e+00 0.00e+00 2.14e-05  -6.0 2.63e-05    -  1.00e+00 1.00e+00f  1
 177  2.3461136e+00 0.00e+00 2.14e-05  -6.0 2.63e-05    -  1.00e+00 1.00e+00h  1
 178  2.3461136e+00 0.00e+00 2.14e-05  -6.0 2.63e-05    -  1.00e+00 1.00e+00f  1
 179  2.3461136e+00 0.00e+00 2.14e-05  -6.0 2.63e-05    -  1.00e+00 1.00e+00h  1
iter    objective    inf_pr   inf_du lg(mu)  ||d||  lg(rg) alpha_du alpha_pr  ls
 180  2.3461136e+00 0.00e+00 2.14e-05  -6.0 2.63e-05    -  1.00e+00 1.00e+00f  1
 181  2.3461136e+00 0.00e+00 2.14e-05  -6.0 2.63e-05    -  1.00e+00 1.00e+00f  1
 182  2.3461136e+00 0.00e+00 2.14e-05  -6.0 2.63e-05    -  1.00e+00 1.00e+00h  1
 183  2.3461136e+00 0.00e+00 2.14e-05  -6.0 2.63e-05    -  1.00e+00 1.00e+00h  1
 184  2.3461136e+00 0.00e+00 2.14e-05  -6.0 2.63e-05    -  1.00e+00 1.00e+00h  1
 185  2.3461136e+00 0.00e+00 2.14e-05  -6.0 2.63e-05    -  1.00e+00 1.00e+00h  1
 186  2.3461136e+00 0.00e+00 2.14e-05  -6.0 2.63e-05    -  1.00e+00 1.00e+00h  1
 187  2.3461136e+00 0.00e+00 2.14e-05  -6.0 2.63e-05    -  1.00e+00 1.00e+00f  1
 188  2.3461136e+00 0.00e+00 2.14e-05  -6.0 2.63e-05    -  1.00e+00 1.00e+00h  1
 189  2.3461136e+00 0.00e+00 2.14e-05  -6.0 2.63e-05    -  1.00e+00 1.00e+00h  1
iter    objective    inf_pr   inf_du lg(mu)  ||d||  lg(rg) alpha_du alpha_pr  ls
 190  2.3461136e+00 0.00e+00 2.14e-05  -6.0 2.63e-05    -  1.00e+00 1.00e+00h  1
 191  2.3461136e+00 0.00e+00 2.14e-05  -6.0 2.63e-05    -  1.00e+00 1.00e+00f  1
 192  2.3461136e+00 0.00e+00 2.14e-05  -6.0 2.63e-05    -  1.00e+00 1.00e+00f  1
 193  2.3461136e+00 0.00e+00 2.14e-05  -6.0 2.63e-05    -  1.00e+00 1.00e+00h  1
 194  2.3461136e+00 0.00e+00 2.14e-05  -6.0 2.63e-05    -  1.00e+00 1.00e+00f  1
 195  2.3461136e+00 0.00e+00 2.14e-05  -6.0 2.63e-05    -  1.00e+00 1.00e+00f  1
 196  2.3461136e+00 0.00e+00 2.14e-05  -6.0 2.63e-05    -  1.00e+00 1.00e+00h  1
 197  2.3461136e+00 0.00e+00 2.14e-05  -6.0 2.63e-05    -  1.00e+00 1.00e+00h  1
 198  2.3461136e+00 0.00e+00 2.14e-05  -6.0 2.63e-05    -  1.00e+00 1.00e+00h  1
 199  2.3461136e+00 0.00e+00 2.14e-05  -6.0 2.63e-05    -  1.00e+00 1.00e+00h  1
iter    objective    inf_pr   inf_du lg(mu)  ||d||  lg(rg) alpha_du alpha_pr  ls
 200  2.3461136e+00 0.00e+00 2.14e-05  -6.0 2.63e-05    -  1.00e+00 1.00e+00h  1

Number of Iterations....: 200

                                   (scaled)                 (unscaled)
Objective...............:   2.3461135708552194e+00    2.3461135708552194e+00
Dual infeasibility......:   2.1359944732148302e-05    2.1359944732148302e-05
Constraint violation....:   0.0000000000000000e+00    0.0000000000000000e+00
Variable bound violation:   0.0000000000000000e+00    0.0000000000000000e+00
Complementarity.........:   9.0909090909090936e-07    9.0909090909090936e-07
Overall NLP error.......:   2.1359944732148302e-05    2.1359944732148302e-05


Number of objective function evaluations             = 201
Number of objective gradient evaluations             = 201
Number of equality constraint evaluations            = 0
Number of inequality constraint evaluations          = 201
Number of equality constraint Jacobian evaluations   = 0
Number of inequality constraint Jacobian evaluations = 201
Number of Lagrangian Hessian evaluations             = 0
Total seconds in IPOPT                               = 8.908

EXIT: Maximum Number of Iterations Exceeded.
OPTIMIZATION FAILED
fStar None
totalTime 29.346566200256348
averageTime 2.9346566200256348
number of optimizations 10
Traceback (most recent call last):
  File "/home/ggs24/repos/magiccvs/radar_detection_estimation/main.py", line 234, in <module>
    main()
  File "/home/ggs24/repos/magiccvs/radar_detection_estimation/main.py", line 218, in main
    lowPriorityPathPlanner.update_path(multipleEmitterOnlineLocationAndPowerEstimator.estimated_emmiter_params, multipleEmitterOnlineLocationAndPowerEstimator.estimated_emmiter_params_covariances, probabilityOfDetectionMap, agentList, currentNumberOfMeasurements,multipleEmitterOnlineLocationAndPowerEstimator.measurement_locations ,dt,allAgentCurrentPositions)
  File "/home/ggs24/repos/magiccvs/radar_detection_estimation/pathPlanning.py", line 233, in update_path
    self.bestMeasurementLocList = self.optimize_next_best_measurement_waypoint(agentList, estimatedRadarParamsList, estimatedRadarParamsCovList, probabilityOfDetectionMap, measurementLocations, allAgentesCurrentPos)
  File "/home/ggs24/repos/magiccvs/radar_detection_estimation/pathPlanning.py", line 556, in optimize_next_best_measurement_waypoint
    bestMeasurementLocList.append(waypoints[2*index:2*index+2])
TypeError: 'NoneType' object is not subscriptable
